Compound_id,drug_name,canonical_smiles,inchi_key,LogS (aqueous solubility),LogD,LogP,Pgp-inh,Pgp-sub,HIA,F(20%),F(30%),Caco-2,MDCK,BBB,PPB,VDss,Fu,CYP1A2-inh,CYP1A2-sub,CYP2C19-inh,CYP2C19-sub,CYP2C9-inh,CYP2C9-sub,CYP2D6-inh,CYP2D6-sub,CYP3A4-inh,CYP3A4-sub,CL,T12,hERG,H-HT,DILI,Ames,ROA,FDAMDD,SkinSen,Carcinogenicity,EC,EI,Respiratory,BCF,IGC50,LC50,LC50DM,NR-AR,NR-AR-LBD,NR-AhR,NR-Aromatase,NR-ER,NR-ER-LBD,NR-PPAR-gamma,SR-ARE,SR-ATAD5,SR-HSE,SR-MMP,SR-p53,MW,Vol,Dense,nHA,nHD,TPSA,nRot,nRing,MaxRing,nHet,fChar,nRig,Flex,nStereo,NonBiodegradable,NonGenotoxic_Carcinogenicity,SureChEMBL,LD50_oral,Skin_Sensitization,Acute_Aquatic_Toxicity,Toxicophores,Genotoxic_Carcinogenicity_Mutagenicity,QED,Synth,Fsp3,MCE-18,Natural Product-likeness,Alarm_NMR,BMS,Chelating,PAINS,Lipinski,Pfizer,GSK,GoldenTriangle,0,Molecule,Canonical SMILES,Formula,MW,#Heavy atoms,#Aromatic heavy atoms,Fraction Csp3,#Rotatable bonds,#H-bond acceptors,#H-bond donors,MR,TPSA,iLOGP,XLOGP3,WLOGP,MLOGP,Silicos-IT Log P,Consensus Log P,ESOL Log S,ESOL Solubility (mg/ml),ESOL Solubility (mol/l),ESOL Class,Ali Log S,Ali Solubility (mg/ml),Ali Solubility (mol/l),Ali Class,Silicos-IT LogSw,Silicos-IT Solubility (mg/ml),Silicos-IT Solubility (mol/l),Silicos-IT class,GI absorption,BBB permeant,Pgp substrate,CYP1A2 inhibitor,CYP2C19 inhibitor,CYP2C9 inhibitor,CYP2D6 inhibitor,CYP3A4 inhibitor,log Kp (cm/s),Lipinski #violations,Ghose #violations,Veber #violations,Egan #violations,Muegge #violations,Bioavailability Score,PAINS #alerts,Brenk #alerts,Leadlikeness #violations,Synthetic Accessibility,Hepatotoxicity,Neurotoxicity,Nephrotoxicity,Respiratory Toxicity,Cardiotoxicity,Carcinogenicity,Immunotoxicity,Mutagenicity,Cytotoxicity,BBB,Ecotoxicity,Clinical toxicity,Nutritional toxicity,Aryl hydrocarbon Receptor (AhR),Androgen Receptor (AR),Androgen Receptor Ligand Binding Domain (AR-LBD),Aromatasen,Estrogen Receptor Alpha (ER),Estrogen Receptor Ligand Binding Domain (ER-LBD),Peroxisome Proliferator Activated Receptor Gamma (PPAR-Gamma),Nuclear factor (erythroid-derived 2)-like 2/antioxidant responsive element (nrf2/ARE),Heat shock factor response element (HSE),Mitochondrial Membrane Potential (MMP),Phosphoprotein (Tumor Supressor) p53,ATPase family AAA domain-containing protein 5 (ATAD5),Thyroid hormone receptor alpha (THR?),Thyroid hormone receptor beta (THR?),Transtyretrin (TTR),Ryanodine receptor (RYR),GABA receptor (GABAR),Glutamate N-methyl-D-aspartate receptor (NMDAR), alpha-amino-3-hydroxy-5-methyl-4-isoxazolepropionate receptor (AMPAR),Kainate receptor (KAR),Achetylcholinesterase (AChE),Constitutive androstane receptor (CAR),Pregnane X receptor (PXR),NADH-quinone oxidoreductase (NADHOX),Voltage gated sodium channel (VGSC),Na+/I- symporter (NIS),Cytochrome CYP1A2CYP1A2,Cytochrome CYP2C19CYP2C19 ,Cytochrome CYP2C9CYP2C9,Cytochrome CYP2D6CYP2D6,Cytochrome CYP3A4CYP3A4,Cytochrome CYP2E1CYP2E1
S1060,Olaparib (AZD2281),FC1=C(C=C(CC2=NNC(=O)C3=C2C=CC=C3)C=C1)C(=O)N4CCN(CC4)C(=O)C5CC5,,-4.75,2.183,2.223,0.95,0.971,0.277,0.004,0.029,-5.195,0.0000123,0.138,0.9295,1.31,0.0441,0.068,0.179,0.661,0.23,0.881,0.912,0.091,0.869,0.875,0.511,3.522,0.306,0.449,0.928,0.763,0.01,0.943,0.36,0.081,0.232,0.003,0.01,0.182,0.486,2.268,2.976,5.327,0.43,0.294,0.172,0.024,0.26,0.038,0.338,0.705,0.008,0.06,0.094,0.042,434.18,430.939,1.008,7,1,86.37,6,5,10,8,0,29,0.207,0,1,1,0,0,0,1,0,0,0.683,2.369,0.333,65.812,-1.608,0,0,0,0,Accepted,Accepted,Rejected,Accepted,0,Molecule 1,O=C(N1CCN(CC1)C(=O)c1cc(ccc1F)Cc1n[nH]c(=O)c2c1cccc2)C1CC1,C24H23FN4O3,434.46,32,16,0.33,6,5,1,125.21,86.37,2.84,1.9,1.94,3.09,4.14,2.78,-3.7,0.0858,0.000197,Soluble,-3.34,0.2,0.000461,Soluble,-6.61,0.000108,0.000000248,Poorly soluble,High,No,Yes,No,Yes,Yes,Yes,Yes,-7.6,0,0,0,0,0,0.55,0,0,1,3.15,0.62,0.77,0.68,0.89,0.8,0.57,0.95,0.54,0.65,0.85,0.52,0.71,0.71,0.86,0.98,0.98,0.94,0.89,0.97,0.98,0.91,0.91,0.81,0.87,0.94,0.83,0.74,0.95,0.76,0.52,0.91,0.98,1,0.58,0.99,0.63,0.97,0.71,0.95,0.86,0.64,0.7,0.53,0.59,0.99
S1168,Valproic Acid (NSC 93819) sodium salt,CCCC(CCC)C(=O)O[Na],,-0.572,-0.054,1.095,0.001,0.001,0.003,0.004,0.024,-4.261,0.0000334,0.996,0.7289,0.655,0.3139,0.053,0.578,0.038,0.892,0.086,0.939,0.007,0.102,0.006,0.091,2.791,0.683,0.032,0.815,0.046,0.02,0.134,0.012,0.624,0.289,0.975,0.99,0.234,0.562,3.142,3.393,3.78,0.814,0.008,0.007,0.005,0.128,0.01,0.04,0.025,0.006,0.12,0.006,0.005,143.11,160.55,0.891,2,0,40.13,5,0,0,2,-1,1,5,0,0,0,0,0,0,0,0,0,0.575,2.986,0.875,0,-0.082,0,0,0,0,Accepted,Accepted,Accepted,Rejected,0,Molecule 42,CCCC(C(=O)O[Na])CCC,C8H15NaO2,166.19,11,0,0.88,6,2,0,40.8,26.3,0,2.94,2.21,1.96,0.58,1.54,-2.33,0.783,0.00471,Soluble,-3.15,0.116,0.000701,Soluble,-2.08,1.39,0.00834,Soluble,High,Yes,No,No,No,No,No,No,-5.23,0,0,0,0,1,0.55,0,0,1,2.03,0.57,0.85,0.55,0.88,0.8,0.69,0.99,0.84,0.71,0.97,0.65,0.78,0.83,0.99,0.99,0.96,0.99,0.99,0.96,0.85,0.79,0.79,0.93,0.93,0.99,0.7,0.62,0.68,0.94,0.62,0.94,0.99,1,0.81,0.99,0.57,0.51,0.9,0.96,0.83,0.92,0.59,0.83,0.97,0.99
S1188,Anastrozole (ZD-1033),CC(C)(C#N)C1=CC(=CC(=C1)C[N]2C=NC=N2)C(C)(C)C#N,,-2.482,1.933,1.718,0.976,0.023,0.008,0.004,0.003,-5.006,0.0000285,0.027,0.4376,1.18,0.6173,0.614,0.541,0.772,0.067,0.804,0.347,0.278,0.073,0.912,0.556,4.332,0.808,0.021,0.848,0.948,0.011,0.953,0.957,0.925,0.78,0.943,0.829,0.992,0.977,2.147,4.913,2.041,0.015,0.008,0.118,0.983,0.049,0.005,0.045,0.665,0.005,0.022,0.161,0.017,293.16,316.731,0.926,5,0,78.29,4,2,6,5,0,13,0.308,0,0,0,0,0,0,0,2,0,0.868,2.878,0.412,16,-1.326,0,0,0,0,Accepted,Accepted,Accepted,Accepted,0,Molecule 2,N#CC(c1cc(cc(c1)C(C#N)(C)C)Cn1ncnc1)(C)C,C17H19N5,293.37,22,11,0.41,4,4,0,83.81,78.29,2.25,2.03,2.93,1.71,2.85,2.35,-3.04,0.265,0.000904,Soluble,-3.3,0.146,0.000499,Soluble,-4.77,0.00498,0.000017,Moderately soluble,High,Yes,No,No,No,Yes,No,No,-6.65,0,0,0,0,0,0.55,0,0,0,2.21,0.65,0.78,0.94,0.67,0.9,0.51,0.97,0.62,0.77,0.9,0.81,0.58,0.61,0.89,0.99,0.99,1,0.97,0.99,0.99,0.97,0.97,0.92,0.98,0.99,0.95,0.85,0.87,0.94,0.62,0.95,1,1,0.71,1,0.63,0.95,0.78,0.93,0.84,0.77,0.6,0.57,0.6,0.84
S1193,Thalidomide (K17),O=C1CCC(N2C(=O)C3=C(C=CC=C3)C2=O)C(=O)N1,,-2.535,0.36,0.36,0.008,0.003,0.013,0.047,0.329,-4.778,0.0000423,0.997,0.6033,0.223,0.4782,0.026,0.487,0.103,0.103,0.046,0.942,0.443,0.195,0.024,0.694,1.309,0.65,0.006,0.233,0.898,0.02,0.679,0.015,0.298,0.016,0.003,0.02,0.017,0.263,3.003,3.196,3.708,0.378,0.016,0.075,0.012,0.271,0.006,0.004,0.15,0.006,0.006,0.025,0.006,258.06,246.434,1.047,6,1,83.55,1,3,9,6,0,20,0.05,1,0,0,0,0,3,0,0,0,0.723,2.597,0.231,57.375,-0.237,1,0,0,0,Accepted,Accepted,Accepted,Accepted,0,Molecule 12,O=C1CCC(C(=O)N1)N1C(=O)c2c(C1=O)cccc2,C13H10N2O4,258.23,19,6,0.23,1,4,1,70.95,83.55,1.28,0.33,-0.67,0.87,1.02,0.57,-1.82,3.94,0.0153,Very soluble,-1.65,5.81,0.0225,Very soluble,-3.05,0.229,0.000885,Soluble,High,No,No,No,No,No,No,No,-7.64,0,1,0,0,0,0.55,0,1,0,2.17,0.71,0.88,0.64,0.84,0.83,0.64,0.98,0.72,0.73,0.99,0.66,0.79,0.57,0.95,0.99,0.99,0.97,0.98,0.99,0.97,0.98,0.98,0.96,0.96,0.98,0.88,0.77,0.7,0.91,0.68,0.95,0.94,0.98,0.81,0.99,0.67,0.97,0.72,0.79,0.93,0.96,0.72,0.77,0.92,0.99
S1196,Exemestane (FCE 24304),CC12CCC3C(CC(=C)C4=CC(=O)C=CC34C)C1CCC2=O,,-4.896,3.206,2.686,0.968,0,0.005,0.002,0.001,-4.855,0.000018,0.048,0.9163,1.62,0.0365,0.432,0.696,0.771,0.834,0.56,0.162,0.894,0.098,0.827,0.857,15.805,0.728,0.04,0.619,0.029,0.014,0.285,0.903,0.355,0.916,0.003,0.012,0.969,0.556,3.387,3.751,4.166,0.895,0.955,0.004,0.753,0.325,0.844,0.197,0.955,0.251,0.812,0.732,0.878,296.18,324.648,0.912,2,0,34.14,0,4,17,2,0,23,0,5,1,1,0,0,4,3,1,1,0.676,4.305,0.6,65.625,2.526,1,0,0,0,Accepted,Accepted,Accepted,Accepted,0,Molecule 3,O=C1C=CC2(C(=C1)C(=C)CC1C2CCC2(C1CCC2=O)C)C,C20H24O2,296.4,22,0,0.6,0,2,0,88.26,34.14,2.8,3.07,4.03,3.55,4.12,3.51,-3.61,0.0725,0.000244,Soluble,-3.45,0.104,0.000352,Soluble,-4.09,0.0239,0.0000807,Moderately soluble,High,Yes,No,No,Yes,Yes,No,No,-5.93,0,0,0,0,0,0.55,0,0,0,5.03,0.54,0.77,0.93,0.9,0.78,0.55,0.98,0.95,0.75,0.97,0.55,0.56,0.54,1,1,1,1,1,0.89,1,0.93,0.93,0.98,0.92,1,0.69,0.97,0.71,0.92,0.74,0.99,1,1,0.8,0.99,0.61,0.74,0.95,0.89,0.99,0.81,0.57,0.93,0.68,0.99
S1199,Cladribine (RWJ 26251),NC1=NC(=NC2=C1N=C[N]2C3CC(O)C(CO)O3)Cl,,-1.877,-0.065,-0.946,0.001,0.266,0.018,0.009,0.003,-5.467,0.0000306,0.81,0.1787,6.629,0.6952,0.073,0.919,0.074,0.059,0.007,0.111,0.007,0.116,0.015,0.168,11.767,0.744,0.022,0.938,0.98,0.048,0.505,0.473,0.097,0.936,0.003,0.019,0.97,0.241,1.771,3.268,4.571,0.001,0.002,0.321,0.467,0.091,0.018,0.025,0.442,0.014,0.012,0.026,0.924,285.06,241.867,1.179,8,4,120.04,2,3,9,9,0,16,0.125,3,2,0,1,0,3,1,2,0,0.556,4.182,0.5,60.067,0.732,0,0,0,0,Accepted,Accepted,Accepted,Accepted,0,Molecule 41,OCC1OC(CC1O)n1cnc2c1nc(Cl)nc2N,C10H12ClN5O3,285.69,19,9,0.5,2,6,3,66.52,119.31,1.53,0.02,-0.61,-0.57,-0.84,-0.09,-1.84,4.11,0.0144,Very soluble,-2.08,2.39,0.00837,Soluble,-1.01,28.2,0.0986,Soluble,High,No,No,No,No,No,No,No,-8.03,0,1,0,0,0,0.55,0,0,0,3.65,0.61,0.95,0.89,0.99,0.83,0.63,0.99,0.82,0.8,0.98,0.57,0.74,0.71,0.99,0.99,0.99,0.81,0.93,0.99,0.9,0.99,0.99,0.98,1,0.91,0.93,0.83,0.8,0.85,0.67,0.92,0.91,0.97,0.69,0.99,0.67,0.93,0.51,0.83,0.95,0.92,0.77,0.72,0.99,0.99
S1209,"Fluorouracil (5-Fluorouracil, 5-FU)",FC1=CNC(=O)NC1=O,,-1.279,-0.283,-0.773,0,0.011,0.988,0.003,0.995,-4.998,0.0000129,0.051,0.1301,0.39,0.7797,0.031,0.978,0.051,0.054,0.01,0.129,0.006,0.038,0.006,0.191,9.342,0.938,0.021,0.867,0.973,0.067,0.936,0.029,0.22,0.081,0.005,0.891,0.07,0.266,1.672,2.63,4.639,0.012,0.001,0.01,0.003,0.065,0.008,0.002,0.024,0.739,0.006,0.006,0.375,130.02,106.916,1.216,4,2,65.72,0,1,6,5,0,8,0,0,1,0,0,0,0,1,0,0,0.483,2.659,0,6,-0.799,0,0,0,0,Accepted,Accepted,Accepted,Rejected,0,Molecule 42,Fc1c[nH]c(=O)[nH]c1=O,C4H3FN2O2,130.08,9,6,0,0,3,2,27.64,65.72,0.44,-0.89,-0.38,-0.32,1.78,0.13,-0.58,34.3,0.264,Very soluble,-0.01,128,0.982,Very soluble,-1.71,2.54,0.0195,Soluble,High,No,No,No,No,No,No,No,-7.73,0,3,0,0,2,0.55,0,0,1,1.52,0.78,0.9,0.51,0.72,0.89,0.85,0.99,0.88,0.93,0.89,0.52,0.61,0.68,0.94,0.99,0.99,0.99,0.98,0.99,0.99,0.99,0.99,0.95,1,1,0.9,0.78,0.97,0.98,0.96,0.92,0.97,0.99,0.78,0.98,0.92,0.97,0.95,0.98,0.81,0.95,0.62,0.77,0.98,0.99
S1235,Letrozole (CGS 20267),N#CC1=CC=C(C=C1)C([N]2C=NC=N2)C3=CC=C(C=C3)C#N,,-4.902,2.066,2.429,0.057,0.001,0.007,0.004,0.002,-4.754,0.0000143,0.023,0.7411,1.413,0.2309,0.383,0.22,0.501,0.064,0.533,0.13,0.048,0.112,0.693,0.578,8.575,0.159,0.767,0.943,0.989,0.122,0.044,0.961,0.774,0.318,0.017,0.664,0.04,0.692,2.996,3.832,2.209,0.008,0.003,0.177,0.985,0.492,0.492,0.386,0.534,0.011,0.01,0.295,0.083,285.1,300.265,0.949,5,0,78.29,3,3,6,5,0,19,0.158,0,0,0,0,0,0,0,2,0,0.741,2.384,0.059,15,-1.166,0,0,0,0,Accepted,Accepted,Accepted,Accepted,0,Molecule 4,N#Cc1ccc(cc1)C(n1cncn1)c1ccc(cc1)C#N,C17H11N5,285.3,22,17,0.06,3,4,0,79.69,78.29,2.2,2.73,2.66,1.49,2.53,2.32,-3.7,0.0566,0.000198,Soluble,-4.03,0.0267,0.0000937,Moderately soluble,-5.29,0.00147,0.00000515,Moderately soluble,High,Yes,No,Yes,Yes,Yes,Yes,No,-6.1,0,0,0,0,0,0.55,0,0,0,2.13,0.51,0.93,0.94,0.78,0.9,0.54,0.99,0.52,0.88,0.91,0.82,0.73,0.73,0.77,0.99,0.99,1,0.95,1,0.99,0.92,0.92,0.94,0.95,0.96,0.98,0.87,0.73,0.97,0.69,0.98,0.99,1,0.81,1,0.65,0.99,0.7,0.88,0.56,0.55,0.58,0.66,0.84,0.69
S1237,Temozolomide (CCRG 81045),CN1N=NC2=C(N=C[N]2C1=O)C(N)=O,,-0.924,-0.617,-0.363,0.458,0.545,0.005,0.01,0.098,-5.108,0.0000121,0.274,0.1856,0.891,0.699,0.023,0.962,0.021,0.06,0.011,0.352,0.007,0.101,0.004,0.201,2.68,0.81,0.015,0.871,0.825,0.052,0.267,0.019,0.058,0.765,0.003,0.08,0.916,0.195,1.297,2.518,2.761,0.002,0.002,0.017,0.003,0.054,0.006,0.003,0.036,0.004,0.004,0.006,0.003,194.06,165.598,1.172,8,2,108.17,1,2,9,8,0,12,0.083,0,0,0,0,0,0,0,1,0,0.56,2.827,0.167,12,-1.631,0,0,0,0,Accepted,Accepted,Accepted,Rejected,0,Molecule 1,NC(=O)c1ncn2c1nnn(c2=O)C,C6H6N6O2,194.15,14,9,0.17,1,5,1,44.4,108.17,1.29,-1.06,-2.08,-0.57,-1.78,-0.84,-0.79,31.8,0.164,Very soluble,-0.72,36.8,0.189,Very soluble,-0.03,181,0.931,Soluble,High,No,No,No,No,No,No,No,-8.24,0,1,0,0,1,0.55,0,0,1,2.35,0.58,0.95,0.65,0.72,0.91,0.5,0.99,0.61,0.8,0.97,0.72,0.62,0.6,0.85,1,0.99,0.98,0.99,0.99,0.98,0.98,0.98,0.96,0.96,0.98,0.93,0.78,0.55,0.95,0.53,0.98,0.95,0.99,0.84,0.99,0.75,0.96,0.75,0.91,0.59,0.94,0.8,0.91,0.86,0.99
S1247,Leflunomide (HWA486),CC1=C(C=NO1)C(=O)NC2=CC=C(C=C2)C(F)(F)F,,-4.269,3.195,2.972,0.006,0.01,0.004,0.001,0.002,-4.599,0.000015,0.689,0.9681,1.226,0.0396,0.95,0.774,0.909,0.269,0.722,0.778,0.455,0.499,0.689,0.253,3.771,0.176,0.091,0.973,0.985,0.257,0.946,0.927,0.332,0.707,0.004,0.05,0.957,1.342,3.322,3.682,5.619,0.268,0.124,0.948,0.642,0.587,0.022,0.734,0.811,0.175,0.112,0.741,0.863,270.06,240.953,1.121,4,1,55.13,4,2,6,7,0,12,0.333,0,1,0,0,0,4,2,1,1,0.911,2.078,0.167,14,-2.042,0,0,0,0,Accepted,Accepted,Accepted,Accepted,0,Molecule 11,O=C(c1cnoc1C)Nc1ccc(cc1)C(F)(F)F,C12H9F3N2O2,270.21,19,11,0.17,4,6,1,60.69,55.13,2.33,2.49,4.22,2.14,2.97,2.83,-3.25,0.153,0.000564,Soluble,-3.29,0.138,0.00051,Soluble,-5.03,0.00252,0.00000933,Moderately soluble,High,Yes,No,Yes,Yes,No,No,No,-6.18,0,0,0,0,0,0.55,0,0,0,2.45,0.85,0.84,0.56,0.57,0.79,0.65,0.99,0.54,0.8,0.91,0.69,0.61,0.52,0.99,0.98,0.99,0.79,0.92,0.96,0.98,0.95,0.95,1,0.92,1,0.9,0.53,0.59,0.94,0.76,0.99,0.99,0.99,0.93,1,0.51,0.91,0.59,0.93,0.54,0.72,0.55,0.68,0.75,0.99
S1256,Rufinamide,NC(=O)C1=C[N](CC2=C(F)C=CC=C2F)N=N1,,-1.921,0.937,0.863,0.003,0.003,0.006,0.016,0.012,-4.627,0.0000297,0.957,0.3818,1.217,0.5666,0.796,0.5,0.408,0.066,0.075,0.586,0.059,0.315,0.024,0.129,8.56,0.088,0.03,0.897,0.962,0.458,0.876,0.373,0.069,0.96,0.003,0.041,0.789,0.647,1.77,2.608,5.263,0.009,0.004,0.064,0.006,0.07,0.009,0.004,0.161,0.005,0.004,0.02,0.004,238.07,213.497,1.115,5,2,73.8,3,2,6,7,0,12,0.25,0,1,0,0,0,0,1,0,0,0.855,2.283,0.1,12,-2.232,0,0,0,0,Accepted,Accepted,Accepted,Accepted,0,Molecule 21,Fc1cccc(c1Cn1nnc(c1)C(=O)N)F,C10H8F2N4O,238.19,17,11,0.1,3,5,1,53.78,73.8,1.74,0.69,1.54,1.44,1.28,1.34,-2.03,2.21,0.00928,Soluble,-1.82,3.63,0.0152,Very soluble,-3.12,0.183,0.000767,Soluble,High,No,No,No,No,No,No,No,-7.26,0,0,0,0,0,0.55,0,0,1,2.22,0.74,0.97,0.64,0.87,0.8,0.5,0.98,0.56,0.86,0.96,0.54,0.61,0.66,0.87,0.99,0.98,0.91,0.95,0.99,0.98,0.96,0.96,0.94,0.96,0.99,0.91,0.73,0.8,0.93,0.58,0.97,0.99,0.99,0.85,1,0.58,0.98,0.54,0.92,0.73,0.7,0.56,0.6,0.63,0.99
S1283,Asenapine maleate,CN1CC2C(C1)C3=C(OC4=C2C=CC=C4)C=CC(=C3)Cl.OC(=O)\C=C/C(O)=O,,-4.888,3.638,4.196,0.995,0.097,0.003,0.006,0.054,-4.795,0.0000178,0.951,0.9603,4.332,0.0431,0.501,0.927,0.404,0.977,0.043,0.716,0.979,0.934,0.055,0.928,10.536,0.141,0.959,0.808,0.529,0.584,0.234,0.843,0.269,0.134,0.003,0.011,0.967,2.754,4.656,5.799,6.033,0.058,0.003,0.053,0.108,0.122,0.009,0.004,0.051,0.006,0.019,0.463,0.134,285.09,287.542,0.991,2,0,12.47,0,4,18,3,0,21,0,2,1,1,0,0,0,1,0,0,0.717,3.017,0.294,67.273,-0.229,0,0,0,0,Accepted,Rejected,Rejected,Accepted,0,Molecule 69,Clc1ccc2c(c1)C1CN(CC1c1c(O2)cccc1)C.OC(=O)/C=C\C(=O)O,C21H20ClNO5,401.84,28,12,0.24,2,6,2,109.32,87.07,3.27,1.05,3.59,2.73,3.7,2.87,-3.18,0.267,0.000664,Soluble,-2.47,1.36,0.00339,Soluble,-5.63,0.000942,0.00000234,Moderately soluble,High,No,Yes,No,No,No,No,No,-8.01,0,0,0,0,0,0.56,0,1,1,3.9,0.6,0.59,0.51,0.81,0.77,0.57,0.9,0.56,0.53,0.76,0.64,0.62,0.6,0.75,0.98,0.97,0.84,0.81,0.9,0.95,0.9,0.9,0.83,0.91,0.95,0.7,0.77,0.68,0.77,0.69,0.9,0.99,1,0.5,0.99,0.52,0.93,0.83,0.8,0.77,0.63,0.62,0.59,0.75,0.94
S1286,Budesonide,CCCC1OC2CC3C4CCC5=CC(=O)C=CC5(C)C4C(O)CC3(C)C2(O1)C(=O)CO,,-4.356,3.357,2.909,0.015,0.009,0.014,0.018,0.008,-4.742,0.0000248,0.975,0.7996,0.984,0.2047,0.003,0.682,0.03,0.815,0.029,0.119,0.002,0.05,0.869,0.884,19.454,0.643,0.034,0.242,0.204,0.156,0.841,0.907,0.096,0.9,0.003,0.012,0.957,0.418,4.132,4.418,5.094,0.026,0.803,0.006,0.801,0.088,0.5,0.719,0.744,0.255,0.149,0.866,0.898,430.24,440.369,0.977,6,2,93.06,4,5,20,6,0,26,0.154,9,2,1,0,0,5,4,2,1,0.666,5.041,0.76,85.5,2.532,1,0,0,0,Accepted,Accepted,Rejected,Accepted,0,Molecule 2,CCCC1OC2C(O1)(C(=O)CO)C1(C(C2)C2CCC3=CC(=O)C=CC3(C2C(C1)O)C)C,C25H34O6,430.53,31,0,0.76,4,6,2,115.18,93.06,2.85,2.55,2.72,1.74,2.91,2.55,-3.85,0.0606,0.000141,Soluble,-4.15,0.0304,0.0000705,Moderately soluble,-3.17,0.29,0.000673,Soluble,High,No,Yes,No,No,No,No,No,-7.12,0,0,0,0,0,0.55,0,0,1,6.09,0.99,0.94,0.53,0.83,0.54,0.61,0.99,0.88,0.59,0.98,0.71,0.53,0.87,0.99,1,1,0.63,0.75,0.99,0.98,0.96,0.96,0.92,0.96,0.99,0.81,0.96,0.65,0.79,0.65,0.99,0.99,1,0.62,1,0.77,0.64,0.95,0.73,0.99,0.99,0.92,0.89,0.73,0.99
S1294,Cilostazol (OPC-13013),O=C1CCC2=C(N1)C=CC(=C2)OCCCCC3=NN=N[N]3C4CCCCC4,,-3.451,3.122,3.112,0.995,0.011,0.005,0.973,0.974,-4.848,0.0000338,0.033,0.9553,1.021,0.0339,0.27,0.746,0.72,0.77,0.615,0.924,0.439,0.22,0.875,0.735,9.194,0.588,0.052,0.838,0.409,0.086,0.955,0.779,0.264,0.784,0.003,0.017,0.559,0.791,3.49,4.215,5.047,0.019,0.027,0.276,0.491,0.413,0.03,0.97,0.805,0.003,0.016,0.627,0.018,369.22,376.996,0.979,7,1,81.93,7,4,10,7,0,23,0.304,0,0,0,0,0,4,0,1,1,0.756,2.509,0.6,47.5,-1.521,1,0,0,0,Accepted,Accepted,Accepted,Accepted,0,Molecule 9,O=C1CCc2c(N1)ccc(c2)OCCCCc1nnnn1C1CCCCC1,C20H27N5O2,369.46,27,11,0.6,7,5,1,106.5,81.93,3.38,3.1,2.89,3.04,3.1,3.1,-3.92,0.0441,0.000119,Soluble,-4.49,0.012,0.0000325,Moderately soluble,-5.7,0.000746,0.00000202,Moderately soluble,High,No,Yes,No,Yes,Yes,No,Yes,-6.35,0,0,0,0,0,0.55,0,0,1,3.16,0.8,0.84,0.54,0.93,0.75,0.54,0.83,0.53,0.75,0.8,0.54,0.7,0.72,0.93,0.99,0.99,0.96,0.95,0.99,0.93,0.98,0.98,0.84,0.94,0.96,0.94,0.67,0.82,0.88,0.64,0.98,0.99,0.99,0.63,0.99,0.78,0.95,0.66,0.82,0.77,0.64,0.52,0.53,0.84,1
S1304,Megestrol Acetate,CC(=O)OC1(CCC2C3C=C(C)C4=CC(=O)CCC4(C)C3CCC12C)C(C)=O,,-4.221,2.855,2.73,0.947,0.002,0.015,0.147,0.98,-5.109,0.0000223,0.869,0.8465,1.091,0.1554,0.009,0.276,0.097,0.921,0.106,0.076,0.004,0.089,0.341,0.893,9.258,0.761,0.004,0.113,0.357,0.037,0.493,0.826,0.114,0.885,0.003,0.032,0.98,0.33,3.486,4.018,4.166,0.874,0.944,0.028,0.642,0.169,0.791,0.748,0.825,0.75,0.701,0.854,0.915,384.23,411.413,0.934,4,0,60.44,3,4,17,4,0,23,0.13,5,1,0,0,0,2,1,1,0,0.646,4.598,0.708,74.976,2.133,0,0,0,0,Accepted,Accepted,Accepted,Accepted,0,Molecule 36,O=C1CCC2(C(=C1)C(=CC1C2CCC2(C1CCC2(OC(=O)C)C(=O)C)C)C)C,C24H32O4,384.51,28,0,0.71,3,4,0,109.28,60.44,3.37,3.14,4.58,3.5,4.56,3.83,-4,0.0381,0.000099,Moderately soluble,-4.08,0.0321,0.0000834,Moderately soluble,-4.77,0.00654,0.000017,Moderately soluble,High,Yes,No,No,No,No,No,No,-6.42,0,0,0,0,0,0.55,0,0,1,5.21,0.76,0.94,0.76,0.92,0.61,0.56,0.99,0.99,0.71,0.99,0.54,0.7,0.52,1,1,1,0.92,0.91,0.93,1,0.96,0.96,0.56,0.98,1,0.53,0.93,0.62,0.82,0.64,0.99,1,1,0.74,0.99,0.65,0.58,0.96,0.84,0.99,0.96,0.76,0.97,0.88,1
S1322,Dexamethasone (MK-125),CC1CC2C3CCC4=CC(=O)C=CC4(C)C3(F)C(O)CC2(C)C1(O)C(=O)CO,,-4.275,2.14,2.188,0.006,0.005,0.042,0.012,0.004,-4.77,0.0000214,0.996,0.6292,0.81,0.3591,0.005,0.479,0.02,0.777,0.015,0.134,0.002,0.055,0.708,0.905,3.884,0.564,0.026,0.273,0.094,0.066,0.447,0.902,0.036,0.848,0.003,0.013,0.979,0.293,3.142,3.604,5.044,0.927,0.874,0.023,0.708,0.115,0.152,0.011,0.69,0.044,0.055,0.818,0.114,392.2,394.315,0.995,5,3,94.83,2,4,17,6,0,22,0.091,8,1,2,0,0,4,4,2,1,0.624,4.877,0.727,81.579,2.225,1,0,0,0,Accepted,Accepted,Accepted,Accepted,0,Molecule 11,OCC(=O)C1(O)C(C)CC2C1(C)CC(O)C1(C2CCC2=CC(=O)C=CC12C)F,C22H29FO5,392.46,28,0,0.73,2,6,3,101.96,94.83,2.26,1.94,2.32,1.62,2.58,2.14,-3.36,0.17,0.000433,Soluble,-3.56,0.109,0.000278,Soluble,-2.8,0.625,0.00159,Soluble,High,No,Yes,No,No,No,No,No,-7.32,0,0,0,0,0,0.55,0,0,1,5.47,0.99,1,0.71,0.98,0.75,0.72,0.99,0.69,0.72,1,0.59,0.82,0.76,1,1,1,0.89,0.94,1,1,1,1,0.99,1,1,0.59,0.96,0.61,0.78,0.55,0.98,0.99,1,0.87,1,0.78,0.59,0.93,0.8,1,1,0.66,0.66,0.86,0.99
S1330,Felbamate,NC(=O)OCC(COC(N)=O)C1=CC=CC=C1,,-1.634,0.809,0.463,0.007,0.302,0.005,0.004,0.001,-4.945,0.000294223,0.998,0.2729,0.674,0.5651,0.187,0.096,0.028,0.126,0.003,0.03,0.787,0.221,0.012,0.247,8.073,0.2,0.181,0.398,0.298,0.964,0.028,0.028,0.202,0.969,0.003,0.011,0.004,0.306,2.735,2.747,5.789,0.011,0.005,0.014,0.003,0.238,0.127,0.003,0.024,0.049,0.083,0.021,0.042,238.1,234.228,1.017,6,4,104.64,7,1,6,6,0,8,0.875,0,0,0,0,0,0,1,1,1,0.796,2.335,0.273,7,0.069,0,0,0,0,Accepted,Accepted,Accepted,Accepted,0,Molecule 19,NC(=O)OCC(c1ccccc1)COC(=O)N,C11H14N2O4,238.24,17,6,0.27,7,4,2,59.4,104.64,1.71,0.61,0.96,0.74,0.04,0.81,-1.5,7.52,0.0316,Very soluble,-2.38,0.989,0.00415,Soluble,-1.92,2.84,0.0119,Soluble,High,No,No,No,No,No,No,No,-7.32,0,0,0,0,0,0.55,0,1,1,1.99,0.66,0.59,0.64,0.5,0.72,0.79,0.99,0.64,0.64,0.97,0.68,0.79,0.51,0.9,0.99,0.99,0.97,0.96,0.99,0.99,0.98,0.98,0.96,0.98,0.98,0.81,0.67,0.65,0.94,0.71,0.89,0.99,0.99,0.8,0.99,0.67,0.88,0.65,0.85,0.84,0.7,0.71,0.72,0.93,0.99
S1331,Fluconazole (UK 49858),OC(C[N]1C=NC=N1)(C[N]2C=NC=N2)C3=C(F)C=C(F)C=C3,,-1.729,0.744,0.403,0,0.002,0.005,0.002,0.004,-4.59,0.0000282,0.963,0.6176,0.835,0.51,0.464,0.306,0.615,0.064,0.102,0.601,0.366,0.134,0.419,0.264,5.96,0.228,0.089,0.915,0.989,0.762,0.932,0.897,0.925,0.927,0.005,0.222,0.835,1.34,1.714,2.103,2.914,0.01,0.003,0.611,0.931,0.041,0.008,0.02,0.276,0.007,0.003,0.131,0.011,306.1,276.186,1.108,7,1,81.65,5,3,6,9,0,16,0.312,0,1,0,0,0,0,1,1,0,0.752,2.77,0.231,17,-0.864,0,0,0,0,Accepted,Accepted,Accepted,Accepted,0,Molecule 55,Fc1ccc(c(c1)F)C(Cn1cncn1)(Cn1cncn1)O,C13H12F2N6O,306.27,22,16,0.23,5,7,1,70.71,81.65,0.41,0.35,1.47,1.47,0.71,0.88,-2.17,2.08,0.0068,Soluble,-1.63,7.2,0.0235,Very soluble,-3.54,0.0883,0.000288,Soluble,High,No,Yes,No,Yes,No,No,No,-7.92,0,0,0,0,0,0.55,0,0,0,2.45,0.84,0.91,0.61,0.84,0.79,0.62,0.83,0.52,0.76,0.96,0.78,0.55,0.57,0.92,0.99,0.99,0.72,0.98,0.99,0.99,0.97,0.97,0.92,0.97,0.99,0.92,0.84,0.77,0.89,0.6,0.94,0.99,1,0.8,1,0.63,0.97,0.69,0.88,0.81,0.69,0.52,0.5,0.7,0.97
S1332,Flumazenil (RO 15-1788),CCOC(=O)C1=C2CN(C)C(=O)C3=CC(=CC=C3[N]2C=N1)F,,-2.412,1.228,0.971,0.002,0.002,0.005,0.996,0.996,-4.614,0.0000342,0.952,0.4687,1.302,0.5286,0.741,0.771,0.591,0.346,0.205,0.617,0.017,0.576,0.225,0.359,5.118,0.675,0.058,0.362,0.876,0.029,0.039,0.896,0.15,0.35,0.003,0.013,0.078,0.548,2.042,3.07,3.674,0.073,0.009,0.178,0.338,0.091,0.006,0.667,0.196,0.016,0.012,0.043,0.042,303.1,289.3,1.048,6,0,64.43,3,3,14,7,0,18,0.167,0,1,1,0,0,1,1,2,0,0.793,2.528,0.267,37.895,-0.628,0,0,0,0,Accepted,Accepted,Accepted,Accepted,0,Molecule 22,CCOC(=O)c1ncn2c1CN(C)C(=O)c1c2ccc(c1)F,C15H14FN3O3,303.29,22,11,0.27,3,5,0,79.47,64.43,2.65,1,1.66,1.61,1.71,1.73,-2.52,0.911,0.003,Soluble,-1.94,3.47,0.0114,Very soluble,-3.84,0.0439,0.000145,Soluble,High,Yes,No,No,No,No,No,No,-7.44,0,0,0,0,0,0.55,0,0,0,3.06,0.95,0.86,0.55,0.91,0.81,0.66,0.96,0.62,0.57,0.78,0.57,0.65,0.62,0.96,0.99,1,0.96,0.98,0.98,0.99,0.98,0.98,0.94,0.98,0.98,0.91,0.93,0.84,0.8,0.92,0.99,0.99,0.99,0.95,1,0.72,0.96,0.8,0.87,0.73,0.99,0.55,0.91,0.89,0.99
S1340,Gatifloxacin,COC1=C2N(C=C(C(O)=O)C(=O)C2=CC(=C1N3CCNC(C)C3)F)C4CC4,,-4.256,0.744,-0.469,0.001,0.999,0.003,0.002,0,-4.874,0.00000523,0.05,0.2066,2.097,0.8054,0.049,0.512,0.071,0.437,0.062,0.093,0.042,0.166,0.008,0.152,2.37,0.07,0.268,0.981,0.977,0.064,0.531,0.599,0.187,0.463,0.003,0.01,0.93,0.228,2.34,2.674,4.233,0.859,0.009,0.072,0.003,0.602,0.01,0.02,0.462,0.014,0.006,0.013,0.008,375.16,361.354,1.038,7,2,83.8,4,4,10,8,0,22,0.182,1,2,1,0,1,0,1,1,0,0.85,3.146,0.474,84,-0.225,1,0,0,0,Accepted,Accepted,Accepted,Accepted,0,Molecule 60,COc1c(N2CCNC(C2)C)c(F)cc2c1n(cc(c2=O)C(=O)O)C1CC1,C19H22FN3O4,375.39,27,10,0.47,4,6,2,106.55,83.8,2.48,-0.74,1.58,1.21,2.04,1.31,-1.71,7.3,0.0194,Very soluble,-0.54,107,0.286,Very soluble,-3.76,0.0654,0.000174,Soluble,High,No,Yes,No,No,No,No,No,-9.12,0,0,0,0,0,0.55,0,0,1,3.47,0.72,0.96,0.84,0.91,0.85,0.57,0.74,0.6,0.75,0.88,0.6,0.73,0.76,0.96,0.94,0.95,0.99,0.98,0.99,1,0.99,0.99,0.98,0.97,0.98,0.71,0.77,0.9,0.75,0.63,0.93,0.98,0.99,0.57,0.99,0.64,0.96,0.74,0.88,0.96,0.83,0.58,0.68,0.93,0.99
S1354,Lansoprazole,CC1=C(OCC(F)(F)F)C=CN=C1C[S](=O)C2=NC3=CC=CC=C3[NH]2,,-3.837,2.37,2.222,0.017,0.13,0.01,0.002,0.002,-4.592,0.0000488,0.338,0.9919,0.867,0.0111,0.877,0.937,0.902,0.486,0.858,0.878,0.491,0.816,0.864,0.777,4.353,0.807,0.013,0.944,0.915,0.749,0.623,0.968,0.075,0.86,0.004,0.034,0.96,1.317,4.227,4.476,5.818,0.006,0.006,0.873,0.666,0.054,0.003,0.033,0.909,0.032,0.012,0.253,0.032,369.08,328.45,1.124,5,1,73.86,6,3,9,9,0,16,0.375,1,2,0,1,0,2,2,3,0,0.699,3.74,0.25,38,-0.96,2,0,0,0,Accepted,Accepted,Accepted,Accepted,0,Molecule 84,O=S(c1nc2c([nH]1)cccc2)Cc1nccc(c1C)OCC(F)(F)F,C16H14F3N3O2S,369.36,25,15,0.25,6,7,1,87.24,87.08,2.04,3.01,5.49,1.57,3.54,3.13,-4.07,0.0311,0.0000843,Moderately soluble,-4.5,0.0116,0.0000314,Moderately soluble,-6.84,0.0000529,0.000000143,Poorly soluble,High,No,Yes,Yes,Yes,Yes,Yes,Yes,-6.42,0,0,0,0,0,0.55,0,0,1,3.4,0.53,0.78,0.63,0.75,0.72,0.55,0.96,0.58,0.91,0.84,0.6,0.79,0.6,1,0.99,0.99,0.85,0.86,0.98,0.97,0.98,0.98,0.94,0.98,0.99,0.92,0.65,0.52,0.87,0.88,0.94,0.99,1,0.87,0.99,0.59,0.9,0.54,0.82,0.63,0.99,0.51,0.51,0.77,0.99
S1356,Levetiracetam (UCB-L059),CCC(N1CCCC1=O)C(N)=O,,-0.859,-0.592,-0.566,0.002,0.055,0.006,0.007,0.008,-4.93,0.000187532,0.998,0.1324,0.708,0.8118,0.012,0.124,0.027,0.151,0.011,0.422,0.007,0.158,0.007,0.155,7.982,0.412,0.011,0.721,0.036,0.006,0.059,0.046,0.208,0.022,0.004,0.079,0.03,0.214,1.565,1.879,4.995,0.622,0.016,0.011,0.004,0.533,0.024,0.005,0.087,0.007,0.026,0.013,0.005,170.11,172.669,0.985,4,2,63.4,3,1,5,4,0,7,0.429,1,0,0,0,0,1,0,0,0,0.641,2.849,0.75,17,-0.758,0,0,0,0,Accepted,Accepted,Accepted,Rejected,0,Molecule 43,CCC(N1CCCC1=O)C(=O)N,C8H14N2O2,170.21,12,0,0.75,3,2,1,48.37,63.4,1.25,-0.34,-0.51,-0.27,0.27,0.08,-0.48,56,0.329,Very soluble,-0.53,50.3,0.295,Very soluble,-0.64,39.1,0.23,Soluble,High,No,No,No,No,No,No,No,-7.58,0,1,0,0,1,0.55,0,0,1,1.82,0.9,0.81,0.86,0.79,0.69,0.56,0.99,0.85,0.8,0.99,0.59,0.56,0.52,0.98,0.99,0.99,0.99,1,0.99,0.99,0.99,0.99,0.99,0.99,0.99,0.86,0.87,0.92,0.94,0.54,0.92,0.99,1,0.74,0.99,0.59,0.79,0.78,0.95,0.9,0.73,0.81,0.69,0.95,0.99
S1377,Drospirenone,CC12CCC(=O)C=C1C3CC3C4C2CCC5(C)C4C6CC6C57CCC(=O)O7,,-5.429,4.359,3.196,0.998,0,0.005,0.002,0.345,-4.966,0.0000898,0.562,0.9643,0.631,0.0262,0.027,0.655,0.276,0.92,0.168,0.218,0.008,0.268,0.723,0.884,23.677,0.083,0.083,0.263,0.133,0.02,0.198,0.934,0.034,0.438,0.003,0.008,0.784,1.848,4.09,4.542,5.1,0.12,0.806,0.001,0.273,0.393,0.947,0.032,0.52,0.068,0.259,0.81,0.212,366.22,382.226,0.958,3,0,43.37,0,7,19,3,0,31,0,10,1,1,0,0,3,4,1,1,0.6,5.424,0.833,152.727,2.5,2,0,0,0,Accepted,Rejected,Accepted,Accepted,0,Molecule 46,O=C1CCC2(C(=C1)C1CC1C1C2CCC2(C1C1CC1C12CCC(=O)O1)C)C,C24H30O3,366.49,27,0,0.83,0,3,0,103.21,43.37,3.13,2.47,4.31,4.53,4.12,3.71,-3.67,0.0787,0.000215,Soluble,-3.03,0.346,0.000944,Soluble,-4.31,0.0178,0.0000486,Moderately soluble,High,Yes,No,No,No,No,No,No,-6.78,1,0,0,0,0,0.55,0,0,1,5.63,0.79,0.74,0.68,0.93,0.6,0.66,0.89,0.95,0.83,0.89,0.52,0.59,0.54,0.99,1,1,0.69,0.52,0.95,0.98,0.98,0.98,0.95,0.96,0.99,0.73,0.93,0.67,0.78,0.6,0.97,0.99,1,0.63,0.97,0.64,0.6,0.92,0.82,0.93,0.93,0.63,0.9,0.86,0.99
S1378,Ruxolitinib (INCB018424),N#CCC(C1CCCC1)[N]2C=C(C=N2)C3=NC=NC4=C3C=C[NH]4,,-3.556,3.042,2.621,0.013,0.97,0.005,0.003,0.006,-4.712,0.00000507,0.231,0.9016,1.255,0.1824,0.819,0.465,0.69,0.053,0.281,0.537,0.224,0.139,0.639,0.35,10.356,0.491,0.093,0.892,0.992,0.02,0.884,0.957,0.839,0.521,0.003,0.02,0.982,0.324,2.226,3.363,4.808,0.004,0.004,0.827,0.986,0.26,0.142,0.057,0.674,0.244,0.669,0.438,0.623,306.16,313.251,0.977,6,1,83.18,4,4,9,6,0,21,0.19,1,0,0,0,0,0,0,2,0,0.8,3.4,0.412,64.917,-0.903,0,0,0,0,Accepted,Accepted,Accepted,Accepted,0,Molecule 14,N#CCC(n1ncc(c1)c1ncnc2c1cc[nH]2)C1CCCC1,C17H18N6,306.37,23,14,0.41,4,4,1,87.66,83.18,2.32,2.12,3.47,1.36,2.74,2.4,-3.26,0.168,0.000548,Soluble,-3.5,0.0973,0.000318,Soluble,-4.75,0.00544,0.0000177,Moderately soluble,High,No,Yes,Yes,Yes,Yes,Yes,Yes,-6.66,0,0,0,0,0,0.55,0,0,0,3.16,0.59,0.83,0.86,0.87,0.89,0.51,0.98,0.52,0.76,0.88,0.65,0.61,0.72,0.75,0.98,0.97,0.8,0.88,0.98,0.92,0.97,0.97,0.85,0.83,0.91,0.98,0.81,0.84,0.93,0.58,0.92,0.99,1,0.52,0.99,0.64,0.92,0.69,0.73,0.67,0.75,0.64,0.66,0.75,0.91
S1389,Omeprazole,COC1=CC=C2[NH]C(=NC2=C1)[S](=O)CC3=C(C)C(=C(C)C=N3)OC,,-3.089,1.86,2.011,0.003,0.854,0.055,0.004,0.004,-4.644,0.0000202,0.013,0.9905,0.21,0.0149,0.92,0.953,0.497,0.813,0.443,0.864,0.166,0.896,0.879,0.874,5.938,0.826,0.03,0.78,0.749,0.453,0.286,0.955,0.08,0.951,0.004,0.028,0.966,1.048,3.952,3.57,5.605,0.013,0.004,0.89,0.364,0.068,0.003,0.01,0.934,0.083,0.003,0.161,0.025,345.11,336.334,1.026,6,1,83.09,5,3,9,7,0,16,0.312,1,1,0,1,0,2,0,3,0,0.719,3.715,0.294,36,-0.694,4,0,0,0,Accepted,Accepted,Accepted,Accepted,0,Molecule 96,COc1ccc2c(c1)nc([nH]2)S(=O)Cc1ncc(c(c1C)OC)C,C17H19N3O3S,345.42,24,15,0.29,5,5,1,93.7,96.31,2.14,2.23,3.61,0.91,3.16,2.41,-3.52,0.105,0.000303,Soluble,-3.89,0.0447,0.000129,Soluble,-6.47,0.000117,0.000000337,Poorly soluble,High,No,Yes,Yes,Yes,Yes,Yes,Yes,-6.82,0,0,0,0,0,0.55,0,0,0,3.58,0.57,0.68,0.59,0.76,0.72,0.81,0.7,0.51,0.98,0.76,0.56,0.69,0.57,1,0.99,0.99,0.97,0.91,0.99,0.99,0.99,0.99,0.97,0.99,0.99,0.92,0.52,0.52,0.85,0.89,0.93,0.99,0.99,0.9,0.99,0.7,0.91,0.7,0.88,0.59,0.99,0.59,0.54,0.92,0.99
S1391,Oxcarbazepine,NC(=O)N1C2=C(CC(=O)C3=C1C=CC=C3)C=CC=C2,,-4.178,1.297,1.816,0.381,0.016,0.007,0.003,0.003,-4.706,0.0000422,0.997,0.4394,0.76,0.4387,0.321,0.808,0.539,0.812,0.294,0.436,0.015,0.56,0.184,0.905,6.05,0.225,0.016,0.682,0.988,0.417,0.292,0.024,0.661,0.655,0.003,0.01,0.191,0.6,2.987,4.64,3.683,0.027,0.02,0.748,0.011,0.496,0.011,0.011,0.126,0.523,0.129,0.225,0.049,252.09,260.809,0.967,4,2,63.4,1,3,15,4,0,19,0.053,0,0,0,0,0,2,0,1,1,0.783,2.158,0.067,34,-0.118,1,0,0,0,Accepted,Accepted,Accepted,Accepted,0,Molecule 22,O=C1Cc2ccccc2N(c2c1cccc2)C(=O)N,C15H12N2O2,252.27,19,12,0.07,1,2,1,75.36,63.4,1.96,1.71,2.26,2.14,1.73,1.96,-2.88,0.33,0.00131,Soluble,-2.66,0.556,0.0022,Soluble,-4.29,0.0131,0.0000519,Moderately soluble,High,Yes,Yes,Yes,No,No,No,No,-6.62,0,0,0,0,0,0.55,0,0,0,2.67,0.63,0.87,0.76,0.93,0.84,0.52,0.99,0.53,0.52,0.96,0.54,0.7,0.69,0.68,0.96,0.99,0.97,0.92,0.98,0.99,0.99,0.99,0.86,0.92,0.96,0.88,0.84,0.57,0.87,0.54,0.95,0.99,1,0.75,0.91,0.68,0.99,0.66,0.9,0.64,0.66,0.56,0.77,0.67,0.99
S1404,Trilostane,CC12CCC3C(CCC45OC4C(=C(CC35C)C#N)O)C1CCC2O,,-3.158,1.519,2.597,0,0.001,0.019,0.008,0.009,-4.84,0.0000701,0.884,0.6223,1.589,0.3161,0.035,0.875,0.016,0.538,0.093,0.138,0.006,0.322,0.056,0.247,17.202,0.181,0.064,0.156,0.658,0.015,0.96,0.912,0.864,0.085,0.005,0.013,0.985,1.044,4.46,6.843,6.871,0.346,0.64,0.001,0.166,0.069,0.426,0.916,0.057,0.048,0.111,0.936,0.742,329.2,341.152,0.965,4,1,73.62,0,5,18,4,0,24,0,9,3,1,2,0,2,2,2,5,0.694,5.274,0.9,119.105,2.097,0,0,0,1,Accepted,Accepted,Accepted,Accepted,0,Molecule 12,N#CC1=C(O)C2C3(C(C1)(C)C1CCC4(C(C1CC3)CCC4O)C)O2,C20H27NO3,329.43,24,0,0.85,0,4,2,90.3,76.78,2.5,2.92,3.47,2.09,2.82,2.76,-3.72,0.0625,0.00019,Soluble,-4.19,0.0211,0.000064,Moderately soluble,-2.8,0.526,0.0016,Soluble,High,Yes,Yes,No,No,Yes,No,No,-6.24,0,0,0,0,0,0.55,0,1,0,6.11,0.74,0.84,0.7,0.89,0.55,0.53,0.94,0.67,0.72,0.69,0.6,0.68,0.73,0.99,1,1,0.78,1,0.86,0.98,0.83,0.83,0.5,1,0.98,0.88,0.96,0.71,0.71,0.64,0.95,1,1,0.75,0.97,0.56,0.5,0.93,0.88,0.73,0.72,0.67,0.81,0.76,0.99
S1430,Rolipram (ZK-62711),COC1=C(OC2CCCC2)C=C(C=C1)C3CNC(=O)C3,,-3.375,2.876,2.4,0.995,0.017,0.003,0.002,0.002,-4.617,0.0000354,0.901,0.9133,0.642,0.066,0.272,0.44,0.939,0.843,0.749,0.666,0.572,0.718,0.791,0.376,7.712,0.413,0.066,0.597,0.168,0.1,0.227,0.883,0.506,0.63,0.003,0.039,0.178,0.773,3.312,3.468,5.387,0.139,0.004,0.053,0.013,0.131,0.008,0.011,0.054,0.022,0.019,0.042,0.013,275.15,286.444,0.961,4,1,47.56,4,3,6,4,0,17,0.235,1,0,0,0,0,2,0,0,0,0.919,2.73,0.562,54.6,0.658,1,0,0,0,Accepted,Accepted,Accepted,Accepted,0,Molecule 10,COc1ccc(cc1OC1CCCC1)C1CNC(=O)C1,C16H21NO3,275.34,20,6,0.56,4,3,1,80.73,47.56,2.75,2.21,2.24,1.91,3.11,2.44,-2.9,0.349,0.00127,Soluble,-2.84,0.395,0.00143,Soluble,-4.24,0.0158,0.0000574,Moderately soluble,High,Yes,Yes,No,No,No,Yes,No,-6.41,0,0,0,0,0,0.55,0,0,0,2.7,0.8,0.55,0.64,0.66,0.72,0.54,0.78,0.67,0.7,0.95,0.59,0.63,0.55,0.98,0.99,0.99,0.96,0.96,0.99,0.99,0.99,0.99,0.96,0.98,0.99,0.75,0.69,0.66,0.82,0.56,0.97,0.99,1,0.81,0.99,0.83,0.68,0.65,0.88,0.59,0.64,0.6,0.51,0.81,0.99
S1438,Topiramate,CC1(C)OC2COC3(CO[S](N)(=O)=O)OC(C)(C)OC3C2O1,,-1.473,1.569,0.58,0,0,0.003,0.131,0.027,-5.174,0.0000446,0.972,0.2765,0.854,0.6193,0.001,0.518,0.012,0.85,0.004,0.016,0.005,0.088,0.005,0.288,10.62,0.408,0.047,0.966,0.995,0.972,0.17,0.034,0.073,0.972,0.003,0.02,0.04,0.764,2.206,2.681,2.78,0.001,0.013,0.036,0.014,0.074,0.011,0.017,0.055,0.005,0.008,0.018,0.042,339.1,290.267,1.168,9,2,115.54,3,3,12,10,0,16,0.188,4,1,0,1,0,1,0,2,0,0.739,4.49,1,62,1.164,1,0,0,0,Accepted,Accepted,Accepted,Accepted,0,Molecule 95,NS(=O)(=O)OCC12OCC3C(C2OC(O1)(C)C)OC(O3)(C)C,C12H21NO8S,339.36,22,0,1,3,9,1,71.75,123.92,2.29,-0.83,0.69,-0.65,-0.91,0.12,-1.22,20.3,0.0598,Very soluble,-1.29,17.3,0.051,Very soluble,-1.02,32.6,0.0959,Soluble,High,No,Yes,No,No,No,No,No,-8.96,0,0,0,0,0,0.55,0,0,0,4.94,0.66,0.8,0.56,0.54,0.81,0.52,0.94,0.52,0.72,0.98,0.58,0.56,0.54,0.96,0.98,0.99,0.98,0.95,0.98,0.98,0.98,0.98,0.96,0.97,0.99,0.84,0.69,0.62,0.82,0.76,0.97,0.98,0.99,0.74,0.99,0.57,0.55,0.75,0.72,0.89,0.81,0.77,0.68,0.92,0.95
S1441,Venlafaxine HCl,Cl.COC1=CC=C(C=C1)C(CN(C)C)C2(O)CCCCC2,,-2.405,2.274,2.949,0.333,0.002,0.004,0.022,0.701,-4.518,0.0000106,0.992,0.3138,2.386,0.6723,0.079,0.946,0.047,0.976,0.022,0.721,0.791,0.934,0.04,0.601,10.01,0.077,0.394,0.587,0.06,0.043,0.868,0.507,0.441,0.082,0.004,0.019,0.971,1.601,4.412,5.159,5.176,0.103,0.002,0.003,0.03,0.261,0.011,0.004,0.073,0.004,0.004,0.037,0.019,277.2,306.143,0.905,3,1,32.7,5,2,6,3,0,12,0.417,1,1,0,0,0,1,0,0,0,0.898,2.754,0.647,44.571,0.134,1,0,0,0,Accepted,Accepted,Accepted,Accepted,0,Molecule 39,COc1ccc(cc1)C(C1(O)CCCCC1)CN(C)C.Cl,C17H28ClNO2,313.86,21,6,0.65,5,3,1,90.11,32.7,0,-0.12,3.84,2.65,3.19,1.91,-1.59,8.03,0.0256,Very soluble,-0.11,242,0.77,Very soluble,-4.17,0.0213,0.0000679,Moderately soluble,High,Yes,Yes,No,No,No,Yes,No,-8.3,0,0,0,0,0,0.55,0,0,0,2.7,0.91,0.62,0.75,0.95,0.69,0.7,0.69,0.78,0.74,0.77,0.61,0.83,0.63,0.99,0.99,0.99,0.97,0.97,0.99,1,0.98,0.98,0.95,0.99,0.99,0.54,0.85,0.84,0.9,0.61,0.7,1,1,0.67,0.99,0.59,0.85,0.85,0.97,0.86,0.69,0.61,0.73,0.88,0.99
S1445,Zonisamide,N[S](=O)(=O)CC1=NOC2=CC=CC=C12,,-2.817,0.856,0.734,0.001,0.001,0.004,0.001,0.002,-4.995,0.0000249,0.971,0.4827,0.678,0.5398,0.081,0.58,0.024,0.844,0.018,0.286,0.011,0.128,0.023,0.746,2.775,0.769,0.009,0.943,0.991,0.385,0.052,0.556,0.1,0.907,0.004,0.743,0.935,0.982,3.712,3.792,4.319,0.003,0.008,0.037,0.007,0.099,0.012,0.042,0.052,0.009,0.013,0.042,0.042,212.03,186.139,1.139,5,2,86.19,2,2,9,6,0,12,0.167,0,0,0,0,0,0,0,0,0,0.79,2.368,0.125,12,-1.699,1,0,0,0,Accepted,Accepted,Accepted,Accepted,0,Molecule 23,NS(=O)(=O)Cc1noc2c1cccc2,C8H8N2O3S,212.23,14,9,0.12,2,5,1,50.65,94.57,0.25,0.24,1.55,-0.46,0.28,0.37,-1.65,4.74,0.0224,Very soluble,-1.79,3.47,0.0164,Very soluble,-2.89,0.272,0.00128,Soluble,High,No,No,No,No,No,No,No,-7.42,0,0,0,0,0,0.55,0,0,1,2.72,0.54,0.54,0.52,0.88,0.86,0.51,0.99,0.61,0.75,0.93,0.68,0.51,0.6,0.91,0.98,0.99,0.96,0.94,0.98,0.99,0.96,0.96,0.95,0.96,0.98,0.94,0.68,0.67,0.87,0.8,0.99,0.99,0.99,0.81,0.99,0.63,0.89,0.54,0.83,0.9,0.9,0.64,0.77,0.77,0.94
S1472,Safinamide Mesylate,CC(NCC1=CC=C(OCC2=CC(=CC=C2)F)C=C1)C(N)=O.C[S](O)(=O)=O,,-2.001,2.395,1.94,0.083,0.003,0.004,0.001,0.002,-4.973,0.0000268,0.375,0.8846,1.917,0.169,0.793,0.21,0.734,0.267,0.176,0.245,0.909,0.901,0.594,0.272,12.396,0.162,0.787,0.915,0.253,0.701,0.349,0.792,0.058,0.171,0.003,0.01,0.086,1.481,3.864,4.582,6.593,0.366,0.003,0.037,0.007,0.129,0.004,0.003,0.136,0.015,0.012,0.061,0.009,302.14,312.662,0.966,4,3,64.35,7,2,6,5,0,13,0.538,1,1,1,0,0,1,1,0,0,0.825,2.273,0.235,24,-1.348,1,0,0,0,Accepted,Accepted,Accepted,Accepted,0,Molecule 44,CS(=O)(=O)O.NC(=O)C(NCc1ccc(cc1)OCc1cccc(c1)F)C,C18H23FN2O5S,398.45,27,12,0.28,7,7,3,99.93,127.1,1.32,-0.97,3.07,1.68,3.15,1.65,-1.57,10.8,0.0272,Very soluble,-1.21,24.4,0.0611,Very soluble,-5.81,0.000619,0.00000155,Moderately soluble,High,No,Yes,No,No,No,No,No,-9.42,0,0,0,0,0,0.55,0,1,1,3.01,0.67,0.72,0.51,0.58,0.6,0.7,0.92,0.65,0.64,0.6,0.72,0.6,0.62,0.88,0.95,0.97,0.92,0.85,0.95,0.95,0.94,0.94,0.87,0.9,0.97,0.56,0.63,0.71,0.83,0.89,0.91,0.97,0.99,0.88,0.99,0.63,0.91,0.6,0.92,0.89,0.7,0.5,0.62,0.65,0.97
S1547,Febuxostat,CC(C)COC1=C(C=C(C=C1)C2=NC(=C(S2)C(O)=O)C)C#N,,-3.933,2.66,3.863,0.001,0.001,0.008,0.002,0.002,-5.47,1.92E-05,0.073,0.9942,0.122,0.0083,0.639,0.164,0.431,0.058,0.658,0.283,0.035,0.111,0.228,0.139,3.845,0.317,0.028,0.944,0.982,0.012,0.144,0.045,0.057,0.313,0.003,0.091,0.916,0.447,2.48,3.609,3.801,0.803,0.915,0.97,0.818,0.744,0.153,0.978,0.914,0.962,0.552,0.945,0.913,316.09,313.961,1.007,5,1,83.21,5,2,6,6,0,13,0.385,0,0,0,0,0,0,0,2,0,0.908,2.324,0.312,14,-1.728,2,0,0,0,Accepted,Accepted,Accepted,Accepted,0,Molecule 176,N#Cc1cc(ccc1OCC(C)C)c1nc(c(s1)C(=O)O)C,C16H16N2O3S,316.37,22,11,0.31,5,5,1,85.1,111.45,2.84,3.9,3.72,1.46,4.5,3.28,-4.3,0.0159,0.0000503,Moderately soluble,-5.94,0.000364,0.00000115,Moderately soluble,-4.61,0.0078,0.0000247,Moderately soluble,High,No,No,Yes,Yes,Yes,No,No,-5.46,0,0,0,0,0,0.56,0,0,1,3.12,0.83,0.87,0.6,0.81,0.68,0.64,0.99,0.73,0.74,0.71,0.52,0.6,0.63,1,1,0.97,0.84,0.78,0.98,0.89,0.97,0.97,0.53,0.95,1,0.59,0.6,0.77,0.85,0.69,0.99,0.99,0.99,0.88,0.99,0.72,0.8,0.83,0.85,0.71,0.58,0.52,0.62,0.6,0.97
S1548,Dapagliflozin (BMS-512148),CCOC1=CC=C(CC2=CC(=CC=C2Cl)C3OC(CO)C(O)C(O)C3O)C=C1,,-3.291,2.738,2.71,0.002,0.012,0.035,0.006,0.007,-5.032,9.05E-05,0.368,0.9641,1.085,0.0259,0.049,0.062,0.146,0.143,0.046,0.889,0.033,0.838,0.054,0.56,3.954,0.123,0.088,0.209,0.887,0.373,0.108,0.03,0.023,0.245,0.003,0.011,0.008,1.313,4.367,5.431,5.669,0.198,0.013,0.008,0.557,0.308,0.116,0.17,0.098,0.016,0.039,0.399,0.397,408.13,398.236,1.025,6,4,99.38,6,3,6,7,0,18,0.333,5,2,1,0,0,0,2,0,0,0.582,3.453,0.429,63.333,0.609,1,0,0,0,Accepted,Accepted,Rejected,Accepted,0,Molecule 3,CCOc1ccc(cc1)Cc1cc(ccc1Cl)C1OC(CO)C(C(C1O)O)O,C21H25ClO6,408.87,28,12,0.43,6,6,4,104.82,99.38,3.17,2.35,1.52,1.07,2.77,2.18,-3.78,0.0684,0.000167,Soluble,-4.08,0.0343,0.0000838,Moderately soluble,-4.46,0.0141,0.0000344,Moderately soluble,High,No,Yes,No,No,No,Yes,No,-7.13,0,0,0,0,0,0.55,0,0,1,4.52,0.73,0.93,0.93,0.79,0.56,0.72,0.83,0.69,0.69,0.72,0.61,0.51,0.59,0.79,0.79,0.93,0.88,0.73,0.97,0.87,0.81,0.81,0.8,0.75,0.99,0.6,0.61,0.84,0.86,0.74,0.92,0.99,0.99,0.79,1,0.75,0.76,0.89,0.83,0.77,0.71,0.54,0.78,0.88,0.96
S1573,Fasudil (HA-1077) HCl,Cl.O=[S](=O)(N1CCCNCC1)C2=C3C=CN=CC3=CC=C2,,-0.85,1.047,0.936,0.005,0.979,0.007,0.03,0.044,-5.506,6.28E-06,0.992,0.8125,1.916,0.315,0.301,0.445,0.198,0.875,0.077,0.39,0.844,0.815,0.831,0.75,8.489,0.286,0.512,0.936,0.982,0.076,0.278,0.31,0.316,0.075,0.003,0.019,0.625,0.333,2.562,3.083,3.681,0.006,0.003,0.429,0.949,0.098,0.005,0.003,0.483,0.011,0.053,0.09,0.01,291.1,280.928,1.036,5,1,62.3,2,3,10,6,0,20,0.1,0,1,0,0,0,0,0,0,0,0.903,2.212,0.357,40.421,-1.639,1,0,0,0,Accepted,Accepted,Accepted,Accepted,0,Molecule 17,O=S(=O)(c1cccc2c1ccnc2)N1CCNCCC1.Cl,C14H18ClN3O2S,327.83,21,10,0.36,2,5,1,92.44,70.68,0,1.75,2.34,0.68,1.08,1.17,-3.2,0.209,0.000638,Soluble,-2.85,0.462,0.00141,Soluble,-4.39,0.0132,0.0000403,Moderately soluble,High,Yes,Yes,No,No,No,No,Yes,-7.06,0,0,0,0,0,0.55,0,0,0,2.72,0.69,0.68,0.71,0.83,0.82,0.6,0.94,0.7,0.67,0.74,0.54,0.58,0.62,0.97,0.99,0.99,1,0.99,0.99,0.99,0.99,0.99,0.92,0.99,0.99,0.97,0.72,0.94,0.51,0.9,0.98,0.97,1,0.52,0.99,0.75,0.94,0.63,0.83,0.69,0.73,0.57,0.88,0.64,0.99
S1593,Apixaban (BMS 562247-01),COC1=CC=C(C=C1)[N]2N=C(C(N)=O)C3=C2C(=O)N(CC3)C4=CC=C(C=C4)N5CCCCC5=O,,-4.238,0.896,1.173,0.513,0.007,0.134,0.889,0.964,-5.704,2.63E-05,0.091,0.8117,0.782,0.1084,0.291,0.763,0.444,0.364,0.801,0.823,0.154,0.608,0.719,0.602,1.249,0.066,0.852,0.935,0.953,0.105,0.926,0.296,0.093,0.935,0.003,0.008,0.085,1.025,3.056,3.095,4.957,0.043,0.091,0.686,0.685,0.685,0.132,0.672,0.944,0.591,0.035,0.87,0.921,459.19,459.317,1,9,2,110.76,5,5,9,9,0,31,0.161,0,0,0,0,0,1,0,1,1,0.631,2.512,0.28,66.5,-1.041,2,0,0,0,Accepted,Accepted,Rejected,Accepted,0,Molecule 95,COc1ccc(cc1)n1nc(c2c1C(=O)N(CC2)c1ccc(cc1)N1CCCCC1=O)C(=O)N,C25H25N5O4,459.5,34,17,0.28,5,5,1,132.7,110.76,3.62,2.24,1.94,2.03,1.95,2.35,-4.14,0.0333,0.0000724,Moderately soluble,-4.2,0.0289,0.0000629,Moderately soluble,-5.7,0.000925,0.00000201,Moderately soluble,High,No,Yes,No,Yes,Yes,Yes,Yes,-7.51,0,1,0,0,0,0.55,0,0,1,3.48,0.6,0.92,0.62,0.89,0.8,0.52,0.95,0.53,0.5,0.71,0.59,0.67,0.65,0.82,0.98,0.99,0.86,0.89,0.98,0.94,0.96,0.96,0.71,0.88,0.93,0.86,0.76,0.96,0.8,0.55,0.97,0.99,0.99,0.66,0.99,0.8,0.99,0.72,0.9,0.85,0.83,0.64,0.73,0.6,1
S1619,Prilocaine,CCCNC(C)C(=O)NC1=C(C)C=CC=C1,,-1.287,2.163,1.974,0.002,0.772,0.004,0.008,0.225,-4.499,2.17E-05,0.457,0.308,1.873,0.5989,0.117,0.594,0.084,0.879,0.009,0.105,0.584,0.892,0.058,0.444,5.106,0.78,0.062,0.8,0.456,0.093,0.915,0.062,0.153,0.067,0.008,0.035,0.909,0.605,2.463,3.479,3.762,0.019,0.002,0.024,0.004,0.134,0.004,0.002,0.029,0.008,0.017,0.012,0.007,220.16,245.086,0.898,3,2,41.13,6,1,6,3,0,7,0.857,1,0,0,0,0,4,0,1,1,0.799,2.063,0.462,14,-1.488,0,0,0,0,Accepted,Accepted,Accepted,Accepted,0,Molecule 25,CCCNC(C(=O)Nc1ccccc1C)C,C13H20N2O,220.31,16,6,0.46,6,2,2,67.75,41.13,2.96,2.11,2.13,2.11,2.39,2.34,-2.42,0.844,0.00383,Soluble,-2.6,0.548,0.00249,Soluble,-4.48,0.00736,0.0000334,Moderately soluble,High,Yes,No,Yes,No,No,Yes,No,-6.15,0,0,0,0,0,0.55,0,0,1,2.15,0.96,0.73,0.68,0.77,0.86,0.67,0.99,0.71,0.72,0.81,0.62,0.54,0.71,0.92,0.98,0.99,0.97,0.92,0.99,0.99,0.94,0.94,0.95,0.97,0.99,0.78,0.75,0.77,0.89,0.66,0.89,0.99,1,0.77,0.96,0.72,0.84,0.6,0.92,0.9,0.94,0.79,0.83,0.98,0.99
S1622,Prednisone (NSC-10023),CC12CC(=O)C3C(CCC4=CC(=O)C=CC34C)C1CCC2(O)C(=O)CO,,-4.098,1.043,1.694,0.207,0.006,0.02,0.002,0.001,-4.884,2.40E-05,0.984,0.8323,0.563,0.1084,0.01,0.801,0.039,0.778,0.037,0.085,0.01,0.063,0.411,0.923,3.739,0.879,0.019,0.429,0.031,0.022,0.537,0.929,0.037,0.827,0.003,0.011,0.85,0.071,1.933,2.899,4.531,0.977,0.985,0.028,0.748,0.111,0.139,0.006,0.405,0.389,0.036,0.554,0.088,358.18,368.315,0.972,5,2,91.67,2,4,17,5,0,23,0.087,6,1,1,0,0,4,4,2,1,0.785,4.39,0.667,73.6,2.265,1,0,0,0,Accepted,Accepted,Accepted,Accepted,0,Molecule 32,OCC(=O)C1(O)CCC2C1(C)CC(=O)C1C2CCC2=CC(=O)C=CC12C,C21H26O5,358.43,26,0,0.67,2,5,2,96.1,91.67,1.9,1.46,1.77,1.21,2.65,1.8,-2.85,0.506,0.00141,Soluble,-2.99,0.366,0.00102,Soluble,-2.86,0.491,0.00137,Soluble,High,No,Yes,No,No,No,No,No,-7.45,0,0,0,0,0,0.55,0,0,1,5.13,0.99,0.98,0.77,0.89,0.9,0.94,0.99,0.53,0.76,0.75,0.71,0.95,0.68,1,1,1,0.96,0.97,1,1,1,1,0.99,1,1,0.61,0.98,0.63,0.82,0.52,0.99,0.99,1,0.8,0.99,0.7,0.56,0.94,0.8,1,1,0.93,0.87,1,0.99
S1630,Allopurinol,O=C1N=CN=C2NNC=C12,,-2.323,-0.219,-0.541,0,0.96,0.012,0.008,0.004,-5.006,6.49E-06,0.148,0.1062,0.935,0.8028,0.202,0.819,0.064,0.062,0.013,0.845,0.009,0.095,0.039,0.155,12.211,0.913,0.037,0.637,0.98,0.024,0.973,0.022,0.086,0.096,0.004,0.735,0.984,0.192,1.506,2.75,4.437,0.005,0.002,0.137,0.143,0.036,0.06,0.004,0.077,0.132,0.014,0.016,0.013,136.04,120.155,1.132,5,2,74.43,0,2,9,5,0,11,0,0,0,0,0,0,0,0,0,0,0.519,2.927,0,9,-1.619,0,0,0,0,Accepted,Accepted,Accepted,Rejected,0,Molecule 177,O=c1ncnc2c1c[nH][nH]2,C5H4N4O,136.11,10,9,0,0,3,2,34.51,74.43,0.58,-0.59,-0.35,-0.36,1.33,0.12,-0.98,14.3,0.105,Very soluble,-0.5,42.8,0.315,Very soluble,-2.04,1.24,0.00908,Soluble,High,No,No,No,No,No,No,No,-7.55,0,3,0,0,1,0.55,0,0,1,1.76,0.9,0.69,0.75,0.69,0.89,0.5,0.99,0.72,0.86,0.94,0.7,0.52,0.62,0.62,0.99,0.98,0.99,0.97,0.99,0.98,0.99,0.99,0.88,0.89,0.93,0.96,0.82,0.66,0.89,0.55,0.95,0.86,0.99,0.76,0.98,0.79,0.89,0.63,0.9,0.7,0.77,0.72,0.75,0.94,0.98
S1631,Allopurinol Sodium,[Na+].O=C1NC=NC2=C1C=N[NH]2,,-2.323,-0.219,-0.541,0,0.96,0.012,0.008,0.004,-5.006,6.49E-06,0.148,0.1062,0.935,0.8028,0.202,0.819,0.064,0.062,0.013,0.845,0.009,0.095,0.039,0.155,12.211,0.913,0.037,0.637,0.98,0.024,0.973,0.022,0.086,0.096,0.004,0.735,0.984,0.192,1.506,2.75,4.437,0.005,0.002,0.137,0.143,0.036,0.06,0.004,0.077,0.132,0.014,0.016,0.013,136.04,120.155,1.132,5,2,74.43,0,2,9,5,0,11,0,0,0,0,0,0,0,0,0,0,0.519,2.927,0,9,-1.619,0,0,0,0,Accepted,Accepted,Accepted,Rejected,0,Molecule 178,O=c1[nH]cnc2c1cn[nH]2.[Na+],C5H4N4NaO+,159.1,11,9,0,0,3,2,34.51,74.43,-9.17,-0.67,-0.35,-0.36,1.33,-1.85,-1.01,15.6,0.0978,Very soluble,-0.42,60.6,0.381,Very soluble,-2.04,1.44,0.00908,Soluble,High,No,No,No,No,No,No,No,-7.75,0,3,0,0,1,0.55,0,0,1,1.82,0.69,0.69,0.68,0.59,0.92,0.6,0.98,0.74,0.89,0.9,0.63,0.53,0.63,0.71,1,0.98,0.95,0.96,0.99,0.93,0.97,0.97,0.88,0.96,0.98,0.96,0.83,0.66,0.9,0.58,0.94,0.9,0.99,0.73,0.97,0.78,0.92,0.57,0.9,0.65,0.66,0.64,0.76,0.89,0.97
S1640,Albendazole (SKF-62979),CCCSC1=CC=C2N=C(NC(=O)OC)[NH]C2=C1,,-3.672,3.366,2.892,0.035,0.815,0.981,0.002,0.355,-4.524,1.51E-05,0.985,0.6816,0.846,0.3017,0.976,0.977,0.703,0.061,0.467,0.059,0.474,0.016,0.572,0.828,5.794,0.805,0.229,0.995,0.975,0.976,0.968,0.928,0.588,0.957,0.003,0.218,0.949,0.378,3.221,4.073,6.028,0.095,0.003,0.935,0.124,0.173,0.026,0.003,0.065,0.417,0.048,0.103,0.813,265.09,254.893,1.04,5,2,70.24,5,2,9,6,0,12,0.417,0,0,0,0,0,0,0,1,0,0.838,3.045,0.333,11,-1.286,3,0,0,0,Accepted,Accepted,Accepted,Accepted,0,Molecule 71,CCCSc1ccc2c(c1)[nH]c(n2)NC(=O)OC,C12H15N3O2S,265.33,18,9,0.33,6,3,2,73.22,92.31,1.69,2.81,3.05,1.62,2.35,2.31,-3.23,0.156,0.00059,Soluble,-4.41,0.0104,0.0000393,Moderately soluble,-4.35,0.0119,0.0000448,Moderately soluble,High,No,No,Yes,No,No,No,No,-5.92,0,0,0,0,0,0.55,0,0,0,2.41,0.78,0.59,0.54,0.52,0.8,0.5,0.84,0.71,0.75,0.89,0.82,0.52,0.68,1,0.79,0.66,0.89,1,0.99,0.99,1,1,0.99,1,1,0.94,0.73,0.67,0.81,0.83,0.95,0.99,0.99,0.77,0.97,0.71,0.92,0.55,0.84,0.88,0.68,0.58,0.69,0.91,0.99
S1646,Ketorolac,OC(=O)C1CC[N]2C1=CC=C2C(=O)C3=CC=CC=C3,,-2.808,2.212,2.62,0.002,0.003,0.012,0.001,0.008,-4.987,1.35E-05,0.271,0.9026,0.224,0.0841,0.167,0.083,0.078,0.067,0.319,0.885,0.002,0.128,0.009,0.229,1.321,0.694,0.007,0.257,0.977,0.094,0.826,0.087,0.05,0.663,0.003,0.016,0.131,0.504,3.515,4.044,3.939,0.013,0.029,0.399,0.006,0.14,0.021,0.529,0.061,0.021,0.012,0.031,0.064,255.09,261.239,0.976,4,1,59.3,3,3,8,4,0,17,0.176,1,0,0,0,0,1,0,2,0,0.856,2.694,0.2,53.333,-0.451,0,0,0,0,Accepted,Accepted,Accepted,Accepted,0,Molecule 153,OC(=O)C1CCn2c1ccc2C(=O)c1ccccc1,C15H13NO3,255.27,19,11,0.2,3,3,1,69.81,59.3,1.99,2.72,2.29,1.24,2.01,2.05,-3.37,0.11,0.00043,Soluble,-3.62,0.0614,0.00024,Soluble,-3.23,0.152,0.000594,Soluble,High,Yes,No,No,No,No,No,No,-5.93,0,0,0,0,0,0.85,0,0,0,2.79,0.79,0.55,0.85,0.92,0.61,0.55,0.98,0.7,0.63,0.93,0.6,0.56,0.54,0.72,0.96,0.98,0.92,0.85,0.98,0.95,0.97,0.97,0.84,0.93,0.94,0.77,0.82,0.67,0.88,0.6,0.89,0.99,1,0.76,0.99,0.63,0.89,0.81,0.7,0.93,0.9,0.65,0.6,0.96,0.99
S1649,Zolmitriptan,CN(C)CCC1=C[NH]C2=C1C=C(CC3COC(=O)N3)C=C2,,-2.826,1.368,2.116,0.001,0.915,0.009,0.001,0.002,-4.985,5.69E-06,0.968,0.3396,1.778,0.7429,0.47,0.942,0.06,0.833,0.014,0.19,0.888,0.924,0.025,0.276,5.312,0.57,0.544,0.359,0.084,0.836,0.635,0.928,0.65,0.062,0.003,0.009,0.473,0.366,3.635,4.313,6.155,0.063,0.006,0.88,0.006,0.107,0.004,0.006,0.103,0.014,0.392,0.052,0.018,287.16,297.011,0.967,5,2,57.36,5,3,9,5,0,16,0.312,1,1,0,0,0,1,1,2,1,0.883,3.056,0.438,50.783,0.14,1,0,0,0,Accepted,Accepted,Accepted,Accepted,0,Molecule 1,CN(CCc1c[nH]c2c1cc(CC1COC(=O)N1)cc2)C,C16H21N3O2,287.36,21,9,0.44,5,3,2,86.25,57.36,2.38,2.17,1.54,1.45,2.77,2.06,-2.98,0.304,0.00106,Soluble,-3.01,0.282,0.000983,Soluble,-4.88,0.00375,0.0000131,Moderately soluble,High,Yes,Yes,No,No,No,Yes,No,-6.51,0,0,0,0,0,0.55,0,0,0,2.88,0.94,0.9,0.59,0.94,0.71,0.6,0.96,0.63,0.57,0.75,0.51,0.58,0.62,0.75,0.94,0.98,0.94,0.84,0.97,0.96,0.98,0.98,0.91,0.88,0.93,0.85,0.79,0.79,0.84,0.56,0.87,0.99,0.99,0.57,0.96,0.65,0.9,0.69,0.77,0.65,0.78,0.62,0.52,0.9,0.99
S1692,Busulfan (NSC-750),C[S](=O)(=O)OCCCCO[S](C)(=O)=O,,-1.436,-0.822,-0.677,0,0,0.003,0.002,0.002,-5.149,1.47E-05,0.595,0.2291,0.284,0.7979,0.008,0.949,0.006,0.441,0.001,0.031,0.001,0.05,0.003,0.69,0.591,0.317,0.019,0.954,0.945,0.996,0.866,0.938,0.949,0.351,0.019,0.979,0.947,0.46,1.973,4.014,3.694,0.002,0.001,0.007,0.001,0.018,0.003,0.012,0.13,0.002,0.005,0.002,0.001,246.02,202.092,1.217,6,0,86.74,7,0,0,8,0,4,1.75,0,0,0,3,0,2,2,2,2,0.453,2.478,1,0,-0.097,1,1,0,0,Accepted,Accepted,Accepted,Accepted,0,Molecule 28,CS(=O)(=O)OCCCCOS(=O)(=O)C,C6H14O6S2,246.3,14,0,1,7,6,0,51.05,103.5,1.79,-0.52,1.88,0.04,-0.61,0.52,-0.58,65.2,0.265,Very soluble,-1.19,16.1,0.0653,Very soluble,-1.61,6.03,0.0245,Soluble,High,No,No,No,No,No,No,No,-8.17,0,0,0,0,0,0.55,0,1,1,2.91,0.66,0.91,0.61,0.91,0.77,0.53,0.99,0.93,0.84,0.87,0.5,0.72,0.52,1,1,0.98,0.99,0.92,1,0.99,0.99,0.99,0.99,0.99,1,0.69,0.69,0.58,0.9,0.82,0.96,1,0.99,0.78,0.99,0.57,0.51,0.87,0.92,0.9,0.84,0.66,0.77,0.98,0.93
S1696,Hydrocortisone (NSC 10483),CC12CCC(=O)C=C1CCC3C4CCC(O)(C(=O)CO)C4(C)CC(O)C23,,-3.879,1.797,1.661,0.562,0.01,0.235,0.008,0.01,-4.832,2.48E-05,0.957,0.8517,0.513,0.162,0.008,0.775,0.026,0.845,0.031,0.262,0.002,0.161,0.098,0.917,3.748,0.865,0.044,0.49,0.039,0.056,0.091,0.913,0.032,0.18,0.003,0.01,0.387,0.172,1.71,2.483,4.711,0.948,0.907,0.006,0.571,0.14,0.035,0.003,0.091,0.034,0.025,0.27,0.031,362.21,373.588,0.97,5,3,94.83,2,4,17,5,0,22,0.091,7,1,1,0,0,4,4,2,1,0.696,4.351,0.81,76.632,2.408,1,0,0,0,Accepted,Accepted,Accepted,Accepted,0,Molecule 8,OCC(=O)C1(O)CCC2C1(C)CC(O)C1C2CCC2=CC(=O)CCC12C,C21H30O5,362.46,26,0,0.81,2,5,3,97.53,94.83,1.93,1.61,1.78,1.39,2.47,1.84,-2.97,0.389,0.00107,Soluble,-3.21,0.222,0.000612,Soluble,-2.63,0.842,0.00232,Soluble,High,No,Yes,No,No,No,No,No,-7.37,0,0,0,0,0,0.55,0,0,1,5.16,0.99,0.98,0.77,0.89,0.9,0.94,0.96,0.53,0.76,0.75,0.71,0.95,0.68,1,1,1,0.96,0.97,1,1,1,1,0.99,1,1,0.61,0.98,0.63,0.82,0.52,0.99,0.99,1,0.8,0.99,0.7,0.56,0.94,0.8,1,1,0.93,0.87,1,0.99
S1704,Emtricitabine (BW 1592),NC1=NC(=O)N(C=C1F)C2CSC(CO)O2,,-1.436,-0.456,-1.01,0.001,0.004,0.144,0.003,0.231,-5.263,2.64E-05,0.612,0.1039,0.824,0.8095,0.049,0.818,0.095,0.087,0.009,0.166,0.017,0.225,0.006,0.151,9.448,0.855,0.006,0.992,0.991,0.06,0.547,0.023,0.132,0.801,0.003,0.011,0.054,0.293,1.618,2.522,5.367,0.003,0.003,0.015,0.055,0.073,0.009,0.008,0.488,0.011,0.011,0.007,0.917,247.04,205.84,1.2,6,3,91.1,2,2,6,8,0,13,0.154,2,2,0,0,0,0,1,0,0,0.649,4.354,0.5,42,0.842,2,0,0,0,Accepted,Accepted,Accepted,Accepted,0,Molecule 152,Nc1nc(=O)n(cc1F)C1CSC(O1)CO,C8H10FN3O3S,247.25,16,6,0.5,2,5,2,56.27,115.67,1.35,-0.62,-0.35,-0.19,-0.04,0.03,-1.13,18.4,0.0745,Very soluble,-1.34,11.4,0.046,Very soluble,-0.71,48.1,0.195,Soluble,High,No,No,No,No,No,No,No,-8.25,0,0,0,0,0,0.55,0,0,1,3.67,0.55,0.98,0.85,0.9,0.76,0.54,0.84,0.64,0.92,0.85,0.59,0.71,0.72,0.98,0.99,0.98,0.98,0.98,0.98,0.99,0.97,0.97,0.98,0.92,0.99,0.86,0.79,0.78,0.81,0.75,0.92,0.88,0.95,0.76,0.99,0.73,0.92,0.51,0.84,0.89,0.9,0.8,0.7,0.94,0.98
S1706,Lamivudine (BCH-189),NC1=NC(=O)N(C=C1)C2CSC(CO)O2,,-1.037,-1.39,-1.9,0.002,0.003,0.769,0.064,0.24,-5.52,0.000135257,0.636,0.1409,0.823,0.8086,0.028,0.778,0.069,0.077,0.006,0.156,0.011,0.25,0.006,0.095,4.71,0.858,0.007,0.959,0.991,0.038,0.032,0.014,0.122,0.84,0.003,0.018,0.018,0.28,1.546,2.379,4.096,0.004,0.002,0.007,0.021,0.085,0.007,0.007,0.469,0.015,0.013,0.007,0.885,229.05,199.772,1.147,6,3,91.1,2,2,6,7,0,13,0.154,2,1,0,0,0,0,0,0,0,0.621,4.401,0.5,38.5,1.245,2,0,0,0,Accepted,Accepted,Accepted,Accepted,0,Molecule 153,Nc1ccn(c(=O)n1)C1CSC(O1)CO,C8H11N3O3S,229.26,15,6,0.5,2,4,2,56.31,115.67,1.04,-0.93,-0.91,-0.61,-0.47,-0.38,-0.84,33.2,0.145,Very soluble,-1.02,22.1,0.0966,Very soluble,-0.43,84.6,0.369,Soluble,High,No,No,No,No,No,No,No,-8.36,0,1,0,0,0,0.55,0,0,1,3.57,0.52,0.98,0.67,0.89,0.78,0.5,0.98,0.51,0.96,0.86,0.66,0.69,0.69,0.98,0.99,0.99,0.99,0.98,0.99,0.99,0.98,0.98,0.98,0.95,0.99,0.9,0.84,0.79,0.78,0.73,0.93,0.89,0.95,0.74,0.99,0.78,0.91,0.57,0.83,0.92,0.94,0.86,0.75,0.94,0.98
S1714,Gemcitabine (LY-188011),NC1=NC(=O)N(C=C1)C2OC(CO)C(O)C2(F)F,,-1.219,-1.125,-2.105,0.001,0.01,0.862,0.377,0.133,-5.711,0.004554857,0.778,0.0764,0.82,0.8934,0.032,0.557,0.039,0.075,0.005,0.146,0.019,0.176,0.007,0.069,2.763,0.703,0.007,0.967,0.985,0.308,0.052,0.226,0.116,0.886,0.003,0.008,0.052,0.14,1.215,2.169,3.537,0.026,0.002,0.007,0.014,0.111,0.029,0.006,0.07,0.018,0.007,0.007,0.854,263.07,219.484,1.199,7,4,111.33,2,2,6,9,0,13,0.154,3,1,1,0,0,1,3,0,1,0.522,4.379,0.556,53.571,1.141,0,0,0,0,Accepted,Accepted,Accepted,Accepted,0,Molecule 8,OCC1OC(C(C1O)(F)F)n1ccc(nc1=O)N,C9H11F2N3O4,263.2,18,6,0.56,2,7,3,54.83,110.6,0.74,-1.46,-0.76,-0.79,-0.94,-0.64,-0.67,56.7,0.215,Very soluble,-0.36,115,0.438,Very soluble,-0.34,121,0.459,Soluble,High,No,No,No,No,No,No,No,-8.94,0,1,0,0,0,0.55,0,0,0,3.71,0.93,0.98,0.73,0.97,0.83,0.52,0.79,0.81,0.94,0.89,0.59,0.82,0.81,0.98,0.99,1,0.96,0.9,0.96,0.97,0.99,0.99,0.98,0.96,0.99,0.74,0.77,0.64,0.87,0.74,0.96,0.89,0.96,0.89,0.99,0.64,0.93,0.51,0.8,0.93,0.95,0.85,0.79,0.97,0.96
S1717,Fomepizole,CC1=C[NH]N=C1,,0.057,0.683,0.565,0,0.013,0.006,0.007,0.057,-4.267,9.67E-06,0.907,0.067,0.933,0.8259,0.358,0.703,0.263,0.339,0.038,0.897,0.039,0.622,0.038,0.162,13.453,0.853,0.044,0.72,0.929,0.007,0.249,0.121,0.351,0.063,0.027,0.975,0.05,0.183,1.551,2.463,3.495,0.004,0.002,0.021,0.006,0.099,0.005,0.002,0.02,0.01,0.006,0.005,0.003,82.05,85.905,0.955,2,1,28.68,0,1,5,2,0,5,0,0,0,0,0,0,0,0,0,0,0.49,3.323,0.25,4,-1.959,0,0,0,0,Accepted,Accepted,Accepted,Rejected,0,Molecule 1,Cc1c[nH]nc1,C4H6N2,82.1,6,5,0.25,0,1,1,23.55,28.68,0.78,0.58,0.72,-0.06,1.56,0.71,-1.33,3.83,0.0467,Very soluble,-0.76,14.4,0.176,Very soluble,-1.51,2.55,0.0311,Soluble,High,Yes,No,No,No,No,No,No,-6.39,0,3,0,0,2,0.55,0,0,1,1,0.59,0.78,0.74,0.91,0.9,0.67,0.99,0.71,0.83,0.93,0.54,0.64,0.79,0.87,1,0.98,0.99,0.97,0.99,0.99,0.98,0.98,0.99,0.98,0.98,0.97,0.91,0.54,0.93,0.72,0.97,0.99,1,0.7,1,0.69,0.86,0.72,0.89,0.78,0.8,0.59,0.66,0.91,0.62
S1729,Gemfibrozil,CC1=CC(=C(C)C=C1)OCCCC(C)(C)C(O)=O,,-4.074,3.527,3.916,0.003,0.001,0.004,0.015,0.004,-4.87,2.98E-05,0.101,0.9446,0.278,0.0588,0.442,0.927,0.084,0.795,0.462,0.095,0.025,0.386,0.044,0.443,0.851,0.557,0.027,0.054,0.05,0.008,0.071,0.014,0.273,0.132,0.717,0.95,0.051,0.406,3.27,3.888,3.797,0.566,0.009,0.022,0.014,0.161,0.007,0.557,0.067,0.005,0.177,0.034,0.005,250.16,275.265,0.909,3,1,46.53,6,1,6,3,0,7,0.857,0,0,0,0,0,0,0,0,0,0.785,2.005,0.533,10,-0.356,1,0,0,0,Accepted,Rejected,Accepted,Accepted,0,Molecule 60,Cc1ccc(c(c1)OCCCC(C(=O)O)(C)C)C,C15H22O3,250.33,18,6,0.53,6,3,1,73.22,46.53,2.74,3.76,3.57,3.04,3.65,3.35,-3.61,0.0612,0.000245,Soluble,-4.43,0.0093,0.0000371,Moderately soluble,-4.33,0.0117,0.0000469,Moderately soluble,High,Yes,No,No,No,No,Yes,No,-5.16,0,0,0,0,0,0.85,0,0,1,2.08,0.75,0.91,0.56,0.79,0.61,0.59,0.93,0.88,0.86,0.82,0.58,0.66,0.87,0.96,0.99,0.99,0.98,0.9,0.88,0.99,0.98,0.98,0.84,0.97,0.97,0.63,0.82,0.76,0.91,0.59,0.98,1,1,0.84,0.99,0.57,0.63,0.94,0.95,0.87,0.7,0.79,0.85,0.9,1
S1733,Methylprednisolone (NSC-19987),CC1CC2C3CCC(O)(C(=O)CO)C3(C)CC(O)C2C4(C)C=CC(=O)C=C14,,-3.867,1.86,2.108,0.006,0.018,0.156,0.008,0.002,-4.848,2.43E-05,0.988,0.8208,0.736,0.1518,0.006,0.581,0.026,0.766,0.021,0.122,0.003,0.039,0.674,0.924,4.426,0.747,0.032,0.342,0.098,0.057,0.359,0.928,0.107,0.662,0.003,0.013,0.962,0.322,2.673,3.105,4.93,0.907,0.882,0.005,0.397,0.141,0.046,0.008,0.452,0.037,0.067,0.316,0.033,374.21,388.248,0.964,5,3,94.83,2,4,17,5,0,22,0.091,7,1,1,0,0,4,4,2,1,0.642,4.789,0.727,76.316,2.36,1,0,0,0,Accepted,Accepted,Accepted,Accepted,0,Molecule 33,OCC(=O)C1(O)CCC2C1(C)CC(O)C1C2CC(C2=CC(=O)C=CC12C)C,C22H30O5,374.47,27,0,0.73,2,5,3,101.87,94.83,2.26,1.95,1.8,1.52,2.18,1.94,-3.26,0.207,0.000552,Soluble,-3.57,0.102,0.000272,Soluble,-2.31,1.82,0.00486,Soluble,High,No,Yes,No,No,No,No,No,-7.2,0,0,0,0,0,0.55,0,0,1,5.42,0.98,0.99,0.76,0.87,0.75,0.8,0.99,0.64,0.74,0.99,0.68,0.91,0.74,1,1,1,0.98,0.95,1,1,0.99,0.99,0.99,0.99,1,0.59,0.98,0.64,0.81,0.52,0.99,0.99,1,0.81,1,0.72,0.55,0.94,0.8,1,0.96,0.92,0.83,0.97,0.99
S1736,Methocarbamol,COC1=C(OCC(O)COC(N)=O)C=CC=C1,,-1.139,0.566,0.326,0.002,0.689,0.006,0.012,0.004,-4.949,0.000170929,0.969,0.574,0.596,0.4947,0.263,0.278,0.032,0.816,0.006,0.21,0.019,0.668,0.02,0.363,9.7,0.788,0.212,0.426,0.048,0.886,0.008,0.008,0.268,0.9,0.003,0.013,0.007,0.532,2.728,2.815,4.537,0.026,0.061,0.021,0.003,0.083,0.006,0.006,0.029,0.011,0.021,0.028,0.011,241.1,234.658,1.027,6,3,91.01,7,1,6,6,0,7,1,1,0,0,0,0,2,1,1,1,0.758,2.375,0.364,14,0.239,1,0,0,0,Accepted,Accepted,Accepted,Accepted,0,Molecule 96,COc1ccccc1OCC(COC(=O)N)O,C11H15NO5,241.24,17,6,0.36,7,5,2,59.39,91.01,1.92,0.61,0.53,0.15,0.41,0.72,-1.52,7.3,0.0303,Very soluble,-2.1,1.94,0.00803,Soluble,-1.89,3.14,0.013,Soluble,High,No,No,No,No,No,No,No,-7.34,0,0,0,0,0,0.55,0,0,1,2.63,0.87,0.61,0.73,0.84,0.73,0.61,0.93,0.72,0.65,0.7,0.74,0.5,0.55,0.97,0.99,1,0.99,0.97,0.99,0.98,0.99,0.99,0.98,0.99,0.99,0.68,0.51,0.61,0.89,0.78,0.98,0.99,0.99,0.76,1,0.76,0.74,0.77,0.93,0.94,0.96,0.79,0.76,0.96,0.99
S1737,Prednisolone (NSC-9900),CC12CC(O)C3C(CCC4=CC(=O)C=CC34C)C1CCC2(O)C(=O)CO,,-4.07,1.629,1.694,0.031,0.009,0.34,0.005,0.002,-4.789,2.08E-05,0.986,0.8696,1.012,0.0966,0.011,0.772,0.026,0.782,0.023,0.123,0.01,0.056,0.397,0.925,3.304,0.872,0.03,0.515,0.018,0.025,0.336,0.941,0.042,0.798,0.003,0.011,0.937,0.163,2.036,2.92,4.844,0.976,0.963,0.005,0.717,0.158,0.045,0.004,0.429,0.104,0.038,0.424,0.022,360.19,370.952,0.971,5,3,94.83,2,4,17,5,0,22,0.091,7,1,1,0,0,4,4,2,1,0.695,4.415,0.714,74.667,2.572,1,0,0,0,Accepted,Accepted,Accepted,Accepted,0,Molecule 12,OCC(=O)C1(O)CCC2C1(C)CC(O)C1C2CCC2=CC(=O)C=CC12C,C21H28O5,360.44,26,0,0.71,2,5,3,97.06,94.83,2.19,1.62,1.56,1.3,2.06,1.75,-2.96,0.392,0.00109,Soluble,-3.22,0.215,0.000597,Soluble,-2.17,2.45,0.00681,Soluble,High,No,Yes,No,No,No,No,No,-7.35,0,0,0,0,0,0.55,0,0,1,5.23,0.99,0.98,0.77,0.89,0.9,0.94,0.99,0.53,0.76,0.75,0.71,0.95,0.68,1,1,1,0.96,0.97,1,1,1,1,0.99,1,1,0.61,0.98,0.63,0.82,0.52,0.99,0.99,1,0.8,0.99,0.7,0.56,0.94,0.8,1,1,0.93,0.87,1,0.99
S1742,Nevirapine (NSC 641530),CC1=CC=NC2=C1NC(=O)C3=C(N=CC=C3)N2C4CC4,,-4.193,2.263,1.612,0.02,0.006,0.006,0.002,0.003,-4.566,2.73E-05,0.963,0.6216,1.146,0.3189,0.173,0.276,0.349,0.866,0.382,0.948,0.024,0.864,0.216,0.82,0.578,0.286,0.022,0.916,0.974,0.214,0.783,0.472,0.096,0.816,0.003,0.013,0.738,0.771,2.609,3.293,3.945,0.053,0.036,0.917,0.899,0.233,0.035,0.843,0.709,0.567,0.067,0.32,0.645,266.12,268.092,0.993,5,1,58.12,1,4,15,5,0,21,0.048,0,1,0,0,0,4,0,0,1,0.862,2.594,0.267,46.316,-0.247,0,0,0,0,Accepted,Accepted,Accepted,Accepted,0,Molecule 156,Cc1ccnc2c1[nH]c(=O)c1c(n2C2CC2)nccc1,C15H14N4O,266.3,20,15,0.27,1,3,1,78.2,63.57,2.42,1.96,2.42,2.14,2.72,2.33,-3.21,0.162,0.00061,Soluble,-2.92,0.32,0.0012,Soluble,-4.75,0.0047,0.0000177,Moderately soluble,High,Yes,Yes,Yes,No,No,No,No,-6.53,0,0,0,0,0,0.55,0,0,0,2.3,0.82,0.93,0.9,0.95,0.94,0.57,0.83,0.57,0.69,0.97,0.55,0.64,0.73,0.83,0.93,0.99,0.95,0.87,0.97,0.97,0.99,0.99,0.92,0.96,0.93,0.97,0.81,0.72,0.84,0.53,0.82,0.97,1,0.77,0.89,0.63,0.99,0.64,0.91,0.5,0.79,0.76,0.77,0.89,0.99
S1744,Nicotinic Acid,OC(=O)C1=CC=CN=C1,,-0.774,-0.168,0.405,0,0.001,0.012,0.002,0.007,-5.316,1.35E-05,0.241,0.1607,0.484,0.8395,0.027,0.371,0.037,0.054,0.017,0.14,0.009,0.119,0.025,0.105,3.502,0.829,0.048,0.312,0.967,0.024,0.419,0.009,0.76,0.077,0.047,0.994,0.209,0.187,2.248,2.63,2.377,0.01,0.002,0.008,0.004,0.061,0.006,0.005,0.019,0.017,0.011,0.009,0.005,123.03,121.807,1.01,3,1,50.19,1,1,6,3,0,7,0.143,0,1,0,0,0,0,0,0,0,0.6,1.585,0,5,-0.711,0,0,0,0,Accepted,Accepted,Accepted,Rejected,0,Molecule 70,OC(=O)c1cccnc1,C6H5NO2,123.11,9,6,0,1,3,1,31.2,50.19,0.86,0.36,0.78,-1.13,0.75,0.32,-1.26,6.81,0.0553,Very soluble,-0.98,12.9,0.105,Very soluble,-1.35,5.46,0.0444,Soluble,High,Yes,No,No,No,No,No,No,-6.8,0,3,0,0,1,0.85,0,0,1,1,0.8,0.57,0.54,0.73,0.67,0.95,0.99,0.99,0.77,0.87,0.65,0.6,0.85,0.99,1,1,0.99,0.99,1,1,1,1,0.99,0.99,0.99,0.82,0.88,0.71,0.96,0.58,0.84,0.99,0.99,0.87,0.99,0.7,0.78,0.87,0.88,0.97,0.89,0.62,0.87,1,0.88
S1774,Thioguanine (NSC 752),NC1=NC(=S)C2=C(N1)N=C[NH]2,,-2.739,-0.148,-0.779,0,0.001,0.016,0.945,0.054,-5.053,4.15E-06,0.31,0.2462,0.92,0.6568,0.045,0.956,0.233,0.035,0.017,0.007,0.003,0.016,0.053,0.206,6.781,0.963,0.013,0.995,0.99,0.463,0.977,0.084,0.847,0.638,0.003,0.306,0.989,-0.364,3.4,3.694,4.98,0.003,0.003,0.937,0.983,0.047,0.053,0.037,0.929,0.053,0.035,0.179,0.91,167.03,140.87,1.186,5,4,84.11,0,2,9,6,0,12,0,0,0,0,0,0,0,0,2,0,0.429,3.863,0,10,-0.312,1,0,0,0,Accepted,Accepted,Accepted,Rejected,0,Molecule 36,Nc1nc(=S)c2c([nH]1)nc[nH]2,C5H5N5S,167.19,11,9,0,0,2,3,43.48,115.47,0.14,-0.07,0.61,-0.9,2.05,0.36,-1.44,6.1,0.0365,Very soluble,-1.9,2.09,0.0125,Very soluble,-1.91,2.06,0.0123,Soluble,High,No,No,No,No,No,No,No,-7.37,0,1,0,0,1,0.55,0,1,1,1.84,0.75,0.65,0.71,0.59,0.86,0.58,0.99,0.66,0.62,0.61,0.53,0.51,0.52,0.88,0.99,0.98,0.92,0.91,0.98,0.99,0.97,0.97,0.91,0.92,0.95,0.98,0.89,0.71,0.89,0.93,0.93,0.99,0.99,0.78,0.98,0.78,0.96,0.55,0.78,0.81,0.61,0.71,0.5,0.91,0.97
S1789,Tetrabenazine (Xenazine),COC1=CC2=C(C=C1OC)C3CC(=O)C(CC(C)C)CN3CC2,,-2.548,3.037,2.757,0.101,0.185,0.003,0.825,0.89,-4.556,2.32E-05,0.997,0.6144,3.111,0.1173,0.066,0.902,0.148,0.955,0.028,0.557,0.825,0.898,0.078,0.886,12.333,0.723,0.08,0.39,0.234,0.027,0.263,0.892,0.054,0.283,0.003,0.015,0.926,1.295,3.231,4.076,5.052,0.381,0.004,0.233,0.006,0.081,0.109,0.005,0.052,0.012,0.007,0.03,0.019,317.2,338.332,0.938,4,0,38.77,4,3,14,4,0,17,0.235,2,1,0,0,0,2,0,0,0,0.854,3.241,0.632,60.968,0.841,0,0,0,0,Accepted,Accepted,Accepted,Accepted,0,Molecule 9,COc1cc2c(cc1OC)CCN1C2CC(=O)C(C1)CC(C)C,C19H27NO3,317.42,23,6,0.63,4,4,0,95.4,38.77,3.45,2.95,2.53,2.21,3.54,2.94,-3.6,0.0806,0.000254,Soluble,-3.43,0.119,0.000374,Soluble,-4.56,0.00866,0.0000273,Moderately soluble,High,Yes,No,No,No,No,Yes,No,-6.14,0,0,0,0,0,0.55,0,0,0,3.66,0.93,0.63,0.64,0.97,0.74,0.53,0.51,0.7,0.57,0.97,0.57,0.51,0.6,0.95,0.97,0.99,0.95,0.93,0.99,0.99,0.99,0.99,0.86,0.98,0.99,0.5,0.51,0.91,0.8,0.59,0.8,1,1,0.61,1,0.71,0.75,0.87,0.97,0.65,0.84,0.66,0.72,0.92,1
S1816,Chlorpheniramine Maleate,CN(C)CCC(C1=CC=C(Cl)C=C1)C2=NC=CC=C2.OC(=O)\C=C/C(O)=O,,-3.619,2.921,3.499,0.004,0.001,0.002,0.003,0.001,-4.328,1.18E-05,0.96,0.7627,3.941,0.2854,0.097,0.947,0.055,0.979,0.012,0.376,0.951,0.909,0.026,0.917,6.299,0.073,0.471,0.647,0.122,0.03,0.942,0.922,0.21,0.052,0.003,0.011,0.961,1.678,3.782,4.652,5.466,0.09,0.002,0.003,0.02,0.147,0.013,0.004,0.03,0.005,0.007,0.085,0.089,274.12,289.565,0.947,2,0,16.13,5,2,6,3,0,12,0.417,1,3,1,0,0,1,1,0,0,0.824,2.471,0.312,22,-1.38,0,0,0,0,Accepted,Rejected,Accepted,Accepted,0,Molecule 18,CN(CCC(c1ccccn1)c1ccc(cc1)Cl)C.OC(=O)/C=C\C(=O)O,C20H23ClN2O4,390.86,27,12,0.25,7,6,2,105.24,90.73,3.21,0.67,3.53,1.98,4,2.68,-2.55,1.1,0.0028,Soluble,-2.15,2.76,0.00705,Soluble,-6.13,0.000292,0.000000748,Poorly soluble,High,No,Yes,No,No,No,No,No,-8.21,0,0,0,0,0,0.56,0,1,1,3.22,0.84,0.56,0.53,0.89,0.75,0.72,0.64,0.9,0.65,0.64,0.64,0.58,0.58,0.98,1,1,0.97,0.98,0.99,0.99,0.99,0.99,0.97,0.99,0.99,0.66,0.72,0.75,0.92,0.75,0.85,0.99,1,0.58,0.98,0.53,0.94,0.69,0.84,0.89,0.77,0.65,0.51,0.76,0.98
S1836,Albendazole Oxide,CCC[S](=O)C1=CC2=C(C=C1)N=C(NC(=O)OC)[NH]2,,-1.834,1.18,1.271,0.114,0.97,0.082,0.005,0.037,-4.458,8.80E-05,0.957,0.7138,0.711,0.3328,0.728,0.977,0.077,0.061,0.022,0.055,0.039,0.03,0.021,0.769,5.865,0.897,0.049,0.995,0.965,0.981,0.972,0.954,0.305,0.975,0.003,0.048,0.961,0.222,3.225,4.046,6.097,0.19,0.008,0.863,0.019,0.133,0.009,0.003,0.621,0.048,0.004,0.035,0.029,281.08,263.683,1.066,6,2,93.3,5,2,9,7,0,12,0.417,1,0,0,1,0,0,0,3,0,0.838,4.428,0.333,24,-0.51,3,0,0,0,Accepted,Accepted,Accepted,Accepted,0,Molecule 72,CCCS(=O)c1ccc2c(c1)[nH]c(n2)NC(=O)OC,C12H15N3O3S,281.33,19,9,0.33,6,4,2,73.9,103.29,1.21,1.45,2.93,0.73,1.05,1.47,-2.45,0.993,0.00353,Soluble,-3.22,0.168,0.000596,Soluble,-4.25,0.0158,0.0000561,Moderately soluble,High,No,No,No,No,No,No,No,-6.99,0,0,0,0,0,0.55,0,0,0,3.01,0.65,0.6,0.54,0.58,0.73,0.52,0.89,0.69,0.72,0.83,0.52,0.52,0.63,0.71,0.9,0.95,0.94,0.56,0.99,0.96,0.9,0.9,0.61,0.76,0.68,0.92,0.65,0.74,0.81,0.88,0.91,0.99,0.99,0.85,0.96,0.6,0.92,0.54,0.84,0.54,0.68,0.57,0.72,0.84,0.99
S1843,Chenodeoxycholic Acid,CC(CCC(O)=O)C1CCC2C3C(O)CC4CC(O)CCC4(C)C3CCC12C,,-4.523,3.404,3.043,0.889,0.016,0.059,0.012,0.237,-5.003,8.61E-05,0.793,0.9548,0.695,0.0308,0.017,0.613,0.006,0.851,0.084,0.962,0,0.431,0.011,0.079,20.153,0.615,0.035,0.44,0.013,0.011,0.067,0.885,0.156,0.031,0.003,0.009,0.813,0.848,4.185,3.658,5.033,0.022,0.003,0.001,0.004,0.497,0.877,0.871,0.155,0.003,0.081,0.909,0.009,392.29,421.959,0.93,4,3,77.76,4,4,17,4,0,21,0.19,10,0,0,0,0,0,1,0,0,0.659,4.342,0.958,73.532,2.429,0,0,0,0,Accepted,Accepted,Accepted,Accepted,0,Molecule 18,OC1CCC2(C(C1)CC(C1C2CCC2(C1CCC2C(CCC(=O)O)C)C)O)C,C24H40O4,392.57,28,0,0.96,4,4,3,112.6,77.76,3.14,3.08,4.48,3.88,3.42,3.6,-3.95,0.044,0.000112,Soluble,-4.38,0.0164,0.0000417,Moderately soluble,-3.13,0.29,0.00074,Soluble,High,No,Yes,No,No,No,No,No,-6.51,0,0,0,0,0,0.56,0,0,1,4.93,0.73,0.9,0.7,0.84,0.77,0.79,0.78,0.56,0.76,0.67,0.59,0.51,0.67,1,0.91,0.96,0.99,0.94,0.95,0.99,0.96,0.96,0.76,0.98,0.99,0.61,0.92,0.67,0.86,0.55,0.99,1,1,0.89,0.99,0.58,0.7,0.98,0.96,1,1,0.86,0.98,1,1
S1865,Diltiazem HCl,Cl.COC1=CC=C(C=C1)C2SC3=C(C=CC=C3)N(CCN(C)C)C(=O)C2OC(C)=O,,-4.063,2.594,2.758,0.989,0.005,0.009,0.287,0.322,-4.687,2.10E-05,0.951,0.8417,3.07,0.2666,0.092,0.659,0.392,0.967,0.087,0.716,0.297,0.9,0.87,0.917,9.426,0.069,0.388,0.862,0.957,0.777,0.242,0.513,0.13,0.112,0.003,0.008,0.803,1.401,4.475,6.361,6.406,0.552,0.038,0.05,0.491,0.099,0.007,0.008,0.337,0.018,0.008,0.089,0.636,414.16,417.971,0.991,6,0,59.08,7,3,11,7,0,20,0.35,2,1,0,0,0,4,0,2,1,0.676,3.142,0.364,59.533,-0.131,3,0,0,0,Accepted,Accepted,Rejected,Accepted,0,Molecule 50,COc1ccc(cc1)C1Sc2ccccc2N(C(=O)C1OC(=O)C)CCN(C)C.Cl,C22H27ClN2O4S,450.98,30,12,0.36,7,5,0,124.36,84.38,0,3.5,3.47,2.61,2.83,2.48,-4.68,0.00953,0.0000211,Moderately soluble,-4.96,0.005,0.0000111,Moderately soluble,-5.65,0.001,0.00000222,Moderately soluble,High,No,Yes,No,No,No,Yes,Yes,-6.57,0,0,0,0,0,0.55,0,0,1,4.44,0.71,0.71,0.52,0.94,0.72,0.66,0.86,0.62,0.53,0.9,0.56,0.57,0.62,0.9,0.97,0.98,0.96,0.95,0.94,0.98,0.96,0.96,0.9,0.85,0.98,0.67,0.75,0.86,0.72,0.8,0.96,1,0.99,0.65,0.95,0.7,0.94,0.81,0.91,0.89,0.85,0.65,0.88,0.51,0.99
S1899,Nicotinamide (NSC 13128),NC(=O)C1=CC=CN=C1,,0.451,-0.435,-0.246,0,0.15,0.009,0.002,0.012,-4.31,2.22E-05,0.876,0.2202,1.175,0.8233,0.31,0.756,0.057,0.071,0.015,0.208,0.019,0.31,0.024,0.215,7.91,0.308,0.069,0.059,0.95,0.011,0.3,0.022,0.543,0.306,0.006,0.961,0.072,0.269,1.724,2.661,2.267,0.008,0.002,0.009,0.004,0.057,0.004,0.003,0.022,0.011,0.008,0.01,0.004,122.05,124.014,0.984,3,2,55.98,1,1,6,3,0,7,0.143,0,1,0,0,0,0,0,0,0,0.577,1.691,0,5,-1.299,0,0,0,0,Accepted,Accepted,Accepted,Rejected,0,Molecule 16,NC(=O)c1cccnc1,C6H6N2O,122.12,9,6,0,1,2,1,32.33,55.98,0.7,-0.37,0.18,-0.43,0.52,0.12,-0.79,19.7,0.162,Very soluble,-0.34,55.5,0.454,Very soluble,-1.57,3.3,0.027,Soluble,High,No,No,No,No,No,No,No,-7.31,0,3,0,0,1,0.55,0,0,1,1,0.54,0.54,0.7,0.77,0.78,0.92,0.98,0.94,0.85,0.99,0.63,0.51,0.54,0.98,0.99,0.99,0.99,0.99,1,1,1,1,0.99,1,1,0.95,0.88,0.56,0.96,0.67,0.95,0.99,1,0.81,0.97,0.8,0.9,0.58,0.9,0.8,0.78,0.82,0.82,0.81,0.96
S1913,Tropicamide,CCN(CC1=CC=NC=C1)C(=O)C(CO)C2=CC=CC=C2,,-1.012,1.277,1.455,0.002,0.056,0.022,0.187,0.016,-4.618,3.09E-05,0.364,0.4394,0.878,0.5554,0.402,0.408,0.934,0.607,0.837,0.208,0.239,0.22,0.931,0.809,9.384,0.674,0.101,0.107,0.852,0.043,0.04,0.03,0.224,0.048,0.003,0.018,0.05,0.664,2.78,3.388,3.418,0.019,0.003,0.044,0.845,0.07,0.008,0.051,0.051,0.01,0.574,0.033,0.006,284.15,306.594,0.927,4,1,53.43,7,2,6,4,0,13,0.538,1,2,0,0,0,1,0,0,0,0.885,2.528,0.294,22,-0.87,0,0,0,0,Accepted,Accepted,Accepted,Accepted,0,Molecule 13,CCN(C(=O)C(c1ccccc1)CO)Cc1ccncc1,C17H20N2O2,284.35,21,12,0.29,7,3,1,81.98,53.43,2.13,1.46,2.05,1.36,2.67,1.94,-2.48,0.934,0.00328,Soluble,-2.19,1.84,0.00648,Soluble,-4.9,0.0036,0.0000126,Moderately soluble,High,Yes,No,No,No,No,No,No,-7,0,0,0,0,0,0.55,0,0,0,2.42,0.93,0.66,0.54,0.76,0.7,0.56,0.99,0.72,0.72,0.86,0.51,0.56,0.61,0.95,0.97,0.96,1,0.96,0.99,0.98,0.97,0.97,0.92,0.96,0.98,0.79,0.68,0.8,0.93,0.57,0.87,0.99,0.99,0.56,0.98,0.73,0.93,0.54,0.91,0.77,0.99,0.78,0.57,0.74,0.98
S1933,Triamcinolone,CC12CC(O)C3(F)C(CCC4=CC(=O)C=CC34C)C1CC(O)C2(O)C(=O)CO,,-3.749,0.993,1.199,0.005,0.03,0.571,0.013,0.016,-4.941,1.64E-05,0.995,0.7667,0.762,0.1851,0.005,0.55,0.014,0.766,0.008,0.12,0.002,0.064,0.136,0.885,2.134,0.779,0.036,0.521,0.016,0.084,0.404,0.923,0.054,0.726,0.003,0.01,0.932,0.157,1.713,3.042,4.972,0.987,0.974,0.016,0.695,0.191,0.029,0.006,0.267,0.067,0.022,0.654,0.034,394.18,385.809,1.022,6,4,115.06,2,4,17,7,0,22,0.091,8,1,2,0,0,4,4,2,1,0.546,4.681,0.714,82.667,2.096,1,0,0,0,Accepted,Accepted,Accepted,Accepted,0,Molecule 11,OCC(=O)C1(O)C(O)CC2C1(C)CC(O)C1(C2CCC2=CC(=O)C=CC12C)F,C21H27FO6,394.43,28,0,0.71,2,7,4,98.31,115.06,1.51,1.16,1.04,0.59,1.58,1.18,-2.88,0.515,0.00131,Soluble,-3.17,0.266,0.000674,Soluble,-1.83,5.78,0.0147,Soluble,High,No,Yes,No,No,No,No,No,-7.88,0,0,0,0,0,0.55,0,0,1,5.46,0.99,0.99,0.67,0.95,0.73,0.78,0.99,0.61,0.77,0.99,0.61,0.83,0.71,1,1,1,0.88,1,0.99,0.99,1,1,0.98,0.99,0.99,0.61,0.96,0.6,0.78,0.58,0.98,0.99,1,0.87,0.99,0.74,0.6,0.92,0.8,0.99,0.99,0.68,0.56,0.99,0.99
S1952,Methoxsalen,COC1=C2OC=CC2=CC3=C1OC(=O)C=C3,,-3.686,2.333,2.071,0.006,0.003,0.007,0.007,0.724,-4.695,3.06E-05,0.035,0.8296,0.657,0.1322,0.989,0.891,0.472,0.082,0.242,0.744,0.787,0.642,0.744,0.201,13.332,0.772,0.034,0.79,0.955,0.268,0.174,0.23,0.183,0.89,0.004,0.096,0.878,1.549,3.174,3.959,4.741,0.191,0.008,0.933,0.773,0.173,0.006,0.141,0.142,0.333,0.019,0.165,0.647,216.04,209.781,1.03,4,0,52.58,1,3,13,4,0,16,0.062,0,0,1,0,0,0,0,3,4,0.586,2.521,0.083,15,1.258,1,0,0,0,Accepted,Accepted,Accepted,Accepted,0,Molecule 2,COc1c2oc(=O)ccc2cc2c1occ2,C12H8O4,216.19,16,13,0.08,1,4,0,58.75,52.58,2.22,2,2.55,1.18,2.88,2.16,-2.98,0.229,0.00106,Soluble,-2.73,0.402,0.00186,Soluble,-4.63,0.00501,0.0000232,Moderately soluble,High,Yes,No,Yes,No,No,No,No,-6.2,0,0,0,0,0,0.55,0,1,1,2.97,0.78,0.89,0.51,0.62,0.77,0.86,0.78,0.51,0.86,0.68,0.55,0.51,0.55,1,0.99,0.99,0.99,0.96,0.99,0.99,0.99,0.99,0.96,0.98,0.96,0.88,0.86,0.84,0.93,0.64,0.98,0.99,1,0.75,0.98,0.61,0.83,0.87,0.86,1,0.69,0.92,0.92,0.93,0.97
S1965,Primidone,CCC1(C(=O)NCNC1=O)C2=CC=CC=C2,,-2.311,0.855,0.993,0.002,0.863,0.004,0.003,0.001,-4.669,9.52E-05,0.937,0.4546,1.296,0.5742,0.034,0.091,0.184,0.94,0.017,0.078,0.017,0.094,0.07,0.151,2.692,0.496,0.008,0.06,0.022,0.957,0.342,0.205,0.067,0.019,0.003,0.01,0.615,0.271,2.006,2.96,4.196,0.008,0.002,0.003,0.003,0.224,0.008,0.004,0.186,0.003,0.003,0.007,0.008,218.11,225.387,0.968,4,2,58.2,2,2,6,4,0,14,0.143,0,0,0,0,0,2,0,0,0,0.712,2.77,0.333,27,0.211,0,0,0,0,Accepted,Accepted,Accepted,Accepted,0,Molecule 27,CCC1(C(=O)NCNC1=O)c1ccccc1,C12H14N2O2,218.25,16,6,0.33,2,2,2,67.05,58.2,1.19,0.91,-0.22,1.06,1.93,0.97,-1.91,2.67,0.0122,Very soluble,-1.72,4.18,0.0192,Very soluble,-4.17,0.0146,0.0000668,Moderately soluble,High,No,No,No,No,No,No,No,-6.99,0,0,0,0,0,0.55,0,1,1,1.68,0.9,0.72,0.57,0.91,0.93,0.88,0.99,0.73,0.72,0.97,0.56,0.59,0.66,0.96,0.98,0.99,0.98,0.98,0.99,0.99,0.98,0.98,0.95,0.98,0.99,0.9,0.78,0.97,0.98,0.96,0.92,0.97,0.99,0.9,0.98,0.92,0.97,0.95,0.98,0.91,0.86,0.64,0.65,0.92,0.99
S2006,Pyrimethamine,CCC1=NC(=NC(=C1C2=CC=C(Cl)C=C2)N)N,,-2.375,1.618,1.179,0.001,0.989,0.06,0.056,0.004,-5.474,3.87E-05,0.611,0.8883,0.79,0.144,0.564,0.731,0.242,0.033,0.048,0.002,0.012,0.064,0.031,0.308,3.896,0.84,0.946,0.996,0.952,0.113,0.789,0.944,0.293,0.93,0.003,0.021,0.971,-0.158,3.455,3.894,5.456,0.016,0.004,0.825,0.451,0.053,0.024,0.006,0.375,0.062,0.011,0.128,0.549,248.08,242.375,1.024,4,4,79.28,2,2,6,5,0,14,0.143,0,1,1,0,0,0,1,0,0,0.629,3.073,0.167,12,-0.501,0,0,0,0,Accepted,Accepted,Accepted,Accepted,0,Molecule 20,CCc1nc(N)nc(c1c1ccc(cc1)Cl)N,C12H13ClN4,248.71,17,12,0.17,2,2,2,71.06,77.82,2.15,2.69,2.54,1.64,2.44,2.29,-3.47,0.0848,0.000341,Soluble,-3.98,0.0262,0.000105,Soluble,-4.87,0.00339,0.0000136,Moderately soluble,High,Yes,No,Yes,Yes,No,No,Yes,-5.91,0,0,0,0,0,0.55,0,0,1,2.43,0.78,0.74,0.8,0.88,0.88,0.85,0.96,0.86,0.89,0.73,0.62,0.58,0.61,0.74,0.93,0.98,0.94,0.64,0.97,0.97,0.99,0.99,0.92,0.85,0.93,0.98,0.85,0.78,0.96,0.85,0.9,1,1,0.8,0.99,0.76,0.96,0.66,0.79,0.86,0.52,0.62,0.52,0.88,0.99
S2011,Pramipexole 2HCl Monohydrate,O.Cl.Cl.CCCNC1CCC2=C(C1)SC(=N2)N,,-1.64,0.766,0.452,0,0.999,0.016,0.043,0.022,-5.185,1.93E-05,0.64,0.1552,1.185,0.7845,0.102,0.549,0.35,0.062,0.008,0.029,0.175,0.873,0.009,0.359,6.701,0.469,0.107,0.973,0.093,0.045,0.708,0.871,0.424,0.899,0.005,0.028,0.853,0.059,1.952,2.676,4.006,0.005,0.003,0.081,0.006,0.075,0.008,0.007,0.042,0.01,0.008,0.025,0.008,211.11,210.63,1.002,3,3,51.67,3,2,9,4,0,11,0.273,1,0,0,0,0,0,0,1,0,0.695,3.742,0.7,34.706,-0.913,1,0,0,0,Accepted,Accepted,Accepted,Accepted,0,Molecule 11,CCCNC1CCc2c(C1)sc(n2)N.O.Cl.Cl,C10H21Cl2N3OS,302.26,17,5,0.7,3,3,3,78.15,88.41,0,2.99,3.13,0.73,2.64,1.9,-3.62,0.0729,0.000241,Soluble,-4.51,0.00933,0.0000309,Moderately soluble,-3.07,0.258,0.000853,Soluble,High,No,Yes,No,No,No,No,Yes,-6.02,0,0,0,0,0,0.55,0,0,0,3.61,0.64,0.78,0.72,0.89,0.74,0.58,0.96,0.56,0.55,0.71,0.51,0.54,0.56,0.93,0.99,0.99,0.98,0.94,0.99,0.99,0.96,0.96,0.96,0.97,0.97,0.94,0.86,0.8,0.76,0.76,0.93,0.97,1,0.67,0.99,0.83,0.83,0.67,0.78,0.74,0.73,0.63,0.72,0.77,0.98
S2024,Ketotifen Fumarate,CN1CCC(CC1)=C2C3=C(CC(=O)C4=C2C=CS4)C=CC=C3.OC(=O)\C=C\C(O)=O,,-5.416,2.968,3.879,0.857,0.03,0.004,0.008,0.005,-4.629,1.87E-05,0.958,0.9007,3.259,0.0271,0.773,0.957,0.151,0.956,0.024,0.246,0.965,0.93,0.022,0.672,4.073,0.048,0.967,0.519,0.896,0.878,0.741,0.838,0.933,0.126,0.004,0.022,0.96,2.298,4.526,5.396,5.421,0.033,0.433,0.921,0.275,0.215,0.381,0.855,0.176,0.01,0.777,0.286,0.735,309.12,322.795,0.958,2,0,20.31,1,4,14,3,0,23,0.043,0,0,1,0,0,0,0,1,3,0.67,2.508,0.316,48,-0.763,1,0,0,0,Accepted,Rejected,Accepted,Accepted,0,Molecule 4,CN1CCC(=C2c3ccccc3CC(=O)c3c2ccs3)CC1.OC(=O)/C=C/C(=O)O,C23H23NO5S,425.5,30,11,0.26,2,6,2,120.28,123.15,3.2,0.51,3.35,2.03,5.34,2.89,-2.94,0.49,0.00115,Soluble,-2.67,0.917,0.00215,Soluble,-5.97,0.000457,0.00000107,Moderately soluble,High,No,Yes,Yes,No,Yes,No,No,-8.53,0,0,0,0,0,0.56,0,1,1,3.85,0.92,0.56,0.53,0.98,0.84,0.62,0.98,0.64,0.54,0.72,0.69,0.67,0.51,0.85,0.96,0.98,0.89,0.88,0.98,0.98,0.94,0.94,0.85,0.87,0.98,0.66,0.83,0.86,0.58,0.75,0.85,0.99,1,0.6,0.98,0.54,0.84,0.85,0.64,0.9,0.67,0.53,0.53,0.76,0.96
S2051,Captopril,CC(CS)C(=O)N1CCCC1C(O)=O,,-0.608,-0.328,0.272,0.001,0.003,0.13,0.007,0.009,-5.897,5.30E-05,0.27,0.3189,0.307,0.6188,0.008,0.105,0.026,0.066,0.009,0.825,0.011,0.213,0.008,0.027,12.358,0.86,0.008,0.84,0.813,0.01,0.041,0.031,0.281,0.029,0.004,0.047,0.589,0.325,2.735,3.394,3.974,0.396,0.006,0.013,0.005,0.345,0.013,0.01,0.163,0.007,0.02,0.01,0.007,217.08,206.267,1.052,4,1,57.61,4,1,5,5,0,7,0.571,2,0,0,1,0,2,0,2,0,0.682,3.033,0.778,20,0.113,2,0,0,0,Accepted,Accepted,Accepted,Accepted,0,Molecule 108,SCC(C(=O)N1CCCC1C(=O)O)C,C9H15NO3S,217.29,14,0,0.78,4,3,1,59.97,96.41,1.46,0.34,0.25,0.45,0.61,0.62,-1.14,15.8,0.0729,Very soluble,-1.93,2.56,0.0118,Very soluble,-0.38,91.4,0.421,Soluble,High,No,No,No,No,No,No,No,-7.38,0,0,0,0,0,0.56,0,1,1,2.47,0.89,0.58,0.86,0.8,0.62,0.5,0.99,0.83,0.79,0.55,0.68,0.51,0.55,0.93,0.96,0.96,0.97,0.89,0.99,0.97,0.99,0.99,0.98,0.95,0.98,0.9,0.78,0.97,0.98,0.96,0.92,0.97,0.99,0.89,0.98,0.92,0.97,0.95,0.98,0.98,0.9,0.77,0.88,0.99,0.98
S2062,Tiopronin,CC(S)C(=O)NCC(O)=O,,-0.519,-1.15,-0.471,0.001,0.005,0.021,0.003,0.01,-5.778,0.000344071,0.414,0.5422,0.257,0.5974,0.009,0.074,0.025,0.059,0.017,0.873,0.004,0.154,0.008,0.031,4.78,0.767,0.007,0.177,0.657,0.015,0.013,0.014,0.111,0.03,0.004,0.025,0.05,-0.009,1.792,2.767,3.56,0.011,0.003,0.009,0.003,0.125,0.006,0.013,0.15,0.005,0.014,0.006,0.006,163.03,145.64,1.119,4,2,66.4,4,0,0,5,0,2,2,1,0,0,1,0,2,0,1,0,0.492,2.923,0.6,3,-0.006,2,0,0,0,Accepted,Accepted,Accepted,Rejected,0,Molecule 179,CC(C(=O)NCC(=O)O)S,C5H9NO3S,163.19,10,0,0.6,4,3,2,38.85,105.2,0.72,-0.14,-0.49,-0.54,-0.36,-0.16,-0.5,51.7,0.317,Very soluble,-1.62,3.96,0.0243,Very soluble,-0.2,104,0.637,Soluble,High,No,No,No,No,No,No,No,-7.39,0,3,0,0,1,0.56,0,1,1,1.85,0.88,0.8,0.59,0.77,0.57,0.68,0.99,0.84,0.65,0.78,0.72,0.51,0.65,0.99,0.99,0.99,1,0.93,0.99,0.99,0.99,0.99,1,0.98,0.99,0.76,0.77,0.62,0.86,0.68,0.73,0.99,0.99,0.89,0.99,0.75,0.72,0.8,0.91,0.99,0.98,0.88,0.83,0.99,0.96
S2098,Bexarotene (LGD1069),CC1=CC2=C(C=C1C(=C)C3=CC=C(C=C3)C(O)=O)C(C)(C)CCC2(C)C,,-3.425,4.74,6.85,0.873,0,0.019,0.003,0.009,-4.791,1.15E-05,0.022,0.9872,0.789,0.0117,0.125,0.942,0.175,0.08,0.214,0.109,0.459,0.066,0.038,0.311,1.316,0.042,0.657,0.745,0.977,0.012,0.475,0.916,0.079,0.034,0.003,0.011,0.753,0.774,4.549,5.539,4.834,0.013,0.022,0.016,0.737,0.587,0.426,0.968,0.87,0.018,0.926,0.977,0.897,348.21,394.48,0.883,2,1,37.3,3,3,10,2,0,19,0.158,0,0,0,0,0,1,0,0,0,0.727,2.527,0.375,51.576,0.546,0,0,0,0,Accepted,Rejected,Rejected,Accepted,0,Molecule 139,Cc1cc2c(cc1C(=C)c1ccc(cc1)C(=O)O)C(C)(C)CCC2(C)C,C24H28O2,348.48,26,12,0.38,3,2,1,109.37,37.3,3.74,7.6,6.1,5.26,6.62,5.86,-6.93,0.0000407,0.000000117,Poorly soluble,-8.22,0.00000209,6.01E-09,Poorly soluble,-7.72,0.00000667,1.91E-08,Poorly soluble,High,No,No,No,No,Yes,Yes,No,-3.03,1,1,0,1,1,0.85,0,0,1,3.12,,,,,,,,,,,,,,,,,,,,,,,,,,,,,,,,,,,,,,,,,,,,,
S2105,Pantoprazole,COC1=C(OC)C(=NC=C1)C[S](=O)C2=NC3=CC=C(OC(F)F)C=C3[NH]2,,-2.962,1.446,1.414,0.002,0.293,0.006,0.004,0.005,-4.59,2.68E-05,0.014,0.9863,0.333,0.0137,0.96,0.963,0.258,0.526,0.277,0.597,0.098,0.776,0.649,0.643,3.763,0.825,0.105,0.931,0.832,0.31,0.444,0.976,0.069,0.952,0.003,0.012,0.955,0.933,3.47,2.926,5.427,0.003,0.021,0.478,0.021,0.01,0.004,0.004,0.916,0.014,0.001,0.081,0.004,383.08,339.963,1.127,7,1,92.32,7,3,9,10,0,16,0.438,1,1,0,1,0,2,2,3,0,0.631,3.769,0.25,36,-0.881,4,0,0,0,Accepted,Accepted,Accepted,Accepted,0,Molecule 86,COc1c(OC)ccnc1CS(=O)c1nc2c([nH]1)cc(cc2)OC(F)F,C16H15F2N3O4S,383.37,26,15,0.25,7,8,1,90.36,105.54,1.67,2.37,4.44,0.38,2.62,2.3,-3.67,0.081,0.000211,Soluble,-4.23,0.0227,0.0000593,Moderately soluble,-6.02,0.000369,0.000000962,Poorly soluble,High,No,Yes,Yes,Yes,Yes,Yes,Yes,-6.96,0,0,0,0,0,0.55,0,0,1,3.68,0.6,0.55,0.56,0.85,0.67,0.65,0.72,0.54,0.83,0.7,0.55,0.72,0.58,1,0.99,0.99,0.9,0.93,0.99,0.99,0.99,0.99,0.95,0.98,0.99,0.89,0.59,0.51,0.87,0.89,0.93,0.99,0.99,0.91,0.99,0.63,0.89,0.62,0.87,0.62,0.84,0.51,0.58,0.66,0.99
S2127,S-(+)-Rolipram,COC1=C(OC2CCCC2)C=C(C=C1)C3CNC(=O)C3,,-3.375,2.876,2.4,0.995,0.017,0.003,0.002,0.002,-4.617,3.54E-05,0.901,0.9133,0.642,0.066,0.272,0.44,0.939,0.843,0.749,0.666,0.572,0.718,0.791,0.376,7.712,0.413,0.066,0.597,0.168,0.1,0.227,0.883,0.506,0.63,0.003,0.039,0.178,0.773,3.312,3.468,5.387,0.139,0.004,0.053,0.013,0.131,0.008,0.011,0.054,0.022,0.019,0.042,0.013,275.15,286.444,0.961,4,1,47.56,4,3,6,4,0,17,0.235,1,0,0,0,0,2,0,0,0,0.919,2.73,0.562,54.6,0.658,1,0,0,0,Accepted,Accepted,Accepted,Accepted,0,Molecule 17,COc1ccc(cc1OC1CCCC1)C1CNC(=O)C1,C16H21NO3,275.34,20,6,0.56,4,3,1,80.73,47.56,2.75,2.21,2.24,1.91,3.11,2.44,-2.9,0.349,0.00127,Soluble,-2.84,0.395,0.00143,Soluble,-4.24,0.0158,0.0000574,Moderately soluble,High,Yes,Yes,No,No,No,Yes,No,-6.41,0,0,0,0,0,0.55,0,0,0,2.7,0.8,0.55,0.64,0.66,0.72,0.54,0.78,0.67,0.7,0.95,0.59,0.63,0.55,0.98,0.99,0.99,0.96,0.96,0.99,0.99,0.99,0.99,0.96,0.98,0.99,0.75,0.69,0.66,0.82,0.56,0.97,0.99,1,0.81,0.99,0.83,0.68,0.65,0.88,0.59,0.64,0.6,0.51,0.81,0.99
S2233,Esomeprazole sodium,COC1=CC=C2[N]([Na])C(=NC2=C1)[S](=O)CC3=NC=C(C)C(=C3C)OC,,-2.74,1.524,1.69,0.007,0.923,0.018,0.008,0.008,-4.639,2.44E-05,0.02,0.9859,0.141,0.0123,0.86,0.918,0.592,0.862,0.693,0.857,0.502,0.895,0.839,0.79,5.927,0.745,0.017,0.69,0.83,0.526,0.033,0.951,0.08,0.966,0.003,0.03,0.514,2.509,4.623,5.369,5.956,0.02,0.029,0.885,0.622,0.123,0.007,0.015,0.934,0.018,0.005,0.148,0.057,367.1,378.092,0.971,6,0,72.23,5,3,9,8,0,16,0.312,1,1,0,1,0,2,0,3,0,0.511,4.105,0.294,38,-0.66,4,0,0,0,Accepted,Accepted,Accepted,Accepted,0,Molecule 7,COc1ccc2c(c1)nc(n2[Na])S(=O)Cc1ncc(c(c1C)OC)C,C17H18N3NaO3S,367.4,25,15,0.29,5,5,0,92.74,85.45,0,2.21,3.4,0.91,1,1.5,-3.62,0.0873,0.000238,Soluble,-3.64,0.0844,0.00023,Soluble,-5.71,0.000721,0.00000196,Moderately soluble,High,No,Yes,No,Yes,No,Yes,Yes,-6.97,0,0,0,0,0,0.55,0,0,1,3.86,0.52,0.55,0.59,0.62,0.75,0.57,0.82,0.52,0.86,0.81,0.56,0.6,0.61,0.67,0.97,0.95,0.95,0.92,0.97,0.95,0.95,0.95,0.92,0.98,0.98,0.92,0.53,0.53,0.83,0.89,0.95,0.99,1,0.89,0.99,0.64,0.92,0.8,0.89,0.63,0.62,0.55,0.58,0.74,0.99
S2265,Artesunate (WR-256283),CC1CCC2C(C)C(OC3OC4(C)CCC1C23OO4)OC(=O)CCC(O)=O,,-4.345,2.265,2.644,0.955,0.001,0.003,0.003,0.074,-5.299,5.74E-05,0.643,0.8391,0.694,0.1389,0.008,0.826,0.013,0.831,0.014,0.781,0.019,0.249,0.013,0.167,14.45,0.549,0.101,0.965,0.873,0.433,0.261,0.531,0.156,0.91,0.003,0.008,0.895,0.571,2.707,3.412,4.719,0.002,0.382,0.007,0.029,0.1,0.644,0.938,0.145,0.052,0.053,0.11,0.963,384.18,368.003,1.044,8,1,100.52,5,4,0,8,0,21,0.238,8,1,0,1,0,2,1,1,0,0.583,5.668,0.895,95.333,3.145,0,1,0,0,Accepted,Accepted,Accepted,Accepted,0,Molecule 4,OC(=O)CCC(=O)OC1OC2OC3(C)CCC4C2(C(C1C)CCC4C)OO3,C19H28O8,384.42,27,0,0.89,5,8,1,92.46,100.52,2.62,1.88,2.6,1.88,1.37,2.07,-3.08,0.321,0.000836,Soluble,-3.61,0.0937,0.000244,Soluble,-1.73,7.22,0.0188,Soluble,High,No,No,No,No,No,No,No,-7.31,0,0,0,0,0,0.56,0,1,1,6.67,0.76,0.84,0.67,0.66,0.78,0.65,0.87,0.63,0.87,0.84,0.58,0.5,0.5,0.99,0.97,0.97,0.84,0.92,0.98,0.93,0.96,0.96,0.69,0.83,0.9,0.81,0.91,0.66,0.6,0.59,0.97,0.99,0.99,0.54,0.98,0.66,0.52,0.96,0.9,0.67,0.93,0.82,0.87,0.63,0.99
S2284,Colchicine (NSC 757),COC1=CC=C2C(=CC1=O)C(CCC3=C2C(=C(OC)C(=C3)OC)OC)NC(C)=O,,-3.013,1.58,1.177,0.845,0.77,0.004,0.004,0.026,-4.68,1.87E-05,0.744,0.62,0.679,0.1953,0.063,0.958,0.182,0.882,0.04,0.567,0.08,0.508,0.314,0.909,1.958,0.31,0.049,0.532,0.227,0.18,0.048,0.514,0.05,0.038,0.003,0.009,0.035,1.244,2.891,5.028,6.645,0.331,0.055,0.691,0.581,0.344,0.136,0.291,0.724,0.914,0.131,0.464,0.892,399.17,406.045,0.983,7,1,83.09,6,3,16,7,0,20,0.3,1,0,0,0,0,2,0,0,0,0.833,2.924,0.364,64,0.755,0,0,0,0,Accepted,Accepted,Accepted,Accepted,0,Molecule 69,COc1c(OC)cc2c(c1OC)c1ccc(c(=O)cc1C(CC2)NC(=O)C)OC,C22H25NO6,399.44,29,13,0.36,6,6,1,109.36,83.09,3.28,1.03,2.55,1.02,3.9,2.36,-2.9,0.502,0.00126,Soluble,-2.36,1.72,0.00432,Soluble,-6.66,0.0000876,0.000000219,Poorly soluble,High,No,Yes,No,No,No,Yes,Yes,-8.01,0,0,0,0,0,0.55,0,0,1,3.87,0.65,0.56,0.53,0.53,0.63,0.55,0.99,0.89,0.88,0.98,0.54,0.54,0.7,0.93,0.98,0.97,0.95,0.96,0.98,0.96,0.98,0.98,1,0.73,1,0.51,0.51,0.73,0.72,0.7,0.99,0.99,0.99,0.79,0.97,0.74,0.72,0.76,0.98,0.72,0.8,0.79,0.67,0.97,1
S2452,Amfebutamone (Bupropion) HCl,Cl.CC(NC(C)(C)C)C(=O)C1=CC=CC(=C1)Cl,,-2.959,2.919,3.386,0.004,0.013,0.004,0.002,0.008,-4.438,8.74E-06,0.794,0.8676,2.146,0.2138,0.342,0.889,0.239,0.864,0.042,0.353,0.829,0.87,0.08,0.64,2.163,0.473,0.095,0.356,0.034,0.009,0.58,0.246,0.079,0.023,0.003,0.009,0.558,1.206,3.406,4.005,3.489,0.001,0.001,0.022,0.003,0.166,0.046,0.002,0.027,0.003,0.016,0.024,0.002,239.11,249.3,0.959,2,1,29.1,4,1,6,3,0,7,0.571,1,3,1,0,0,1,1,0,0,0.82,2.537,0.462,20,-0.884,0,0,0,0,Accepted,Rejected,Accepted,Accepted,0,Molecule 88,Clc1cccc(c1)C(=O)C(NC(C)(C)C)C.Cl,C13H19Cl2NO,276.2,17,6,0.46,4,2,1,75.49,29.1,0,4.02,4.1,3.11,3.35,2.92,-4.08,0.0229,0.0000828,Moderately soluble,-4.33,0.0128,0.0000464,Moderately soluble,-4.67,0.00596,0.0000216,Moderately soluble,High,Yes,Yes,No,No,No,No,No,-5.13,0,0,0,0,0,0.55,0,0,1,2.18,0.65,0.74,0.79,0.81,0.66,0.57,0.88,0.74,0.76,0.9,0.76,0.58,0.71,0.98,1,1,0.99,0.93,0.98,0.99,0.99,0.99,0.96,0.99,0.99,0.87,0.83,0.63,0.95,0.7,0.71,1,1,0.69,0.99,0.57,0.9,0.76,0.95,0.75,0.5,0.57,0.62,0.85,0.98
S2460,Pramipexole,CCCNC1CCC2=C(C1)SC(=N2)N,,-1.64,0.766,0.452,0,0.999,0.016,0.043,0.022,-5.185,1.93E-05,0.64,0.1552,1.185,0.7845,0.102,0.549,0.35,0.062,0.008,0.029,0.175,0.873,0.009,0.359,6.701,0.469,0.107,0.973,0.093,0.045,0.708,0.871,0.424,0.899,0.005,0.028,0.853,0.059,1.952,2.676,4.006,0.005,0.003,0.081,0.006,0.075,0.008,0.007,0.042,0.01,0.008,0.025,0.008,211.11,210.63,1.002,3,3,51.67,3,2,9,4,0,11,0.273,1,0,0,0,0,0,0,1,0,0.695,3.742,0.7,34.706,-0.913,1,0,0,0,Accepted,Accepted,Accepted,Accepted,0,Molecule 15,CCCNC1CCc2c(C1)sc(n2)N,C10H17N3S,211.33,14,5,0.7,3,2,2,61.17,79.18,2.19,1.86,1.59,1.01,2.64,1.86,-2.39,0.864,0.00409,Soluble,-3.14,0.152,0.000718,Soluble,-3.07,0.18,0.000853,Soluble,High,No,No,Yes,No,No,No,No,-6.27,0,0,0,0,0,0.55,0,0,1,3.37,0.69,0.87,0.87,0.91,0.82,0.6,0.98,0.62,0.54,0.78,0.5,0.52,0.65,0.93,0.98,0.99,0.98,0.95,0.99,0.99,0.97,0.97,0.97,0.98,0.97,0.96,0.89,0.84,0.76,0.81,0.93,0.99,1,0.69,0.99,0.89,0.83,0.69,0.75,0.62,0.72,0.67,0.74,0.74,0.98
S2467,Famciclovir,CC(=O)OCC(CC[N]1C=NC2=CN=C(N)N=C12)COC(C)=O,,-1.918,-0.403,-1.606,0.002,0.996,0.51,0.108,0.005,-5.417,8.37E-06,0.817,0.1601,0.654,0.7407,0.073,0.094,0.046,0.045,0.003,0.019,0.397,0.134,0.043,0.205,2.704,0.938,0.38,0.979,0.887,0.905,0.286,0.803,0.651,0.579,0.003,0.029,0.059,0.18,2.887,3.932,4.135,0.008,0.004,0.03,0.016,0.037,0.005,0.003,0.027,0.072,0.683,0.012,0.258,321.14,307.913,1.043,9,2,122.95,9,2,9,9,0,13,0.692,0,0,0,0,0,0,0,1,0,0.71,3.348,0.5,13,-0.1,0,0,0,0,Accepted,Accepted,Accepted,Accepted,0,Molecule 34,CC(=O)OCC(CCn1cnc2c1nc(N)nc2)COC(=O)C,C14H19N5O4,321.33,23,9,0.5,9,7,1,82.02,122.22,2.5,-0.06,0.55,-0.15,0.53,0.68,-1.49,10.4,0.0324,Very soluble,-2.06,2.83,0.0088,Soluble,-2.78,0.532,0.00166,Soluble,High,No,Yes,No,No,No,No,No,-8.3,0,0,0,0,0,0.55,0,1,1,2.43,0.78,0.9,0.65,0.84,0.8,0.59,0.99,0.56,0.76,0.91,0.56,0.7,0.56,0.92,0.99,0.98,0.98,0.95,0.98,0.99,0.98,0.98,0.96,0.93,0.96,0.92,0.78,0.86,0.88,0.62,0.93,0.99,0.99,0.69,0.96,0.68,0.93,0.68,0.79,0.73,0.81,0.7,0.52,0.9,0.99
S2484,Milrinone,CC1=C(C=C(C#N)C(=O)N1)C2=CC=NC=C2,,-2.347,0.946,1.065,0.001,0.001,0.005,0.001,0.001,-4.742,1.90E-05,0.078,0.7763,0.649,0.237,0.907,0.626,0.762,0.057,0.178,0.349,0.295,0.393,0.742,0.289,6.327,0.817,0.061,0.911,0.975,0.555,0.9,0.809,0.173,0.12,0.004,0.369,0.863,0.426,2.833,3.368,4.63,0.51,0.004,0.155,0.687,0.047,0.103,0.011,0.066,0.177,0.061,0.076,0.354,211.07,219.684,0.961,4,1,69.54,1,2,6,4,0,14,0.071,0,1,0,0,0,0,0,1,0,0.779,2.37,0.083,11,-1.169,0,0,0,0,Accepted,Accepted,Accepted,Accepted,0,Molecule 20,N#Cc1cc(c2ccncc2)c([nH]c1=O)C,C12H9N3O,211.22,16,12,0.08,1,3,1,59.97,69.54,1.46,0.62,1.62,0.41,3.04,1.43,-2.03,1.98,0.00935,Soluble,-1.65,4.68,0.0221,Very soluble,-4.56,0.00586,0.0000277,Moderately soluble,High,Yes,No,Yes,No,No,No,No,-7.15,0,0,0,0,0,0.55,0,0,1,2.26,0.5,0.77,0.73,0.76,0.9,0.52,0.99,0.92,0.89,0.94,0.59,0.59,0.68,0.89,0.98,0.99,0.97,0.97,0.99,0.96,0.99,0.99,0.9,0.94,0.94,0.88,0.78,0.73,0.96,0.65,0.97,0.99,1,0.95,0.95,0.73,0.94,0.61,0.92,0.68,0.81,0.55,0.94,0.91,0.98
S2487,Mycophenolic acid,COC1=C(C)C2=C(C(=C1C\C=C(/C)CCC(O)=O)O)C(=O)OC2,,-3.624,2.103,3.367,0.001,0.162,0.029,0.015,0.002,-5.256,9.51E-06,0.004,0.9621,0.211,0.0222,0.068,0.642,0.017,0.058,0.071,0.731,0.048,0.169,0.01,0.037,5.918,0.901,0.003,0.126,0.047,0.005,0.637,0.032,0.412,0.68,0.004,0.408,0.056,0.46,3.183,4.289,5.371,0.028,0.044,0.847,0.177,0.671,0.51,0.91,0.62,0.01,0.065,0.405,0.789,320.13,322.398,0.993,6,3,100.13,6,2,9,6,0,12,0.5,0,1,0,0,0,1,0,2,0,0.704,3.164,0.353,15,1.436,0,0,0,0,Accepted,Accepted,Accepted,Accepted,0,Molecule 8,COc1c(C/C=C(/CCC(=O)O)\C)c(O)c2c(c1C)COC2=O,C17H20O6,320.34,23,6,0.41,6,6,2,84.35,93.06,2.48,3.2,2.58,1.82,3.52,2.72,-3.64,0.0735,0.00023,Soluble,-4.83,0.00478,0.0000149,Moderately soluble,-3.56,0.0878,0.000274,Soluble,High,No,No,Yes,No,No,No,No,-5.98,0,0,0,0,0,0.56,0,1,0,3.02,0.85,0.85,0.67,0.9,0.61,0.58,0.8,0.93,0.88,0.51,0.71,0.54,0.73,0.87,0.96,0.9,0.71,0.64,0.89,0.91,0.92,0.92,0.63,1,0.98,0.57,0.77,0.65,0.83,0.59,0.99,1,1,0.59,0.99,0.53,0.64,0.94,0.77,0.94,0.86,0.56,0.75,0.59,0.99
S2489,Nateglinide,CC(C)C1CCC(CC1)C(=O)NC(CC2=CC=CC=C2)C(O)=O,,-3.977,3.171,3.425,0,0.02,0.006,0.003,0.002,-4.791,4.84E-05,0.044,0.9596,0.293,0.0099,0.047,0.095,0.1,0.648,0.403,0.954,0.018,0.244,0.052,0.3,0.999,0.687,0.039,0.589,0.125,0.005,0.641,0.022,0.144,0.037,0.003,0.03,0.071,0.337,3.023,3.23,3.914,0.469,0.006,0.016,0.011,0.154,0.031,0.287,0.064,0.005,0.03,0.019,0.006,317.2,344.252,0.921,4,2,66.4,7,2,6,4,0,14,0.5,1,0,0,0,0,1,0,0,0,0.846,2.344,0.579,44.2,-0.234,0,0,0,0,Accepted,Rejected,Accepted,Accepted,0,Molecule 39,CC(C1CCC(CC1)C(=O)NC(C(=O)O)Cc1ccccc1)C,C19H27NO3,317.42,23,6,0.58,7,3,2,91.75,66.4,2.66,4.06,3.26,2.81,3.27,3.21,-4.1,0.0254,0.00008,Moderately soluble,-5.16,0.0022,0.00000694,Moderately soluble,-4.23,0.0185,0.0000583,Moderately soluble,High,Yes,No,No,No,Yes,No,No,-5.35,0,0,0,0,0,0.85,0,0,1,3.22,0.76,0.65,0.51,0.81,0.64,0.64,0.99,0.84,0.73,0.71,0.61,0.58,0.66,0.98,0.99,0.99,0.92,0.97,0.99,0.96,0.98,0.98,0.94,0.99,0.98,0.66,0.74,0.78,0.89,0.66,0.74,0.99,1,0.89,0.99,0.79,0.74,0.78,0.93,0.94,0.89,0.76,0.78,0.94,0.99
S2528,Ciclopirox,CC1=CC(=O)N(O)C(=C1)C2CCCCC2,,-1.907,2.408,2.143,0.002,0.032,0.005,0.008,0.193,-4.598,2.64E-05,0.881,0.9316,0.454,0.028,0.877,0.746,0.747,0.179,0.559,0.151,0.014,0.199,0.107,0.253,6.892,0.656,0.009,0.064,0.032,0.205,0.304,0.942,0.528,0.458,0.004,0.332,0.848,1.642,4.191,4.046,4.915,0.013,0.644,0.062,0.688,0.748,0.005,0.654,0.373,0.978,0.963,0.949,0.997,207.13,219.663,0.943,3,1,42.23,1,2,6,3,0,13,0.077,0,1,0,0,0,0,0,0,2,0.719,2.551,0.583,28.947,0.301,0,0,1,0,Accepted,Accepted,Accepted,Accepted,0,Molecule 15,Cc1cc(C2CCCCC2)n(c(=O)c1)O,C12H17NO2,207.27,15,6,0.58,1,2,1,60.1,42.23,2.28,1.99,2.44,2.67,2.16,2.31,-2.61,0.51,0.00246,Soluble,-2.5,0.651,0.00314,Soluble,-2.36,0.901,0.00435,Soluble,High,Yes,No,No,No,No,No,No,-6.15,0,0,0,0,0,0.55,0,1,1,2.51,0.58,0.82,0.62,0.62,0.61,0.5,0.99,0.58,0.88,0.91,0.6,0.67,0.64,0.83,0.95,0.95,0.9,0.87,0.95,0.93,0.84,0.84,0.68,0.89,0.86,0.81,0.72,0.62,0.85,0.62,0.87,0.95,0.99,0.75,0.99,0.74,0.73,0.85,0.91,0.78,0.71,0.57,0.69,0.93,0.99
S2551,Sulbactam sodium,[Na+].CC1(C)C(N2C(CC2=O)[S]1(=O)=O)C([O-])=O,,-1.497,-1.971,-1.102,0.073,0.002,0.055,0.068,0.004,-5.441,0.00010428,0.031,0.3443,0.308,0.7767,0.002,0.247,0.012,0.102,0.005,0.588,0.04,0.072,0.007,0.073,2.615,0.556,0.001,0.957,0.977,0.038,0.01,0.006,0.725,0.04,0.004,0.02,0.008,0.126,2.649,3.237,3.323,0.004,0.003,0.005,0.003,0.035,0.006,0.006,0.263,0.003,0.003,0.008,0.002,232.03,196.677,1.18,6,0,94.58,1,2,7,7,-1,12,0.083,2,0,0,0,0,3,0,1,0,0.481,4.261,0.75,43.714,0.46,3,1,0,0,Accepted,Accepted,Accepted,Accepted,0,Molecule 47,[O-]C(=O)C1N2C(=O)CC2S(=O)(=O)C1(C)C.[Na+],C8H10NNaO5S,255.22,16,0,0.75,1,5,0,52.18,102.96,-12.03,-1.01,-1.43,-0.11,-0.94,-3.1,-0.72,48.6,0.191,Very soluble,-0.67,55.2,0.216,Very soluble,-0.1,205,0.804,Soluble,High,No,Yes,No,No,No,No,No,-8.57,0,1,0,0,0,0.55,0,0,0,3.84,0.69,0.77,0.58,0.7,0.61,0.76,0.99,0.69,0.63,0.81,0.65,0.64,0.51,0.97,0.98,0.98,0.98,0.93,0.97,0.96,0.98,0.98,0.98,0.95,0.98,0.72,0.68,0.66,0.71,0.83,0.98,0.98,0.99,0.85,0.98,0.52,0.72,0.86,0.93,0.9,0.88,0.73,0.88,0.9,0.98
S2585,Brompheniramine hydrogen maleate,CN(C)CCC(C1=CC=C(Br)C=C1)C2=CC=CC=N2.OC(=O)\C=C/C(O)=O,,-3.728,2.926,3.588,0.001,0.001,0.003,0.002,0.001,-4.333,1.89E-05,0.951,0.8512,4.42,0.2374,0.097,0.944,0.071,0.98,0.019,0.391,0.962,0.913,0.033,0.905,3.613,0.068,0.445,0.427,0.121,0.01,0.925,0.925,0.267,0.063,0.004,0.012,0.969,1.645,3.927,5.191,6.083,0.368,0.002,0.003,0.017,0.107,0.008,0.005,0.029,0.006,0.014,0.114,0.011,318.07,293.638,1.083,2,0,16.13,5,2,6,3,0,12,0.417,1,2,1,0,0,1,1,0,0,0.83,2.54,0.312,22,-1.237,1,0,0,0,Accepted,Rejected,Accepted,Accepted,0,Molecule 10,CN(CCC(c1ccccn1)c1ccc(cc1)Br)C.OC(=O)/C=C\C(=O)O,C20H23BrN2O4,435.31,27,12,0.25,7,6,2,107.93,90.73,3.39,0.73,3.64,2.09,4.04,2.78,-2.87,0.593,0.00136,Soluble,-2.21,2.66,0.00611,Soluble,-6.34,0.000198,0.000000455,Poorly soluble,High,No,Yes,No,No,No,No,No,-8.44,0,0,0,0,0,0.56,0,1,1,3.28,0.82,0.55,0.54,0.87,0.75,0.68,0.74,0.89,0.62,0.64,0.62,0.58,0.6,0.98,0.99,0.99,0.97,0.98,0.99,0.99,0.99,0.99,0.97,0.99,0.98,0.58,0.69,0.74,0.88,0.74,0.86,0.99,1,0.58,0.98,0.56,0.94,0.71,0.82,0.88,0.77,0.63,0.5,0.74,0.98
S2608,Fluocinonide,CC(=O)OCC(=O)C12OC(C)(C)OC1CC3C4CC(F)C5=CC(=O)C=CC5(C)C4(F)C(O)CC23C,,-4.754,2.853,3.112,0.961,0.001,0.141,0.978,0.821,-5.022,2.59E-05,0.997,0.671,0.962,0.3282,0.002,0.26,0.04,0.803,0.042,0.058,0.002,0.052,0.687,0.907,10.788,0.284,0.029,0.12,0.595,0.318,0.778,0.885,0.071,0.949,0.003,0.008,0.979,0.472,4.098,4.837,4.651,0.755,0.777,0.012,0.556,0.134,0.562,0.721,0.586,0.062,0.463,0.84,0.796,494.21,475.954,1.038,7,1,99.13,4,5,20,9,0,27,0.148,8,2,3,0,0,6,4,2,2,0.601,5.181,0.731,100.533,1.807,1,0,0,0,Accepted,Accepted,Rejected,Accepted,0,Molecule 18,CC(=O)OCC(=O)C12OC(OC1CC1C2(C)CC(O)C2(C1CC(C1=CC(=O)C=CC21C)F)F)(C)C,C26H32F2O7,494.52,35,0,0.73,4,9,1,120.29,99.13,3.55,3.19,3.78,2.08,3.54,3.23,-4.65,0.011,0.0000223,Moderately soluble,-4.94,0.00564,0.0000114,Moderately soluble,-4.1,0.0392,0.0000793,Moderately soluble,High,No,Yes,No,No,No,No,No,-7.05,0,1,0,0,0,0.55,0,0,1,6.09,0.98,0.85,0.59,0.94,0.55,0.55,0.99,0.76,0.74,1,0.51,0.8,0.95,0.99,1,0.95,0.75,0.98,1,0.99,0.99,0.99,0.76,0.99,0.99,0.67,0.88,0.57,0.81,0.53,0.97,1,0.99,0.54,1,0.73,0.51,0.93,0.74,0.99,0.99,0.54,0.87,0.98,0.98
S2667,Dolutegravir (GSK1349572),CC1CCOC2CN3C=C(C(=O)NCC4=C(F)C=C(F)C=C4)C(=O)C(=C3C(=O)N12)O,,-3.886,1.367,1.518,0.008,0.053,0.008,0.097,0.084,-4.692,1.30E-05,0.293,0.9366,1.089,0.0284,0.034,0.135,0.245,0.168,0.452,0.89,0.027,0.197,0.079,0.119,2.721,0.109,0.031,0.98,0.918,0.046,0.036,0.888,0.161,0.154,0.003,0.007,0.151,0.627,1.994,3.126,5.391,0.003,0.003,0.347,0.748,0.184,0.007,0.05,0.722,0.011,0.008,0.104,0.054,419.13,388.235,1.08,8,2,100.87,4,4,14,10,0,25,0.16,2,3,0,0,0,1,1,0,0,0.782,3.622,0.35,84.259,-0.925,0,0,0,0,Accepted,Accepted,Rejected,Accepted,0,Molecule 18,Fc1ccc(c(c1)F)CNC(=O)c1cn2CC3OCCC(N3C(=O)c2c(c1=O)O)C,C20H19F2N3O5,419.38,30,12,0.35,4,7,2,104.48,100.87,2.12,2.44,1.66,0.79,1.85,1.77,-4.01,0.041,0.0000979,Moderately soluble,-4.2,0.0264,0.0000629,Moderately soluble,-4.47,0.0142,0.0000339,Moderately soluble,High,No,Yes,No,No,No,No,No,-7.13,0,0,0,0,0,0.55,0,0,1,4.16,0.76,0.79,0.76,0.93,0.8,0.62,0.98,0.56,0.62,0.67,0.58,0.73,0.67,0.86,0.94,0.97,0.88,0.84,0.95,0.97,0.95,0.95,0.76,0.76,0.94,0.85,0.76,0.84,0.73,0.65,0.87,0.95,0.99,0.5,0.99,0.71,0.93,0.6,0.93,0.88,0.79,0.51,0.69,0.67,0.99
S2760,Canagliflozin (JNJ 28431754),CC1=C(CC2=CC=C(S2)C3=CC=C(F)C=C3)C=C(C=C1)C4OC(CO)C(O)C(O)C4O,,-3.922,3.095,3.684,0.004,0.008,0.079,0.024,0.007,-5.05,3.58E-05,0.116,0.9895,0.866,0.0193,0.067,0.089,0.348,0.073,0.39,0.809,0.177,0.863,0.256,0.598,2.694,0.032,0.045,0.411,0.873,0.601,0.303,0.054,0.02,0.479,0.003,0.011,0.035,1.779,4.715,5.666,6.783,0.015,0.012,0.015,0.898,0.393,0.018,0.97,0.272,0.015,0.019,0.811,0.329,444.14,436.87,1.017,5,4,90.15,5,4,6,7,0,23,0.217,5,2,1,0,0,0,1,1,0,0.486,3.685,0.333,79.5,0.266,1,0,0,0,Accepted,Accepted,Rejected,Accepted,0,Molecule 4,OCC1OC(c2ccc(c(c2)Cc2ccc(s2)c2ccc(cc2)F)C)C(C(C1O)O)O,C24H25FO5S,444.52,31,17,0.33,5,6,4,116.75,118.39,3.23,3.23,3.06,1.95,4.83,3.26,-4.71,0.00873,0.0000196,Moderately soluble,-5.39,0.00181,0.00000408,Moderately soluble,-5.73,0.000822,0.00000185,Moderately soluble,High,No,Yes,Yes,No,No,Yes,No,-6.72,0,0,0,0,0,0.55,0,0,1,4.99,0.6,0.87,0.88,0.63,0.56,0.72,0.77,0.63,0.67,0.74,0.61,0.5,0.53,0.79,0.9,0.94,0.88,0.77,0.95,0.8,0.87,0.87,0.77,0.72,0.95,0.75,0.72,0.89,0.85,0.81,0.9,0.98,0.97,0.78,0.99,0.64,0.77,0.88,0.67,0.81,0.75,0.56,0.71,0.81,0.84
S2789,Tofacitinib (CP-690550),CC1CCN(CC1N(C)C2=C3C=C[NH]C3=NC=N2)C(=O)CC#N,,-2.176,1.426,1.174,0,0.959,0.024,0.016,0.63,-4.655,6.28E-06,0.869,0.4657,1.21,0.5894,0.025,0.194,0.03,0.056,0.025,0.393,0.012,0.163,0.224,0.612,8.737,0.645,0.028,0.884,0.962,0.018,0.787,0.914,0.926,0.18,0.005,0.068,0.986,0.115,1.977,4.008,4.819,0.021,0.005,0.497,0.88,0.084,0.083,0.072,0.461,0.026,0.576,0.156,0.802,312.17,315.938,0.988,7,1,88.91,4,3,9,7,0,18,0.222,2,1,0,0,0,0,0,2,1,0.928,3.67,0.5,58.083,-1.138,0,0,0,0,Accepted,Accepted,Accepted,Accepted,0,Molecule 16,N#CCC(=O)N1CCC(C(C1)N(c1ncnc2c1cc[nH]2)C)C,C16H20N6O,312.37,23,9,0.5,4,4,1,91.2,88.91,2.09,1.5,1.16,0.7,1.04,1.3,-2.75,0.559,0.00179,Soluble,-2.97,0.331,0.00106,Soluble,-3.34,0.144,0.000461,Soluble,High,No,No,No,No,No,No,No,-7.14,0,0,0,0,0,0.55,0,0,0,3.26,0.79,0.91,0.83,0.93,0.91,0.65,0.97,0.54,0.78,0.95,0.61,0.65,0.68,0.73,0.88,0.98,0.92,0.79,0.98,0.96,0.96,0.96,0.93,0.87,0.93,0.96,0.82,0.95,0.87,0.57,0.98,0.99,1,0.51,0.98,0.55,0.99,0.71,0.94,0.84,0.88,0.78,0.53,0.7,0.99
S2790,Istradefylline,CCN1C(=O)N(CC)C2=C([N](C)C(=N2)\C=C\C3=CC=C(OC)C(=C3)OC)C1=O,,-4.223,3.095,2.776,0.011,0.975,0.01,0.003,0.188,-4.64,1.30E-05,0.892,0.7426,0.713,0.0488,0.766,0.964,0.268,0.671,0.231,0.671,0.057,0.554,0.344,0.811,6.248,0.735,0.187,0.243,0.538,0.778,0.061,0.022,0.049,0.783,0.003,0.064,0.336,1.404,3.93,5.454,7.167,0.009,0.018,0.903,0.169,0.066,0.074,0.005,0.675,0.095,0.011,0.024,0.825,384.18,386.863,0.993,8,0,80.28,6,3,9,8,0,19,0.316,0,0,0,0,0,4,0,1,0,0.65,2.553,0.35,20,-0.68,1,0,0,0,Accepted,Accepted,Accepted,Accepted,0,Molecule 3,COc1cc(/C=C/c2nc3c(n2C)c(=O)n(c(=O)n3CC)CC)ccc1OC,C20H24N4O4,384.43,28,15,0.35,6,5,0,110.01,80.28,3.9,2.55,1.91,1.63,2.51,2.5,-3.83,0.0568,0.000148,Soluble,-3.88,0.0503,0.000131,Soluble,-4.27,0.0205,0.0000532,Moderately soluble,High,No,No,No,Yes,Yes,No,Yes,-6.83,0,0,0,0,0,0.55,0,0,1,3.35,0.81,0.8,0.59,0.62,0.81,0.68,0.64,0.61,0.72,0.77,0.6,0.61,0.52,0.81,0.96,0.97,0.94,0.97,0.98,0.98,0.97,0.97,0.7,0.91,0.96,0.89,0.57,0.8,0.86,0.59,0.99,0.99,0.99,0.72,0.99,0.69,0.94,0.77,0.81,0.75,0.86,0.57,0.82,0.58,0.99
S2840,Apalutamide (ARN-509),CNC(=O)C1=CC=C(C=C1F)N2C(=S)N(C(=O)C23CCC3)C4=CN=C(C#N)C(=C4)C(F)(F)F,,-5.065,2.732,2.458,0.998,0.001,0.01,0.006,0.003,-5.091,2.52E-05,0.931,0.9353,1.203,0.0371,0.352,0.736,0.842,0.801,0.837,0.858,0.494,0.258,0.579,0.795,6.294,0.123,0.166,0.975,0.991,0.039,0.843,0.901,0.192,0.841,0.003,0.006,0.868,0.811,3.267,3.673,5.29,0.037,0.285,0.821,0.668,0.7,0.038,0.795,0.883,0.014,0.205,0.892,0.967,477.09,423.889,1.126,7,1,89.33,5,4,6,12,0,25,0.2,0,3,2,1,0,4,3,4,1,0.538,3.54,0.286,95.593,-1.407,2,0,0,0,Accepted,Accepted,Rejected,Accepted,0,Molecule 24,CNC(=O)c1ccc(cc1F)N1C(=S)N(C(=O)C21CCC2)c1cnc(c(c1)C(F)(F)F)C#N,C21H15F4N5O2S,477.43,33,12,0.29,5,8,1,118.94,121.42,2.69,2.98,4.34,1.93,4.44,3.28,-4.62,0.0115,0.0000242,Moderately soluble,-5.19,0.00306,0.00000641,Moderately soluble,-6.33,0.000223,0.000000467,Poorly soluble,High,No,No,No,Yes,Yes,No,Yes,-7.1,0,0,0,0,0,0.55,0,1,1,3.88,0.58,0.63,0.69,0.81,0.9,0.56,0.87,0.65,0.69,0.85,0.61,0.68,0.6,0.75,0.94,0.97,0.86,0.84,0.96,0.9,0.89,0.89,0.64,0.88,0.86,0.9,0.8,0.79,0.92,0.82,0.98,0.99,1,0.86,0.99,0.51,1,0.63,0.93,0.72,0.77,0.52,0.75,0.66,0.99
S2851,Baricitinib (INCB028050),CC[S](=O)(=O)N1CC(CC#N)(C1)[N]2C=C(C=N2)C3=NC=NC4=C3C=C[NH]4,,-3.2,1.054,0.367,0.014,0.02,0.01,0.004,0.004,-5.772,5.64E-06,0.232,0.4909,1.162,0.6592,0.046,0.201,0.038,0.058,0.015,0.298,0.13,0.116,0.029,0.591,8.854,0.308,0.013,0.989,0.996,0.144,0.997,0.839,0.078,0.966,0.003,0.013,0.988,0.104,2.433,2.888,4.433,0,0.006,0.87,0.961,0.057,0.009,0.044,0.856,0.023,0.141,0.31,0.727,371.12,343.042,1.082,9,1,120.56,5,4,9,10,0,22,0.227,0,0,0,0,0,0,0,2,0,0.717,3.25,0.375,54.545,-1.11,1,0,0,0,Accepted,Accepted,Accepted,Accepted,0,Molecule 17,N#CCC1(CN(C1)S(=O)(=O)CC)n1ncc(c1)c1ncnc2c1cc[nH]2,C16H17N7O2S,371.42,26,14,0.38,5,7,1,98.51,128.94,1.38,-0.46,1.8,-0.58,0.61,0.55,-1.92,4.45,0.012,Very soluble,-1.78,6.14,0.0165,Very soluble,-4.38,0.0156,0.000042,Moderately soluble,High,No,Yes,No,No,No,No,No,-8.89,0,0,0,0,0,0.55,0,0,1,3.07,0.66,0.56,0.62,0.81,0.86,0.52,0.77,0.62,0.57,0.85,0.6,0.58,0.55,0.84,0.97,0.94,0.85,0.89,0.96,0.95,0.92,0.92,0.82,0.91,0.98,0.96,0.71,0.93,0.87,0.84,0.99,0.99,1,0.78,0.99,0.7,0.93,0.72,0.9,0.8,0.75,0.51,0.56,0.74,0.98
S2907,Pirfenidone (S-7701),CC1=CN(C(=O)C=C1)C2=CC=CC=C2,,-1.394,1.562,1.739,0.002,0.001,0.004,0.169,0.003,-4.432,2.37E-05,0.544,0.5944,0.558,0.1468,0.951,0.937,0.682,0.854,0.351,0.369,0.007,0.553,0.065,0.76,4.055,0.613,0.035,0.712,0.773,0.297,0.086,0.26,0.472,0.419,0.012,0.158,0.265,0.684,3.176,3.521,3.717,0.026,0.006,0.032,0.024,0.391,0.006,0.003,0.042,0.034,0.034,0.041,0.019,185.08,202.964,0.912,2,0,22,1,2,6,2,0,13,0.077,0,1,0,0,0,0,0,1,0,0.667,1.73,0.083,10,-1.097,0,0,0,0,Accepted,Accepted,Accepted,Rejected,0,Molecule 2,Cc1ccc(=O)n(c1)c1ccccc1,C12H11NO,185.22,14,12,0.08,1,1,0,57.01,22,2.34,1.86,2.15,2.49,2.58,2.28,-2.73,0.346,0.00187,Soluble,-1.94,2.11,0.0114,Very soluble,-4.01,0.0181,0.0000975,Moderately soluble,High,Yes,No,Yes,No,No,No,No,-6.11,0,0,0,0,1,0.55,0,0,1,1.83,0.57,0.84,0.82,0.92,0.83,0.54,0.99,0.65,0.71,0.97,0.6,0.67,0.64,0.89,0.98,0.99,0.94,0.68,0.94,0.98,0.97,0.97,0.84,0.95,0.95,0.9,0.78,0.97,0.98,0.96,0.92,0.97,0.99,0.57,0.98,0.92,0.97,0.95,0.98,0.67,0.51,0.62,0.84,0.73,0.99
S2922,Icotinib (BPI-2009H),C#CC1=CC(=CC=C1)NC2=NC=NC3=C2C=C4OCCOCCOCCOC4=C3,,-4.755,2.98,2.446,0.014,0.002,0.754,0.394,0.626,-4.717,1.84E-05,0.104,0.9187,0.879,0.0538,0.978,0.271,0.806,0.113,0.818,0.18,0.864,0.067,0.898,0.574,11.529,0.434,0.593,0.588,0.97,0.301,0.153,0.097,0.915,0.349,0.004,0.091,0.414,1.572,4.088,5.576,5.796,0.004,0.008,0.974,0.966,0.409,0.192,0.031,0.908,0.773,0.891,0.84,0.94,391.15,396.629,0.986,7,1,77.96,1,4,20,7,0,30,0.033,0,1,0,2,0,2,0,1,0,0.645,3.591,0.273,46.143,-0.866,4,1,0,0,Accepted,Accepted,Accepted,Accepted,0,Molecule 16,C#Cc1cccc(c1)Nc1ncnc2c1cc1OCCOCCOCCOc1c2,C22H21N3O4,391.42,29,16,0.27,2,6,1,109.28,74.73,3.52,3.08,3.24,1.89,3.53,3.05,-4.48,0.0129,0.0000328,Moderately soluble,-4.32,0.0189,0.0000482,Moderately soluble,-6.54,0.000113,0.00000029,Poorly soluble,High,Yes,Yes,No,No,Yes,Yes,Yes,-6.5,0,0,0,0,0,0.55,0,1,1,3.61,0.5,0.64,0.59,0.9,0.73,0.53,0.59,0.5,0.57,0.77,0.51,0.61,0.62,0.52,0.83,0.96,0.71,0.87,0.94,0.97,0.83,0.83,0.77,0.85,0.83,0.92,0.77,0.66,0.81,0.64,0.79,1,0.99,0.58,0.97,0.72,0.81,0.55,0.72,0.54,0.62,0.58,0.5,0.57,0.97
S3002,Rivaroxaban (BAY 59-7939),ClC1=CC=C(S1)C(=O)NCC2CN(C(=O)O2)C3=CC=C(C=C3)N4CCOCC4=O,,-4.106,1.498,1.511,0.009,0.003,0.011,0.023,0.008,-4.643,3.05E-05,0.337,0.8239,0.435,0.0671,0.171,0.116,0.704,0.498,0.764,0.249,0.2,0.278,0.586,0.568,0.43,0.111,0.091,0.961,0.968,0.284,0.272,0.083,0.356,0.934,0.003,0.009,0.191,0.684,4.373,3.559,4.72,0.012,0.063,0.848,0.145,0.679,0.023,0.821,0.879,0.845,0.21,0.826,0.915,435.07,392.524,1.108,8,1,88.18,6,4,6,10,0,25,0.24,1,2,0,0,1,1,2,2,2,0.779,2.993,0.316,74.8,-1.786,2,0,0,0,Accepted,Accepted,Rejected,Accepted,0,Molecule 96,O=C1OC(CN1c1ccc(cc1)N1CCOCC1=O)CNC(=O)c1ccc(s1)Cl,C19H18ClN3O5S,435.88,29,11,0.32,6,5,1,114.09,116.42,2.95,2.49,1.76,1.41,2.84,2.29,-4,0.044,0.000101,Soluble,-4.58,0.0115,0.0000263,Moderately soluble,-4.73,0.00804,0.0000185,Moderately soluble,High,No,Yes,No,Yes,Yes,No,Yes,-7.19,0,0,0,0,0,0.55,0,0,1,3.63,0.58,0.95,0.57,0.95,0.78,0.55,0.94,0.61,0.59,0.76,0.51,0.69,0.55,0.83,0.96,0.96,0.97,0.56,0.94,0.94,0.96,0.96,0.78,0.9,0.97,0.83,0.74,0.92,0.78,0.82,0.89,0.99,0.99,0.74,0.96,0.65,0.96,0.5,0.81,0.9,0.69,0.54,0.61,0.54,0.95
S3017,Aspirin (NSC 27223),CC(=O)OC1=C(C=CC=C1)C(O)=O,,-1.65,0.529,1.237,0,0.001,0.007,0.006,0.003,-5.062,2.60E-05,0.661,0.5942,0.234,0.6116,0.059,0.057,0.03,0.056,0.059,0.143,0.015,0.104,0.016,0.114,2.736,0.91,0.015,0.258,0.554,0.013,0.756,0.009,0.511,0.136,0.095,0.99,0.266,0.217,2.661,3.748,2.997,0.02,0.018,0.043,0.004,0.127,0.007,0.007,0.02,0.011,0.254,0.012,0.009,180.04,177.642,1.013,4,1,63.6,3,1,6,4,0,8,0.375,0,0,0,0,0,2,0,0,0,0.55,1.58,0.111,7,0.122,1,0,0,0,Accepted,Accepted,Accepted,Rejected,0,Molecule 145,CC(=O)Oc1ccccc1C(=O)O,C9H8O4,180.16,13,6,0.11,3,4,1,44.9,63.6,1.3,1.19,1.31,1.51,1.1,1.28,-1.85,2.54,0.0141,Very soluble,-2.12,1.36,0.00756,Soluble,-1.85,2.57,0.0143,Soluble,High,Yes,No,No,No,No,No,No,-6.55,0,0,0,0,1,0.85,0,1,1,1.52,0.51,0.84,0.69,0.81,0.81,0.86,0.99,0.97,0.94,0.85,0.84,0.73,0.86,0.99,0.99,1,1,0.98,0.99,0.99,0.99,0.99,0.97,0.98,0.99,0.9,0.78,0.97,0.98,0.96,0.92,0.97,0.99,0.51,0.98,0.92,0.97,0.95,0.98,0.86,0.82,0.53,0.67,0.99,1
S3019,Ciclopirox ethanolamine,CC1=CC(=O)N(O)C(=C1)C2CCCCC2.NCCO,,-1.907,2.408,2.143,0.002,0.032,0.005,0.008,0.193,-4.598,2.64E-05,0.881,0.9316,0.454,0.028,0.877,0.746,0.747,0.179,0.559,0.151,0.014,0.199,0.107,0.253,6.892,0.656,0.009,0.064,0.032,0.205,0.304,0.942,0.528,0.458,0.004,0.332,0.848,1.642,4.191,4.046,4.915,0.013,0.644,0.062,0.688,0.748,0.005,0.654,0.373,0.978,0.963,0.949,0.997,207.13,219.663,0.943,3,1,42.23,1,2,6,3,0,13,0.077,0,1,0,0,0,0,0,0,2,0.719,2.551,0.583,28.947,0.301,0,0,1,0,Accepted,Accepted,Accepted,Accepted,0,Molecule 8,Cc1cc(C2CCCCC2)n(c(=O)c1)O.NCCO,C14H24N2O3,268.35,19,6,0.64,2,4,3,75.69,88.48,2.83,0.59,1.38,1.52,2.16,1.7,-1.98,2.83,0.0105,Very soluble,-2.02,2.55,0.00952,Soluble,-2.36,1.17,0.00435,Soluble,High,No,Yes,No,No,No,No,No,-7.52,0,0,0,0,0,0.55,0,1,0,2.85,0.69,0.58,0.56,0.79,0.68,0.58,0.99,0.5,0.62,0.53,0.67,0.73,0.54,0.85,0.94,0.98,0.95,0.84,0.98,0.99,1,1,0.89,0.94,0.86,0.79,0.78,0.85,0.77,0.56,0.8,0.93,0.98,0.68,1,0.9,0.88,0.69,0.9,0.87,0.77,0.7,0.5,0.82,0.98
S3024,Lamotrigine,NC1=NC(=C(N=N1)C2=CC=CC(=C2Cl)Cl)N,,-1.963,1.279,1.009,0,0.25,0.022,0.159,0.018,-5.33,1.10E-05,0.653,0.8294,0.943,0.1206,0.204,0.784,0.323,0.035,0.152,0.014,0.013,0.088,0.068,0.226,4.013,0.836,0.382,0.996,0.983,0.057,0.738,0.382,0.109,0.957,0.003,0.194,0.979,-0.096,3.593,3.953,5.334,0.091,0.082,0.739,0.542,0.046,0.192,0.006,0.642,0.057,0.017,0.216,0.504,255.01,216.695,1.177,5,4,92.17,1,2,6,7,0,14,0.071,0,2,0,0,0,0,1,0,0,0.614,3.292,0,12,-1.051,0,0,0,0,Accepted,Accepted,Accepted,Accepted,0,Molecule 29,Nc1nnc(c(n1)N)c1cccc(c1Cl)Cl,C9H7Cl2N5,256.09,16,12,0,1,3,2,64.09,90.71,1.51,1.42,2.03,1.34,1.75,1.61,-2.81,0.395,0.00154,Soluble,-2.93,0.301,0.00118,Soluble,-4.32,0.0124,0.0000483,Moderately soluble,High,No,Yes,Yes,No,No,No,No,-6.85,0,0,0,0,0,0.55,0,0,0,2.72,0.78,0.82,0.88,0.77,0.9,0.53,0.93,0.68,0.72,0.78,0.58,0.51,0.6,0.85,0.97,1,0.86,0.71,0.97,0.99,0.98,0.98,0.79,0.9,0.77,0.98,0.95,0.82,0.95,0.82,0.96,0.99,1,0.91,1,0.66,0.99,0.82,0.83,0.65,0.63,0.63,0.74,0.94,0.99
S3031,Linagliptin (BI-1356),CC#CC[N]1C(=NC2=C1C(=O)N(CC3=NC4=CC=CC=C4C(=N3)C)C(=O)N2C)N5CCCC(N)C5,,-3.296,2.992,2.105,0.046,0.99,0.044,0.927,0.011,-5.514,1.79E-05,0.043,0.657,0.841,0.1101,0.335,0.792,0.634,0.081,0.926,0.082,0.655,0.63,0.945,0.884,4.082,0.532,0.956,0.969,0.69,0.422,0.032,0.847,0.043,0.893,0.003,0.01,0.14,1.228,3.947,5.696,6.247,0.004,0.003,0.8,0.019,0.062,0.01,0.02,0.713,0.007,0.152,0.141,0.16,472.23,474.727,0.995,10,2,116.86,4,5,10,10,0,30,0.133,1,0,1,0,0,0,0,5,4,0.443,3.414,0.4,95.286,-1.31,0,0,0,0,Accepted,Accepted,Rejected,Accepted,0,Molecule 8,CC#CCn1c(nc2c1c(=O)n(Cc1nc(C)c3c(n1)cccc3)c(=O)n2C)N1CCCC(C1)N,C25H28N8O2,472.54,35,19,0.4,4,6,1,139.33,116.86,3.84,1.91,0.85,1.8,1.56,1.99,-4.11,0.0366,0.0000775,Moderately soluble,-3.99,0.0487,0.000103,Soluble,-4.99,0.00479,0.0000101,Moderately soluble,High,No,Yes,No,No,Yes,No,Yes,-7.83,0,1,0,0,0,0.55,0,1,1,4.4,0.7,0.86,0.7,0.96,0.91,0.58,0.88,0.51,0.6,0.86,0.61,0.71,0.6,0.86,0.96,0.99,0.92,0.94,0.98,0.97,0.98,0.98,0.92,0.89,0.9,0.94,0.82,0.95,0.86,0.55,0.97,0.99,0.99,0.74,0.99,0.77,0.96,0.69,0.9,0.88,0.85,0.63,0.7,0.83,0.99
S3114,Vitamin C,OCC(O)C1OC(=O)C(=C1O)O,,-0.613,-0.436,-1.42,0.001,0.089,0.069,0.918,0.978,-5.917,0.000142819,0.073,0.6323,0.937,0.3658,0.013,0.052,0.01,0.057,0.007,0.23,0.001,0.157,0.004,0.028,9.964,0.928,0.015,0.168,0.936,0.027,0.06,0.009,0.837,0.266,0.003,0.169,0.096,0.047,1.489,2.389,3.606,0.012,0.035,0.222,0.024,0.109,0.008,0.247,0.336,0.024,0.103,0.204,0.034,176.03,151.244,1.164,6,5,114.29,2,1,5,6,0,5,0.4,1,1,0,1,0,2,1,1,0,0.412,4.044,0.333,16,1.746,0,0,0,0,Accepted,Accepted,Accepted,Rejected,0,Molecule 3,OCC(C1OC(=O)C(=C1O)O)O,C6H8O6,176.12,12,0,0.5,2,6,4,35.12,107.22,0.39,-1.64,-1.41,-2.6,-1.15,-1.28,0.23,301,1.71,Highly soluble,-0.1,140,0.793,Very soluble,1.49,5460,31,Soluble,High,No,No,No,No,No,No,No,-8.54,0,2,0,0,1,0.56,0,0,1,3.47,0.86,0.94,0.62,0.83,0.79,0.92,0.99,0.87,0.65,0.86,0.77,0.51,0.57,1,0.99,0.99,0.99,0.96,0.99,0.99,0.99,0.99,1,0.99,0.99,0.83,0.92,0.64,0.89,0.81,0.96,0.99,0.99,0.79,1,0.53,0.53,0.93,0.76,0.95,0.95,0.83,0.84,0.99,0.96
S3124,Dexamethasone Acetate,CC1CC2C3CCC4=CC(=O)C=CC4(C)C3(F)C(O)CC2(C)C1(O)C(=O)COC(C)=O,,-4.559,2.414,2.557,0.221,0.007,0.434,0.034,0.008,-4.846,2.34E-05,0.997,0.6201,0.84,0.4086,0.006,0.22,0.035,0.747,0.031,0.099,0.006,0.05,0.734,0.9,4.135,0.327,0.02,0.075,0.153,0.059,0.501,0.889,0.029,0.89,0.003,0.012,0.971,0.395,3.906,4.351,4.887,0.913,0.886,0.022,0.553,0.149,0.483,0.021,0.72,0.154,0.491,0.845,0.651,434.21,435.061,0.998,6,2,100.9,4,4,17,7,0,23,0.174,8,1,2,0,0,5,4,2,1,0.523,4.832,0.708,82.732,2.011,1,0,0,0,Accepted,Accepted,Rejected,Accepted,0,Molecule 12,CC(=O)OCC(=O)C1(O)C(C)CC2C1(C)CC(O)C1(C2CCC2=CC(=O)C=CC12C)F,C24H31FO6,434.5,31,0,0.71,4,7,2,111.69,100.9,1.96,2.77,2.89,1.96,3.08,2.53,-4.01,0.042,0.0000966,Moderately soluble,-4.54,0.0124,0.0000285,Moderately soluble,-3.41,0.169,0.000388,Soluble,High,No,Yes,No,No,No,No,Yes,-6.98,0,0,0,0,0,0.55,0,0,1,5.51,0.98,0.97,0.51,0.9,0.63,0.51,0.99,0.93,0.62,1,0.63,0.74,0.75,0.99,1,0.98,0.93,0.96,1,1,1,1,0.98,1,1,0.53,0.87,0.59,0.8,0.55,0.99,1,0.99,0.73,1,0.74,0.58,0.95,0.8,1,1,0.63,0.89,0.99,0.99
S3129,Trimethoprim,COC1=C(OC)C(=CC(=C1)CC2=CN=C(N)N=C2N)OC,,-2.247,-0.342,0.145,0,0.993,0.078,0.119,0.005,-5.736,0.000115715,0.855,0.4577,0.783,0.2046,0.037,0.799,0.109,0.053,0.02,0.023,0.004,0.247,0.014,0.651,5.813,0.923,0.511,0.997,0.929,0.03,0.654,0.776,0.627,0.526,0.003,0.017,0.947,-0.053,2.162,3.195,5.416,0.02,0.003,0.609,0.304,0.031,0.012,0.004,0.389,0.094,0.014,0.083,0.033,290.14,288.126,1.007,7,4,106.97,5,2,6,7,0,14,0.357,0,0,0,0,0,2,0,0,0,0.657,2.977,0.286,13,0.235,1,0,0,0,Accepted,Accepted,Accepted,Accepted,0,Molecule 61,COc1cc(Cc2cnc(nc2N)N)cc(c1OC)OC,C14H18N4O3,290.32,21,12,0.29,5,5,2,79.77,105.51,2.21,0.91,1.27,0.41,1.41,1.24,-2.31,1.43,0.00494,Soluble,-2.71,0.564,0.00194,Soluble,-4.23,0.017,0.0000585,Moderately soluble,High,No,Yes,No,No,No,No,No,-7.42,0,0,0,0,0,0.55,0,0,0,2.58,0.55,0.52,0.54,0.72,0.85,0.55,0.8,0.72,0.59,0.88,0.52,0.57,0.74,0.94,0.99,0.99,0.98,0.98,0.99,0.99,0.99,0.99,0.97,0.97,0.98,0.86,0.72,0.5,0.91,0.75,0.88,0.99,0.99,0.72,0.97,0.81,0.9,0.54,0.91,0.72,0.57,0.63,0.51,0.64,0.99
S3130,Biotin (Vitamin B7),OC(=O)CCCCC1SCC2NC(=O)NC12,,-2.612,2.07,0.63,0.009,0.008,0.049,0.001,0.002,-5.514,3.51E-06,0.983,0.1837,0.352,0.6587,0.018,0.06,0.046,0.059,0.017,0.959,0.024,0.228,0.016,0.041,3.768,0.915,0.003,0.15,0.218,0.029,0.117,0.702,0.063,0.08,0.003,0.015,0.03,0.23,2.168,3.123,3.082,0.011,0.002,0.014,0.004,0.157,0.035,0.022,0.097,0.008,0.012,0.018,0.004,244.09,226.004,1.08,5,3,78.43,5,2,8,6,0,11,0.455,3,0,0,1,0,0,0,0,0,0.493,3.644,0.8,26.889,0.021,1,0,0,0,Accepted,Accepted,Accepted,Accepted,0,Molecule 4,OC(=O)CCCCC1SCC2C1NC(=O)N2,C10H16N2O3S,244.31,16,0,0.8,5,3,3,69.34,103.73,1.36,0.33,0.04,0.74,0.66,0.62,-1.23,14.3,0.0585,Very soluble,-2.07,2.07,0.00847,Soluble,-1.67,5.2,0.0213,Soluble,High,No,Yes,No,No,No,No,No,-7.56,0,0,0,0,0,0.56,0,1,1,3.38,0.78,0.57,0.53,0.55,0.53,0.7,0.99,0.74,0.69,0.99,0.69,0.55,0.57,0.98,0.99,0.99,0.98,0.95,0.98,0.99,0.97,0.97,0.97,0.94,0.98,0.9,0.78,0.97,0.98,0.96,0.92,0.97,0.99,0.78,0.98,0.92,0.97,0.95,0.98,0.99,0.99,0.83,0.78,0.99,0.99
S3137,Sodium salicylate,[NaH].OC(=O)C1=CC=CC=C1O,,-1.854,1.804,2.221,0,0.001,0.017,0.008,0.838,-5.179,1.15E-05,0.456,0.6727,0.251,0.2612,0.07,0.084,0.039,0.053,0.132,0.126,0.02,0.119,0.023,0.063,6.39,0.913,0.048,0.594,0.856,0.018,0.516,0.004,0.288,0.046,0.083,0.986,0.897,0.374,2.598,3.197,3.464,0.014,0.014,0.199,0.005,0.133,0.008,0.019,0.043,0.017,0.207,0.034,0.007,138.03,136.897,1.008,3,2,57.53,1,1,6,3,0,7,0.143,0,0,0,0,0,0,0,1,0,0.61,1.425,0,6,0.139,1,0,1,0,Accepted,Accepted,Accepted,Rejected,0,Molecule 9,OC(=O)c1ccccc1O.[NaH],C7H7NaO3,162.12,11,6,0,1,3,2,36.54,57.53,0,2.26,1.2,0.99,0.74,1.04,-2.61,0.401,0.00247,Soluble,-3.1,0.127,0.000786,Soluble,-1.17,11,0.0681,Soluble,High,Yes,No,No,No,No,No,No,-5.68,0,2,0,0,1,0.85,0,0,1,1,0.53,0.69,0.78,0.58,0.71,0.69,0.99,0.98,0.86,0.67,0.78,0.57,0.81,0.95,0.99,0.95,0.99,0.96,0.95,0.96,0.98,0.98,0.96,0.98,0.99,0.66,0.87,0.78,0.95,0.57,0.99,1,1,0.85,1,0.5,0.79,0.97,0.94,0.83,0.72,0.54,0.86,0.94,1
S3140,Milnacipran HCl,Cl.CCN(CC)C(=O)C1(CC1CN)C2=CC=CC=C2,,-1.009,0.803,1.846,0.004,0.049,0.004,0.002,0.001,-4.972,1.27E-05,0.932,0.1635,2.889,0.7145,0.053,0.341,0.124,0.928,0.021,0.148,0.156,0.282,0.121,0.631,10.451,0.528,0.243,0.342,0.03,0.064,0.603,0.891,0.458,0.05,0.003,0.012,0.821,0.479,2.583,2.957,4.009,0.133,0.003,0.038,0.016,0.1,0.013,0.006,0.03,0.012,0.007,0.014,0.005,246.17,271.121,0.908,3,2,46.33,6,2,6,3,0,10,0.6,2,1,0,0,0,1,0,0,0,0.86,3.183,0.533,42.391,-0.098,0,0,0,0,Accepted,Accepted,Accepted,Accepted,0,Molecule 13,NCC1CC1(c1ccccc1)C(=O)N(CC)CC.Cl,C15H23ClN2O,282.81,19,6,0.53,6,2,1,80.4,46.33,0,2.16,2.57,2.22,2.31,1.85,-2.79,0.457,0.00161,Soluble,-2.77,0.485,0.00172,Soluble,-3.91,0.0351,0.000124,Soluble,High,Yes,Yes,No,No,No,No,No,-6.49,0,0,0,0,0,0.55,0,0,0,2.71,0.82,0.74,0.73,0.92,0.73,0.67,0.94,0.64,0.74,0.87,0.63,0.55,0.55,0.97,0.98,0.99,0.98,0.96,0.98,0.98,0.94,0.94,0.96,0.98,0.99,0.85,0.84,0.88,0.94,0.65,0.81,1,0.99,0.59,0.98,0.54,0.94,0.66,0.95,0.88,0.75,0.67,0.58,0.74,0.97
S3172,Anagrelide HCl,Cl.ClC1=CC=C2NC3=NC(=O)CN3CC2=C1Cl,,-3.955,2.984,3.443,0.003,0.006,0.005,0.764,0.97,-4.735,2.23E-05,0.347,0.9526,0.613,0.0404,0.95,0.628,0.671,0.066,0.613,0.879,0.586,0.843,0.29,0.233,8.599,0.509,0.035,0.451,0.925,0.071,0.072,0.576,0.168,0.822,0.005,0.079,0.779,1.12,4.133,5.054,3.994,0.018,0.012,0.969,0.167,0.119,0.05,0.005,0.725,0.046,0.769,0.874,0.505,255,214.867,1.187,4,2,50.08,0,3,13,6,0,15,0,0,1,0,0,0,2,1,2,1,0.65,3.369,0.1,34.909,-0.835,0,0,0,0,Accepted,Rejected,Accepted,Accepted,0,Molecule 22,O=C1N=C2N(C1)Cc1c(N2)ccc(c1Cl)Cl.Cl,C10H8Cl3N3O,292.55,17,6,0.2,0,2,1,80.04,44.7,0,2.4,1.43,2.13,2.69,1.73,-3.43,0.109,0.000374,Soluble,-2.98,0.306,0.00105,Soluble,-4.05,0.0263,0.0000899,Moderately soluble,High,Yes,Yes,Yes,No,No,No,No,-6.38,0,0,0,0,0,0.55,0,0,0,2.82,0.78,0.85,0.68,0.86,0.85,0.62,0.99,0.63,0.62,0.77,0.52,0.74,0.52,0.76,0.97,0.98,0.97,0.86,0.98,0.97,0.95,0.95,0.75,0.9,0.94,0.96,0.83,0.78,0.89,0.55,0.92,0.94,0.99,0.74,0.99,0.63,0.98,0.52,0.84,0.58,0.7,0.64,0.53,0.83,0.99
S3647,Mafenide Acetate,CC(O)=O.NCC1=CC=C(C=C1)[S](N)(=O)=O,,0.037,-1.003,-0.24,0.001,0.002,0.005,0.002,0.001,-5.328,0.000410905,0.206,0.2702,1.381,0.7529,0.024,0.403,0.027,0.331,0.016,0.396,0.047,0.661,0.014,0.246,1.106,0.357,0.12,0.176,0.979,0.027,0.461,0.884,0.041,0.147,0.004,0.129,0.467,0.217,2.899,2.328,4.351,0.523,0.049,0.026,0.003,0.071,0.006,0.003,0.044,0.006,0.006,0.019,0.003,186.05,171.246,1.086,4,4,86.18,2,1,6,5,0,8,0.25,0,0,0,0,0,1,0,0,0,0.67,1.698,0.143,8,-1.138,1,0,1,0,Accepted,Accepted,Accepted,Rejected,0,Molecule 99,CC(=O)O.NCc1ccc(cc1)S(=O)(=O)N,C9H14N2O4S,246.28,16,6,0.22,2,6,3,58.61,131.86,0.91,-3.18,0.81,-0.48,-0.43,-0.47,0.49,763,3.1,Highly soluble,0.98,2350,9.54,Highly soluble,-2.01,2.41,0.00977,Soluble,High,No,No,No,No,No,No,No,-10.06,0,0,0,1,1,0.55,0,0,1,1.72,0.82,0.88,0.51,0.71,0.66,0.63,0.99,0.77,0.71,0.84,0.81,0.51,0.75,0.94,0.96,0.93,0.99,0.92,0.98,0.97,0.99,0.99,0.98,0.99,0.96,0.82,0.66,0.76,0.84,0.92,0.97,0.98,0.99,0.87,1,0.58,0.94,0.66,0.93,0.96,0.92,0.81,0.87,0.98,0.98
S3656,Piribedil,C1OC2=CC=C(CN3CCN(CC3)C4=NC=CC=N4)C=C2O1,,-2.556,2.352,2.07,0.012,0.228,0.003,0.023,0.328,-4.578,2.69E-05,0.991,0.9087,2.072,0.0847,0.939,0.596,0.96,0.719,0.206,0.408,0.979,0.9,0.916,0.892,12.481,0.212,0.444,0.117,0.627,0.767,0.122,0.679,0.491,0.911,0.003,0.025,0.98,0.928,2.618,3.316,3.889,0.091,0.142,0.695,0.008,0.268,0.01,0.001,0.574,0.061,0.007,0.022,0.05,298.14,296.815,1.004,6,0,50.72,3,4,9,6,0,22,0.136,0,0,0,0,0,1,0,1,1,0.856,2.051,0.375,44.182,-1.506,1,0,0,0,Accepted,Accepted,Accepted,Accepted,0,Molecule 4,c1cnc(nc1)N1CCN(CC1)Cc1ccc2c(c1)OCO2,C16H18N4O2,298.34,22,12,0.38,3,5,0,88.84,50.72,2.88,1.78,0.61,1.18,1.68,1.63,-3.02,0.287,0.000962,Soluble,-2.46,1.03,0.00344,Soluble,-4.1,0.0238,0.0000796,Moderately soluble,High,Yes,Yes,Yes,No,No,Yes,Yes,-6.86,0,0,0,0,0,0.55,0,0,0,2.54,0.76,0.76,0.54,0.89,0.74,0.52,0.96,0.55,0.56,0.95,0.64,0.72,0.7,0.89,0.99,0.98,0.97,0.93,0.98,0.98,0.98,0.98,0.93,0.95,0.94,0.95,0.86,0.95,0.85,0.66,0.92,0.99,1,0.65,0.99,0.77,0.9,0.72,0.7,0.7,0.61,0.6,0.93,0.99,0.99
S3697,Mafenide hydrochloride,Cl.NCC1=CC=C(C=C1)[S](N)(=O)=O,,0.037,-1.003,-0.24,0.001,0.002,0.005,0.002,0.001,-5.328,0.000410905,0.206,0.2702,1.381,0.7529,0.024,0.403,0.027,0.331,0.016,0.396,0.047,0.661,0.014,0.246,1.106,0.357,0.12,0.176,0.979,0.027,0.461,0.884,0.041,0.147,0.004,0.129,0.467,0.217,2.899,2.328,4.351,0.523,0.049,0.026,0.003,0.071,0.006,0.003,0.044,0.006,0.006,0.019,0.003,186.05,171.246,1.086,4,4,86.18,2,1,6,5,0,8,0.25,0,0,0,0,0,1,0,0,0,0.67,1.698,0.143,8,-1.138,1,0,1,0,Accepted,Accepted,Accepted,Rejected,0,Molecule 100,NCc1ccc(cc1)S(=O)(=O)N.Cl,C7H11ClN2O2S,222.69,13,6,0.14,2,4,2,52.07,94.56,0,0.11,1.52,0.12,-0.43,0.26,-1.5,7.05,0.0317,Very soluble,-1.65,4.97,0.0223,Very soluble,-2.01,2.18,0.00977,Soluble,High,No,No,No,No,No,No,No,-7.58,0,0,0,0,0,0.55,0,0,1,1.64,0.89,0.81,0.57,0.85,0.7,0.58,0.99,0.72,0.68,0.85,0.68,0.5,0.75,0.97,0.99,0.96,0.98,0.97,0.99,0.99,0.98,0.98,0.98,0.98,0.96,0.92,0.69,0.79,0.86,0.94,0.97,0.99,0.99,0.87,1,0.59,0.95,0.54,0.95,0.83,0.77,0.64,0.68,0.96,0.95
S3731,Tipiracil hydrochloride,Cl.ClC1=C(CN2CCCC2=N)NC(=O)NC1=O,,-2.592,0.068,-0.968,0,0.996,0.91,0.895,0.013,-6.28,6.18E-05,0.098,0.1982,0.885,0.6183,0.072,0.94,0.261,0.048,0.089,0.05,0.038,0.07,0.019,0.23,7.061,0.92,0.02,0.806,0.954,0.019,0.059,0.207,0.221,0.105,0.003,0.057,0.157,-0.003,2.036,2.091,3.522,0.014,0.004,0.031,0.006,0.066,0.011,0.002,0.151,0.016,0.006,0.01,0.017,242.06,213.34,1.135,6,3,92.81,2,2,6,7,0,14,0.143,0,1,0,0,0,1,1,1,0,0.696,3.179,0.444,29.538,-0.656,0,0,0,0,Accepted,Accepted,Accepted,Accepted,0,Molecule 18,O=c1[nH]c(CN2CCCC2=N)c(c(=O)[nH]1)Cl.Cl,C9H12Cl2N4O2,279.12,17,6,0.44,2,3,3,72.14,92.81,0,0.12,0.56,0.94,2.31,0.79,-1.78,4.68,0.0168,Very soluble,-1.62,6.62,0.0237,Very soluble,-2.97,0.297,0.00106,Soluble,High,No,No,No,No,No,No,No,-7.92,0,0,0,0,0,0.55,0,1,0,2.4,0.76,0.87,0.53,0.8,0.82,0.64,0.99,0.62,0.75,0.67,0.57,0.76,0.52,0.87,0.98,0.99,0.96,0.89,0.99,0.98,0.96,0.96,0.86,0.92,0.95,0.87,0.8,0.9,0.77,0.7,0.84,0.98,0.99,0.61,1,0.67,0.93,0.56,0.87,0.82,0.73,0.65,0.56,0.91,0.99
S3750,Sodium benzoate,[Na+].[O-]C(=O)C1=CC=CC=C1,,0.604,-1.318,0.078,0,0,0.005,0.003,0.007,-4.349,3.85E-05,0.608,0.797,0.292,0.1369,0.042,0.073,0.026,0.089,0.05,0.313,0.003,0.075,0.005,0.12,4.045,0.793,0.05,0.859,0.474,0.015,0.089,0.008,0.387,0.072,0.537,0.995,0.123,0.56,2.641,3.231,3.457,0.01,0.009,0.023,0.004,0.077,0.006,0.004,0.01,0.007,0.214,0.008,0.004,121.03,126.788,0.955,2,0,40.13,1,1,6,2,-1,7,0.143,0,0,0,0,0,0,0,0,0,0.526,2.215,0,5,-0.467,0,0,0,0,Accepted,Accepted,Accepted,Rejected,0,Molecule 100,[O-]C(=O)c1ccccc1.[Na+],C7H5NaO2,144.1,10,6,0,1,2,0,31.46,40.13,-11.15,1.87,0.05,1.6,1.24,-1.28,-2.29,0.74,0.00513,Soluble,-2.33,0.667,0.00463,Soluble,-1.72,2.72,0.0189,Soluble,High,No,Yes,No,No,No,No,No,-5.85,0,3,0,0,1,0.55,0,0,1,1,0.63,0.55,0.51,0.8,0.7,0.82,0.99,0.91,0.84,0.94,0.63,0.8,0.83,1,1,0.99,0.99,0.99,0.99,0.97,0.99,0.99,0.99,0.99,0.99,0.87,0.83,0.68,0.97,0.6,0.97,1,1,0.61,1,0.65,0.84,0.88,0.93,0.77,0.73,0.54,0.87,0.94,0.97
S3756,Methyl salicylate,COC(=O)C1=C(O)C=CC=C1,,-2.008,1.844,2.338,0.001,0.001,0.006,0.003,0.705,-4.392,2.98E-05,0.793,0.8714,0.722,0.1344,0.937,0.835,0.596,0.218,0.248,0.875,0.252,0.542,0.065,0.225,12.797,0.865,0.017,0.032,0.391,0.088,0.035,0.012,0.276,0.146,0.428,0.988,0.14,0.576,3.341,3.62,4.194,0.009,0.016,0.275,0.013,0.156,0.086,0.005,0.028,0.097,0.021,0.068,0.013,152.05,154.193,0.986,3,1,46.53,2,1,6,3,0,7,0.286,0,0,0,0,0,0,0,1,0,0.614,1.462,0.125,6,0.026,1,0,0,0,Accepted,Accepted,Accepted,Rejected,0,Molecule 38,COC(=O)c1ccccc1O,C8H8O3,152.15,11,6,0.12,2,3,1,39.74,46.53,2.03,2.55,1.18,1.32,1.21,1.66,-2.66,0.332,0.00218,Soluble,-3.17,0.102,0.000669,Soluble,-1.88,2,0.0132,Soluble,High,Yes,No,No,No,No,No,No,-5.42,0,3,0,0,1,0.55,0,0,1,1.11,0.55,0.57,0.71,0.95,0.95,0.71,0.97,0.96,0.84,0.85,0.8,0.56,0.97,0.97,1,0.99,1,0.98,0.97,0.99,0.99,0.99,0.99,1,0.97,0.69,0.83,0.74,0.97,0.53,1,1,1,0.78,1,0.61,0.77,0.96,0.98,0.83,0.81,0.52,0.71,0.97,0.99
S3758,Sinomenine hydrochloride,Cl.COC1=C(O)C2=C(CC3C4C=C(OC)C(=O)CC24CCN3C)C=C1,,-1.893,1.363,1.347,0.027,0.004,0.012,0.875,0.272,-4.67,2.38E-05,0.997,0.3601,1.959,0.5137,0.035,0.703,0.036,0.944,0.013,0.319,0.685,0.891,0.067,0.872,13.251,0.71,0.184,0.696,0.032,0.01,0.686,0.904,0.895,0.258,0.003,0.009,0.935,0.608,2.466,3.108,4.245,0.005,0.008,0.887,0.01,0.082,0.01,0.009,0.441,0.162,0.433,0.224,0.721,329.16,335.93,0.98,5,1,59,2,4,12,5,0,21,0.095,3,2,0,1,0,7,2,2,1,0.899,4.535,0.526,83.586,2.123,2,0,1,0,Accepted,Accepted,Accepted,Accepted,0,Molecule 11,COC1=CC2C3Cc4c(C2(CC1=O)CCN3C)c(O)c(cc4)OC.Cl,C19H24ClNO4,365.85,25,6,0.53,2,5,1,101.09,59,0,2.95,2.44,1.53,2.36,1.86,-4.01,0.0356,0.0000972,Moderately soluble,-3.85,0.0515,0.000141,Soluble,-3.71,0.071,0.000194,Soluble,High,Yes,Yes,No,No,No,No,Yes,-6.44,0,0,0,0,0,0.55,0,0,1,4.59,0.89,0.55,0.66,0.96,0.8,0.62,0.83,0.83,0.69,0.9,0.52,0.64,0.52,0.92,0.93,0.96,0.87,0.79,0.98,0.99,0.76,0.76,0.9,0.89,0.98,0.65,0.82,0.91,0.75,0.64,0.77,1,1,0.59,1,0.52,0.75,0.85,0.88,0.89,0.88,0.6,0.63,0.91,0.99
S3866,Galanthamine,COC1=C2OC3CC(O)C=CC34CCN(C)CC(=C24)C=C1,,-1.243,0.952,1.389,0,0.04,0.008,0.002,0.003,-4.584,2.00E-05,0.998,0.1952,2.767,0.7399,0.09,0.882,0.033,0.951,0.01,0.397,0.906,0.922,0.022,0.873,4.169,0.54,0.248,0.319,0.033,0.015,0.634,0.879,0.788,0.092,0.003,0.009,0.963,2.007,3.151,4.179,4.315,0.357,0.007,0.734,0.063,0.105,0.006,0.078,0.089,0.012,0.146,0.106,0.128,287.15,295.184,0.973,4,1,41.93,1,4,16,4,0,20,0.05,3,0,1,0,0,1,0,0,3,0.801,4.227,0.529,99.846,2.115,0,0,0,0,Accepted,Accepted,Accepted,Accepted,0,Molecule 39,COc1ccc2c3c1OC1C3(CCN(C2)C)C=CC(C1)O,C17H21NO3,287.35,21,6,0.53,1,4,1,84.05,41.93,2.64,1.84,1.32,1.74,2.03,1.91,-2.93,0.341,0.00119,Soluble,-2.34,1.31,0.00456,Soluble,-2.96,0.317,0.0011,Soluble,High,Yes,Yes,No,No,No,Yes,No,-6.75,0,0,0,0,0,0.55,0,1,0,4.57,0.93,0.78,0.81,0.95,0.82,0.65,0.98,0.76,0.5,1,0.53,0.82,0.81,1,0.9,0.99,0.97,0.96,0.99,1,0.93,0.93,0.98,0.97,0.98,0.7,0.87,0.91,0.55,0.63,0.76,0.99,1,0.93,0.98,0.62,0.8,0.83,0.88,0.99,0.94,0.74,0.52,0.99,0.99
S3883,Protopine,CN1CCC2=C(C=C3OCOC3=C2)C(=O)CC4=C(C1)C5=C(OCO5)C=C4,,-4.683,2.586,3.188,0.011,0.004,0.001,0.006,0.004,-4.999,3.05E-05,0.97,0.929,2.131,0.0474,0.955,0.258,0.939,0.847,0.064,0.778,0.986,0.918,0.964,0.771,16.684,0.229,0.523,0.284,0.889,0.25,0.21,0.225,0.181,0.875,0.003,0.008,0.625,1.486,4.589,5.657,5.836,0.073,0.036,0.935,0.06,0.483,0.309,0.006,0.139,0.647,0.043,0.451,0.886,353.13,348.187,1.014,6,0,57.23,0,5,24,6,0,29,0,0,0,0,0,0,2,0,1,0,0.726,3.189,0.35,61.111,0.793,1,0,0,0,Accepted,Rejected,Accepted,Accepted,0,Molecule 67,CN1CCc2cc3OCOc3cc2C(=O)Cc2c(C1)c1OCOc1cc2,C20H19NO5,353.37,26,12,0.35,0,6,0,97.49,57.23,3.19,2.79,2.02,1.9,3.47,2.67,-4.13,0.0262,0.0000741,Moderately soluble,-3.65,0.0794,0.000225,Soluble,-5.38,0.00148,0.00000418,Moderately soluble,High,Yes,Yes,Yes,No,Yes,Yes,Yes,-6.47,0,0,0,0,0,0.55,0,0,1,3.48,0.92,0.66,0.55,0.91,0.83,0.6,0.53,0.53,0.57,0.92,0.52,0.55,0.65,0.62,0.95,0.99,0.95,0.91,0.95,0.98,0.95,0.95,0.83,0.96,0.97,0.54,0.73,0.87,0.77,0.55,0.84,1,1,0.75,0.99,0.73,0.83,0.85,0.84,0.61,0.99,0.59,0.96,0.52,0.99
S3944,Valproic acid (VPA),CCCC(CCC)C(O)=O,,-2.113,1.797,2.762,0.001,0.064,0.004,0.002,0.005,-4.454,3.12E-05,0.976,0.8759,0.375,0.1459,0.054,0.625,0.027,0.791,0.024,0.943,0.028,0.172,0.009,0.074,1.996,0.8,0.02,0.075,0.083,0.006,0.228,0.009,0.293,0.07,0.945,0.984,0.218,0.362,2.904,3.02,3.62,0.63,0.005,0.011,0.005,0.129,0.012,0.222,0.032,0.005,0.032,0.013,0.006,144.12,161.868,0.89,2,1,37.3,5,0,0,2,0,1,5,0,0,0,0,0,0,0,0,0,0.642,2.029,0.875,0,0.384,0,0,0,0,Accepted,Accepted,Accepted,Rejected,0,Molecule 2,CCCC(C(=O)O)CCC,C8H16O2,144.21,10,0,0.88,5,2,1,42.34,37.3,1.99,2.75,2.29,1.96,1.6,2.12,-2.14,1.05,0.0073,Soluble,-3.19,0.0935,0.000648,Soluble,-1.67,3.07,0.0213,Soluble,High,Yes,No,No,No,No,No,No,-5.23,0,1,0,0,1,0.85,0,0,1,1.28,0.77,0.91,0.51,0.65,0.83,0.63,0.99,0.97,0.77,0.94,0.59,0.71,0.95,1,1,1,1,0.99,1,0.93,1,1,0.99,1,1,0.9,0.78,0.97,0.98,0.96,0.92,0.97,0.99,0.77,0.98,0.92,0.97,0.95,0.98,0.89,0.98,0.6,0.85,0.99,0.99
S3980,Pyridoxine,CC1=NC=C(CO)C(=C1O)CO,,-0.579,-0.307,-0.426,0,0.005,0.015,0.173,0.076,-4.769,6.79E-06,0.069,0.1018,1.128,0.7354,0.053,0.15,0.014,0.191,0.002,0.156,0.005,0.395,0.003,0.171,6.201,0.935,0.022,0.057,0.183,0.123,0.023,0.01,0.701,0.117,0.003,0.079,0.048,-0.087,0.867,2.155,2.24,0.011,0.006,0.162,0.388,0.12,0.014,0.023,0.134,0.01,0.015,0.02,0.036,169.07,167.826,1.007,4,3,73.58,2,1,6,4,0,6,0.333,0,1,0,0,0,0,0,0,0,0.586,2.549,0.375,7,0.636,1,0,0,0,Accepted,Accepted,Accepted,Rejected,0,Molecule 6,OCc1c(CO)cnc(c1O)C,C8H11NO3,169.18,12,6,0.38,2,4,3,43.48,73.58,0.8,-0.77,-0.22,-0.91,1,-0.02,-0.64,38.6,0.228,Very soluble,-0.3,85.3,0.504,Very soluble,-1.49,5.46,0.0323,Soluble,High,No,No,No,No,No,No,No,-7.88,0,0,0,0,1,0.55,0,0,1,1.76,0.76,0.67,0.56,0.5,0.6,0.66,0.91,0.91,0.8,0.6,0.66,0.51,0.72,0.97,0.99,0.99,0.98,0.96,0.98,0.99,0.99,0.99,0.98,0.99,0.99,0.82,0.82,0.64,0.87,0.5,0.74,0.99,0.99,0.85,0.99,0.73,0.53,0.83,0.87,0.87,0.74,0.67,0.83,0.97,0.99
S4022,Probenecid,CCCN(CCC)[S](=O)(=O)C1=CC=C(C=C1)C(O)=O,,-3.582,1.736,3.193,0.003,0.034,0.005,0.004,0.009,-5.317,2.17E-05,0.105,0.9507,0.228,0.1227,0.121,0.522,0.088,0.066,0.363,0.249,0.012,0.091,0.022,0.204,2.707,0.59,0.239,0.872,0.992,0.004,0.383,0.008,0.033,0.041,0.003,0.219,0.047,0.383,2.787,3.112,3.506,0.037,0.057,0.06,0.019,0.133,0.007,0.008,0.177,0.008,0.009,0.17,0.006,285.1,278.969,1.022,5,1,74.68,7,1,6,6,0,9,0.778,0,1,0,0,0,0,0,0,0,0.833,1.854,0.462,10,-1.324,1,0,0,0,Accepted,Rejected,Accepted,Accepted,0,Molecule 40,CCCN(S(=O)(=O)c1ccc(cc1)C(=O)O)CCC,C13H19NO4S,285.36,19,6,0.46,7,5,1,73.43,83.06,2.15,3.21,3.28,1.75,1.2,2.32,-3.4,0.113,0.000395,Soluble,-4.63,0.00674,0.0000236,Moderately soluble,-3.42,0.108,0.000378,Soluble,High,No,No,No,Yes,No,No,No,-5.76,0,0,0,0,0,0.56,0,0,0,2.23,0.82,0.8,0.51,0.59,0.83,0.62,0.99,0.87,0.69,0.83,0.61,0.54,0.61,0.97,0.99,0.96,0.99,0.97,0.99,0.97,0.98,0.98,0.97,0.98,0.99,0.66,0.63,0.9,0.82,0.94,0.98,0.99,1,0.87,1,0.57,0.81,0.86,0.96,0.92,0.84,0.68,0.86,0.93,0.99
S4023,Procaine HCl,Cl.CCN(CC)CCOC(=O)C1=CC=C(N)C=C1,,-2.097,1.456,2.295,0.002,0.726,0.004,0.987,0.973,-4.598,4.22E-05,0.625,0.1661,1.882,0.6932,0.403,0.587,0.055,0.471,0.011,0.112,0.727,0.782,0.024,0.234,14.224,0.35,0.386,0.048,0.05,0.049,0.268,0.014,0.585,0.087,0.005,0.088,0.855,0.48,2.925,3,5.314,0.018,0.004,0.156,0.005,0.154,0.024,0.002,0.102,0.18,0.031,0.016,0.01,236.15,253.876,0.93,4,2,55.56,7,1,6,4,0,7,1,0,1,0,0,0,2,0,1,4,0.604,1.863,0.462,7,-0.841,1,0,0,0,Accepted,Accepted,Accepted,Accepted,0,Molecule 25,CCN(CCOC(=O)c1ccc(cc1)N)CC.Cl,C13H21ClN2O2,272.77,18,6,0.46,7,3,1,76.02,55.56,0,2.72,2.58,2.2,1.61,1.82,-3.03,0.255,0.000934,Soluble,-3.54,0.0786,0.000288,Soluble,-3.46,0.0935,0.000343,Soluble,High,Yes,No,No,No,No,No,No,-6.03,0,0,0,0,0,0.55,0,1,0,1.98,0.95,0.76,0.51,0.96,0.64,0.57,0.59,0.59,0.69,0.77,0.67,0.54,0.57,0.84,0.99,0.99,0.98,0.98,0.99,0.99,0.94,0.94,0.98,0.99,0.99,0.65,0.74,0.84,0.92,0.73,0.85,1,1,0.63,0.99,0.75,0.94,0.54,0.92,0.54,0.79,0.82,0.77,0.92,0.99
S4045,Pheniramine Maleate,CN(C)CCC(C1=CC=CC=C1)C2=NC=CC=C2.OC(=O)\C=C/C(O)=O,,-2.356,2.309,2.605,0.001,0.005,0.004,0.007,0.002,-4.386,2.12E-05,0.923,0.6152,4.267,0.4488,0.048,0.871,0.025,0.981,0.003,0.239,0.9,0.911,0.016,0.908,7.089,0.144,0.15,0.706,0.049,0.037,0.942,0.916,0.362,0.046,0.004,0.013,0.96,0.928,3.383,3.899,4.369,0.055,0.002,0.005,0.011,0.138,0.011,0.004,0.025,0.006,0.008,0.029,0.01,240.16,274.354,0.875,2,0,16.13,5,2,6,2,0,12,0.417,1,2,0,0,0,1,1,0,0,0.798,2.39,0.312,20,-1.111,0,0,0,0,Accepted,Accepted,Accepted,Accepted,0,Molecule 19,CN(CCC(c1ccccn1)c1ccccc1)C.OC(=O)/C=C\C(=O)O,C20H24N2O4,356.42,26,12,0.25,7,6,2,100.23,90.73,3.05,0.04,2.88,1.48,3.37,2.16,-1.95,3.96,0.0111,Very soluble,-1.5,11.3,0.0318,Very soluble,-5.52,0.00108,0.00000304,Moderately soluble,High,No,Yes,No,No,No,No,No,-8.45,0,0,0,0,0,0.56,0,1,1,3.17,0.86,0.52,0.55,0.88,0.76,0.62,0.57,0.95,0.71,0.61,0.66,0.58,0.72,0.98,0.99,0.99,0.96,0.98,0.99,0.99,0.96,0.96,0.96,0.99,0.98,0.65,0.73,0.74,0.91,0.68,0.87,1,1,0.58,0.98,0.58,0.93,0.72,0.83,0.88,0.8,0.51,0.52,0.74,0.99
S4054,Spironolactone,CC(=O)SC1CC2=CC(=O)CCC2(C)C3CCC4(C)C(CCC45CCC(=O)O5)C13,,-4.332,2.784,2.747,0.653,0.001,0.022,0.007,0.906,-4.878,3.05E-05,0.976,0.9106,0.672,0.056,0.04,0.528,0.242,0.855,0.241,0.216,0.006,0.357,0.742,0.75,15.246,0.381,0.021,0.079,0.321,0.037,0.5,0.924,0.027,0.529,0.003,0.01,0.849,0.478,4.017,4.923,5.644,0.207,0.865,0.012,0.887,0.204,0.731,0.969,0.893,0.043,0.595,0.968,0.916,416.2,424.002,0.982,4,0,60.44,2,5,17,5,0,28,0.071,7,1,0,1,0,3,2,2,0,0.452,5.352,0.792,119.814,1.962,2,1,0,0,Accepted,Accepted,Rejected,Accepted,0,Molecule 27,CC(=O)SC1CC2=CC(=O)CCC2(C2C1C1CCC3(C1(CC2)C)CCC(=O)O3)C,C24H32O4S,416.57,29,0,0.79,2,4,0,115.23,85.74,2.91,2.93,4.85,3.58,4.58,3.77,-4.14,0.0304,0.000073,Moderately soluble,-4.39,0.0169,0.0000405,Moderately soluble,-4.87,0.00567,0.0000136,Moderately soluble,High,No,Yes,No,No,No,No,No,-6.76,0,0,0,0,0,0.55,0,1,1,5.94,0.76,0.8,0.63,0.93,0.59,0.53,0.83,0.93,0.75,0.93,0.5,0.64,0.56,0.99,1,1,1,0.85,0.95,0.96,0.95,0.95,0.8,1,0.99,0.73,0.9,0.66,0.83,0.64,0.97,0.99,1,0.64,0.99,0.67,0.56,0.94,0.82,0.98,0.91,0.63,0.9,0.95,0.98
S4064,Escitalopram Oxalate,CN(C)CCCC1(OCC2=CC(=CC=C12)C#N)C3=CC=C(F)C=C3.OC(=O)C(O)=O,,-4.826,2.937,3.209,0.111,0.002,0.003,0.002,0.002,-4.617,1.71E-05,0.985,0.566,5.584,0.3663,0.067,0.87,0.086,0.974,0.095,0.169,0.517,0.921,0.206,0.92,8.017,0.033,0.962,0.658,0.089,0.144,0.188,0.933,0.588,0.18,0.003,0.011,0.96,2.08,4.219,4.98,6.667,0.026,0.004,0.024,0.881,0.229,0.007,0.01,0.213,0.004,0.008,0.073,0.053,324.16,344.566,0.941,3,0,36.26,5,3,9,4,0,17,0.294,1,3,1,0,0,1,1,1,0,0.839,3.095,0.35,56.667,-0.474,0,0,0,0,Accepted,Rejected,Accepted,Accepted,0,Molecule 21,OC(=O)C(=O)O.N#Cc1ccc2c(c1)COC2(CCCN(C)C)c1ccc(cc1)F,C22H23FN2O5,414.43,30,12,0.32,6,8,2,106.59,110.86,3.05,0.7,3.13,1.5,4.79,2.63,-2.75,0.736,0.00178,Soluble,-2.61,1.03,0.00248,Soluble,-6.86,0.0000571,0.000000138,Poorly soluble,High,No,Yes,No,No,No,No,No,-8.33,0,0,0,0,0,0.56,0,1,1,3.73,0.82,0.55,0.5,0.87,0.73,0.63,0.92,0.71,0.57,0.66,0.52,0.57,0.61,0.94,0.97,0.98,0.95,0.97,0.97,0.98,0.98,0.98,0.8,0.97,0.98,0.62,0.78,0.78,0.85,0.69,0.9,0.99,0.99,0.51,0.99,0.51,0.86,0.78,0.86,0.94,0.58,0.65,0.55,0.7,0.98
S4071,Griseofulvin,COC1=CC(=C2C(=O)C3(OC2=C1Cl)C(C)CC(=O)C=C3OC)OC,,-4.447,1.628,2.528,0.954,0,0.008,0.003,0.016,-4.672,2.34E-05,0.177,0.8489,0.946,0.0957,0.066,0.956,0.179,0.901,0.14,0.227,0.01,0.271,0.482,0.874,7.74,0.245,0.021,0.903,0.721,0.02,0.528,0.44,0.287,0.876,0.003,0.02,0.409,1.204,3.642,4.522,4.758,0.026,0.128,0.796,0.845,0.048,0.479,0.059,0.434,0.867,0.075,0.224,0.927,352.07,329.053,1.07,6,0,71.06,3,3,9,7,0,18,0.167,2,3,2,0,0,3,3,1,1,0.833,4.187,0.412,89.25,1.951,2,0,0,0,Accepted,Accepted,Accepted,Accepted,0,Molecule 75,COC1=CC(=O)CC(C21Oc1c(C2=O)c(OC)cc(c1Cl)OC)C,C17H17ClO6,352.77,24,6,0.41,3,6,0,86.59,71.06,2.95,2.18,2.81,0.71,3.39,2.41,-3.39,0.145,0.00041,Soluble,-3.31,0.175,0.000495,Soluble,-4.71,0.00689,0.0000195,Moderately soluble,High,Yes,No,Yes,No,Yes,No,Yes,-6.9,0,0,0,0,0,0.85,0,0,1,4.59,0.77,0.8,0.62,0.5,0.79,0.76,0.85,0.87,0.58,0.86,0.6,0.56,0.61,0.9,0.98,0.97,1,0.92,0.98,0.81,0.95,0.95,0.82,1,1,0.62,0.71,0.69,0.89,0.59,0.98,1,1,0.55,0.99,0.6,0.78,0.91,0.92,0.87,0.86,0.77,0.62,0.96,0.98
S4080,Triamterene,NC1=NC2=C(N=C(C3=CC=CC=C3)C(=N2)N)C(=N1)N,,-2.43,0.319,-1.803,0.001,0.37,0.036,0.853,0.005,-6.094,2.65E-05,0.447,0.5736,0.858,0.4369,0.212,0.819,0.225,0.027,0.031,0,0,0.032,0.005,0.261,3.821,0.893,0.817,0.999,0.989,0.901,0.93,0.456,0.591,0.921,0.003,0.029,0.991,-0.408,2.533,4.193,5.448,0.048,0.033,0.785,0.385,0.05,0.033,0.025,0.899,0.274,0.012,0.389,0.963,253.11,246.325,1.028,7,6,131.81,1,3,10,7,0,20,0.05,0,0,0,0,0,0,0,0,0,0.366,3.624,0,16,-0.234,0,0,0,0,Accepted,Accepted,Accepted,Accepted,0,Molecule 11,Nc1nc(N)c2c(n1)nc(c(n2)c1ccccc1)N,C12H11N7,253.26,19,16,0,1,4,3,73.78,129.62,1.45,0.98,0.86,0.08,0.18,0.71,-2.58,0.659,0.0026,Soluble,-3.29,0.13,0.000513,Soluble,-4.03,0.0237,0.0000935,Moderately soluble,High,No,Yes,Yes,No,No,Yes,Yes,-7.15,0,0,0,0,0,0.55,0,0,0,2.51,0.62,0.69,0.88,0.51,0.93,0.55,0.99,0.76,0.74,0.63,0.52,0.57,0.66,1,0.99,0.9,0.82,0.52,0.98,0.98,0.95,0.95,0.91,1,0.85,0.99,0.89,0.78,0.96,0.82,0.88,0.99,1,0.67,0.99,0.83,0.97,0.6,0.77,0.56,0.83,0.72,0.55,0.92,0.99
S4081,Sulfacetamide Sodium,[Na+].CC(=O)[N-][S](=O)(=O)C1=CC=C(N)C=C1,,-2.321,-0.696,-0.436,0.006,0.001,0.004,0.002,0.006,-5.019,5.56E-05,0.215,0.4386,0.377,0.6352,0.015,0.104,0.036,0.638,0.052,0.453,0.004,0.181,0.02,0.473,0.709,0.164,0.01,0.816,0.988,0.04,0.017,0.01,0.052,0.621,0.003,0.028,0.02,0.096,1.811,2.377,3.561,0.573,0.016,0.038,0.004,0.197,0.007,0.003,0.046,0.007,0.005,0.024,0.003,213.03,193.377,1.102,5,2,91.33,3,1,6,6,-1,9,0.333,0,0,0,0,0,3,0,1,4,0.738,3.19,0.125,9,-0.45,2,0,0,0,Accepted,Accepted,Accepted,Accepted,0,Molecule 5,CC(=O)[N-]S(=O)(=O)c1ccc(cc1)N.[Na+],C8H9N2NaO3S,236.22,15,6,0.12,3,4,1,52.31,85.61,-9.64,-0.96,1.97,1.1,-0.46,-1.6,-0.8,37.6,0.159,Very soluble,-0.35,105,0.444,Very soluble,-2.36,1.04,0.00439,Soluble,High,No,Yes,No,No,No,No,No,-8.42,0,0,0,0,0,0.55,0,1,1,1.89,0.76,0.87,0.51,0.52,0.56,0.65,0.99,0.88,0.78,0.9,0.83,0.56,0.68,0.96,0.96,0.95,0.99,0.78,0.99,0.99,0.99,0.99,0.93,0.98,0.98,0.87,0.54,0.71,0.92,0.97,0.99,0.99,1,0.85,0.99,0.56,0.93,0.68,0.96,0.9,0.87,0.8,0.93,0.93,0.99
S4083,Vitamin A Acetate,CC(=O)OC/C=C(C)/C=C/C=C(C)/C=C/C1=C(C)CCCC1(C)C,,-5.029,3.975,4.339,0.059,0.005,0.006,0.004,0.011,-4.821,2.60E-05,0.082,0.9693,2.11,0.0636,0.929,0.934,0.807,0.878,0.706,0.994,0.972,0.944,0.907,0.353,1.629,0.41,0.004,0.071,0.239,0.073,0.051,0.744,0.424,0.819,0.027,0.878,0.894,2.816,4.356,5.298,5.495,0.002,0.333,0.006,0.348,0.226,0.892,0.846,0.912,0.854,0.763,0.047,0.915,328.24,382.273,0.859,2,0,26.3,7,1,6,2,0,11,0.636,0,0,0,2,0,2,0,1,1,0.436,3.17,0.5,13.667,2.399,0,1,0,0,Accepted,Rejected,Rejected,Accepted,0,Molecule 7,CC(=O)OC/C=C(/C=C/C=C(/C=C/C1=C(C)CCCC1(C)C)\C)\C,C22H32O2,328.49,24,0,0.5,7,2,0,104.41,26.3,0.8,-0.77,6.08,-0.91,1,-0.02,-0.64,38.6,0.228,Very soluble,-0.3,85.3,0.504,Very soluble,-1.49,5.46,0.0323,Soluble,High,No,No,No,No,No,No,No,-7.88,0,0,0,0,1,0.55,0,0,1,1.76,0.58,0.67,0.67,0.74,0.67,0.69,0.84,0.97,0.83,0.9,0.71,0.8,0.84,0.99,1,1,0.9,0.98,0.71,0.95,0.69,0.69,0.86,0.99,0.99,0.69,0.91,0.54,0.93,0.54,0.94,1,1,0.83,0.99,0.52,0.56,0.86,0.78,0.95,0.85,0.55,0.75,0.95,0.99
S4086,Loxapine Succinate,CN1CCN(CC1)C2=NC3=C(OC4=C2C=C(Cl)C=C4)C=CC=C3.OC(=O)CCC(O)=O,,-4.453,3.509,3.307,0.998,0.932,0.003,0.003,0.008,-4.841,2.04E-05,0.998,0.9335,2.212,0.0568,0.733,0.932,0.264,0.963,0.05,0.772,0.903,0.942,0.05,0.897,3.823,0.128,0.981,0.654,0.919,0.038,0.779,0.182,0.904,0.152,0.003,0.011,0.986,2.05,4.239,5.702,5.479,0.564,0.007,0.322,0.017,0.238,0.004,0.006,0.115,0.007,0.004,0.17,0.064,327.11,324.195,1.009,4,0,28.07,1,4,15,5,0,23,0.043,0,1,1,0,1,0,1,1,0,0.737,2.295,0.278,46.957,-0.747,0,0,0,0,Accepted,Rejected,Accepted,Accepted,0,Molecule 74,CN1CCN(CC1)C1=Nc2ccccc2Oc2c1cc(Cl)cc2.OC(=O)CCC(=O)O,C22H24ClN3O5,445.9,31,12,0.32,4,7,2,128.98,102.67,3.47,0.16,2.56,2.71,3.63,2.51,-2.73,0.835,0.00187,Soluble,-1.87,5.97,0.0134,Very soluble,-5.72,0.00085,0.00000191,Moderately soluble,High,No,Yes,No,No,No,No,No,-8.91,0,0,0,0,0,0.55,0,0,1,4.12,0.66,0.73,0.56,0.94,0.76,0.63,0.96,0.87,0.5,0.54,0.6,0.72,0.66,0.92,0.98,0.98,0.94,0.95,0.99,0.98,0.96,0.96,0.86,0.94,0.97,0.78,0.8,0.88,0.68,0.59,0.82,0.99,1,0.62,0.97,0.65,0.95,0.69,0.84,0.86,0.77,0.56,0.57,0.74,0.99
S4090,Fenspiride HCl,Cl.O=C1NCC2(CCN(CCC3=CC=CC=C3)CC2)O1,,-1.793,1.855,1.906,0.048,0.794,0.008,0.001,0.003,-4.66,4.77E-05,0.997,0.6981,1.964,0.3307,0.046,0.162,0.058,0.651,0.009,0.056,0.967,0.814,0.037,0.401,9.099,0.1,0.86,0.112,0.021,0.122,0.415,0.907,0.418,0.11,0.003,0.014,0.967,0.268,2.33,2.802,3.759,0.062,0.037,0.029,0.01,0.52,0.011,0.007,0.217,0.015,0.008,0.009,0.038,260.15,271.355,0.959,4,1,41.57,3,3,6,4,0,18,0.167,0,0,0,0,1,0,1,0,1,0.901,2.784,0.533,52.826,-0.361,1,0,0,0,Accepted,Accepted,Accepted,Accepted,0,Molecule 24,O=C1NCC2(O1)CCN(CC2)CCc1ccccc1.Cl,C15H21ClN2O2,296.79,20,6,0.53,3,3,1,87.84,41.57,0,2.89,1.84,2.18,2.3,1.84,-3.52,0.0886,0.000299,Soluble,-3.42,0.112,0.000377,Soluble,-4.16,0.0208,0.00007,Moderately soluble,High,Yes,Yes,No,No,No,Yes,No,-6.06,0,0,0,0,0,0.55,0,0,0,2.85,0.83,0.72,0.55,0.86,0.82,0.54,0.99,0.64,0.64,0.77,0.5,0.72,0.56,0.97,0.99,0.99,0.98,1,0.98,1,0.99,0.99,0.96,0.97,0.98,0.89,0.88,0.95,0.84,0.59,0.5,0.99,1,0.51,0.97,0.51,0.97,0.61,0.82,0.97,0.85,0.69,0.6,0.91,0.98
S4099,Dexlansoprazole,CC1=C(C[S](=O)C2=NC3=C([NH]2)C=CC=C3)N=CC=C1OCC(F)(F)F,,-3.837,2.37,2.222,0.017,0.13,0.01,0.002,0.002,-4.592,4.88E-05,0.338,0.9919,0.867,0.0111,0.877,0.937,0.902,0.486,0.858,0.878,0.491,0.816,0.864,0.777,4.353,0.807,0.013,0.944,0.915,0.749,0.623,0.968,0.075,0.86,0.004,0.034,0.96,1.317,4.227,4.476,5.818,0.006,0.006,0.873,0.666,0.054,0.003,0.033,0.909,0.032,0.012,0.253,0.032,369.08,328.45,1.124,5,1,73.86,6,3,9,9,0,16,0.375,1,2,0,1,0,2,2,3,0,0.699,3.74,0.25,38,-0.96,2,0,0,0,Accepted,Accepted,Accepted,Accepted,0,Molecule 88,O=S(c1nc2c([nH]1)cccc2)Cc1nccc(c1C)OCC(F)(F)F,C16H14F3N3O2S,369.36,25,15,0.25,6,7,1,87.24,87.08,2.04,3.01,5.49,1.57,3.54,3.13,-4.07,0.0311,0.0000843,Moderately soluble,-4.5,0.0116,0.0000314,Moderately soluble,-6.84,0.0000529,0.000000143,Poorly soluble,High,No,Yes,Yes,Yes,Yes,Yes,Yes,-6.42,0,0,0,0,0,0.55,0,0,1,3.4,0.53,0.78,0.63,0.75,0.72,0.55,0.96,0.58,0.91,0.84,0.6,0.79,0.6,1,0.99,0.99,0.85,0.86,0.98,0.97,0.98,0.98,0.94,0.98,0.99,0.92,0.65,0.52,0.87,0.88,0.94,0.99,1,0.87,0.99,0.59,0.9,0.54,0.82,0.63,0.99,0.51,0.51,0.77,0.99
S4112,Desvenlafaxine Succinate hydrate,O.CN(C)CC(C1=CC=C(O)C=C1)C2(O)CCCCC2.OC(=O)CCC(O)=O,,-1.345,1.799,2.278,0.007,0.002,0.006,0.026,0.181,-4.578,1.10E-05,0.987,0.3076,2.797,0.7104,0.056,0.849,0.033,0.952,0.025,0.799,0.58,0.916,0.015,0.307,11.298,0.211,0.155,0.272,0.031,0.061,0.865,0.54,0.522,0.135,0.004,0.022,0.968,0.992,4.402,4.809,4.617,0.069,0.002,0.005,0.045,0.163,0.009,0.005,0.093,0.005,0.039,0.335,0.171,263.19,288.847,0.911,3,2,43.7,4,2,6,3,0,12,0.333,1,1,0,0,0,1,0,1,0,0.878,2.897,0.625,45,0.443,1,0,0,0,Accepted,Accepted,Accepted,Accepted,0,Molecule 115,CN(CC(C1(O)CCCCC1)c1ccc(cc1)O)C.OC(=O)CCC(=O)O,C20H31NO6,381.46,27,6,0.6,7,7,4,103.56,118.3,3.32,-0.46,2.67,1.27,2.65,1.89,-1.62,9.2,0.0241,Very soluble,-1.56,10.6,0.0277,Very soluble,-3.47,0.13,0.00034,Soluble,High,No,Yes,No,No,No,No,No,-8.95,0,0,0,0,0,0.56,0,0,1,3.11,0.92,0.71,0.61,0.92,0.62,0.66,0.96,0.85,0.73,0.56,0.6,0.76,0.63,0.98,0.95,0.99,0.95,0.89,0.98,0.97,0.96,0.96,0.92,0.97,0.98,0.59,0.76,0.83,0.91,0.69,0.84,1,1,0.68,0.99,0.64,0.87,0.87,0.96,0.94,0.84,0.7,0.63,0.84,1
S4113,Desvenlafaxine,CN(C)CC(C1=CC=C(O)C=C1)C2(O)CCCCC2,,-1.345,1.799,2.278,0.007,0.002,0.006,0.026,0.181,-4.578,1.10E-05,0.987,0.3076,2.797,0.7104,0.056,0.849,0.033,0.952,0.025,0.799,0.58,0.916,0.015,0.307,11.298,0.211,0.155,0.272,0.031,0.061,0.865,0.54,0.522,0.135,0.004,0.022,0.968,0.992,4.402,4.809,4.617,0.069,0.002,0.005,0.045,0.163,0.009,0.005,0.093,0.005,0.039,0.335,0.171,263.19,288.847,0.911,3,2,43.7,4,2,6,3,0,12,0.333,1,1,0,0,0,1,0,1,0,0.878,2.897,0.625,45,0.443,1,0,0,0,Accepted,Accepted,Accepted,Accepted,0,Molecule 70,CN(CC(C1(O)CCCCC1)c1ccc(cc1)O)C,C16H25NO2,263.38,19,6,0.62,4,3,2,78.68,43.7,2.68,-1.25,2.73,2.17,2.65,1.8,-0.66,58.3,0.221,Very soluble,0.83,1770,6.73,Highly soluble,-3.47,0.0894,0.00034,Soluble,High,Yes,Yes,No,No,No,Yes,No,-8.79,0,0,0,0,0,0.55,0,0,0,2.48,0.97,0.68,0.83,0.96,0.65,0.67,0.86,0.83,0.79,0.74,0.55,0.82,0.68,0.98,0.98,0.99,0.98,0.93,0.99,0.99,0.98,0.98,0.93,0.97,0.99,0.64,0.88,0.85,0.92,0.57,0.64,1,1,0.68,0.98,0.65,0.85,0.87,0.97,0.9,0.76,0.73,0.72,0.9,0.99
S4125,Sodium Phenylbutyrate,[Na]OC(=O)CCCC1=CC=CC=C1,,-0.167,-0.412,0.23,0,0,0.005,0.006,0.006,-4.434,3.57E-05,0.422,0.849,0.176,0.0846,0.066,0.111,0.041,0.323,0.192,0.909,0.002,0.135,0.004,0.154,2.331,0.707,0.042,0.874,0.152,0.013,0.077,0.031,0.787,0.407,0.797,0.978,0.047,0.503,2.959,3.189,3.823,0.045,0.009,0.034,0.006,0.076,0.006,0.548,0.034,0.006,0.079,0.01,0.004,163.08,178.676,0.913,2,0,40.13,4,1,6,2,-1,7,0.571,0,0,0,0,0,0,0,0,0,0.657,2.154,0.3,5,-0.323,0,0,0,0,Accepted,Accepted,Accepted,Rejected,0,Molecule 2,[Na]OC(=O)CCCc1ccccc1,C10H11NaO2,186.18,13,6,0.3,5,2,0,46.06,26.3,0,2.35,2.02,2.29,1.13,1.56,-2.49,0.608,0.00326,Soluble,-2.54,0.534,0.00287,Soluble,-3.38,0.0782,0.00042,Soluble,High,Yes,No,No,No,No,No,No,-5.77,0,0,0,0,1,0.55,0,0,1,1.44,0.52,0.66,0.5,0.94,0.53,0.8,0.96,0.69,0.8,0.95,0.57,0.67,0.79,0.95,0.99,0.8,0.99,0.73,0.77,0.61,0.76,0.76,0.95,0.8,0.85,0.7,0.8,0.59,0.93,0.61,0.95,1,0.99,0.77,0.99,0.63,0.8,0.88,0.92,0.61,0.72,0.59,0.84,0.9,0.97
S4155,Chlorzoxazone,ClC1=CC2=C(OC(=O)N2)C=C1,,-2.734,2.501,2.02,0.002,0.192,0.005,0.002,0.705,-4.737,2.97E-05,0.267,0.8996,0.501,0.0714,0.98,0.931,0.54,0.062,0.022,0.044,0.5,0.097,0.033,0.24,7.472,0.709,0.018,0.599,0.962,0.013,0.069,0.104,0.405,0.837,0.01,0.881,0.034,0.877,3.165,3.579,4.513,0.012,0.003,0.152,0.008,0.452,0.005,0.004,0.342,0.018,0.006,0.035,0.034,168.99,145.758,1.159,3,1,46,0,2,9,4,0,11,0,0,1,1,0,0,0,1,1,0,0.654,2.189,0,10,-1.065,1,0,0,0,Accepted,Accepted,Accepted,Rejected,0,Molecule 17,Clc1ccc2c(c1)[nH]c(=O)o2,C7H4ClNO2,169.57,11,9,0,0,2,1,41.84,46,1.54,1.79,1.77,1.43,2.68,1.84,-2.62,0.403,0.00237,Soluble,-2.37,0.716,0.00422,Soluble,-3.43,0.0629,0.000371,Soluble,High,Yes,No,Yes,No,No,No,No,-6.06,0,1,0,0,1,0.55,0,0,1,2.27,0.56,0.73,0.58,0.67,0.77,0.52,0.98,0.85,0.74,0.84,0.63,0.5,0.75,0.9,0.99,1,0.97,0.99,0.99,0.99,0.98,0.98,0.93,0.97,0.99,0.79,0.69,0.72,0.96,0.72,0.9,0.98,0.99,0.8,0.99,0.72,0.88,0.7,0.85,0.88,0.58,0.61,0.71,0.91,0.96
S4228,Fluorometholone Acetate,CC1CC2C3CCC(OC(C)=O)(C(C)=O)C3(C)CC(O)C2(F)C4(C)C=CC(=O)C=C14,,-4.554,2.744,2.798,0.055,0.003,0.258,0.03,0.04,-4.941,2.74E-05,0.895,0.8271,1.097,0.1888,0.006,0.377,0.074,0.854,0.066,0.118,0.011,0.051,0.673,0.895,6.92,0.382,0.018,0.269,0.226,0.02,0.148,0.922,0.053,0.851,0.003,0.013,0.962,0.412,3.803,3.704,4.565,0.928,0.899,0.007,0.474,0.353,0.616,0.33,0.856,0.092,0.686,0.833,0.856,418.22,426.271,0.981,5,1,80.67,3,4,17,6,0,23,0.13,7,1,2,0,0,5,4,2,1,0.547,4.878,0.708,82.732,1.938,1,0,0,0,Accepted,Accepted,Rejected,Accepted,0,Molecule 21,O=C1C=CC2(C(=C1)C(C)CC1C2(F)C(O)CC2(C1CCC2(OC(=O)C)C(=O)C)C)C,C24H31FO5,418.5,30,0,0.71,3,6,1,110.53,80.67,2,1.5,3.91,2.77,3.69,2.78,-3.18,0.275,0.000658,Soluble,-2.8,0.661,0.00158,Soluble,-3.98,0.0435,0.000104,Soluble,High,No,Yes,No,No,No,No,No,-7.79,0,0,0,0,0,0.55,0,0,1,5.46,0.86,0.91,0.62,0.96,0.6,0.61,0.99,0.94,0.71,1,0.55,0.72,0.63,0.77,1,0.92,0.89,1,0.98,0.99,0.99,0.99,0.86,0.95,1,0.5,0.91,0.64,0.79,0.64,0.98,1,1,0.81,1,0.77,0.64,0.95,0.85,0.99,0.96,0.51,0.95,0.5,0.99
S4231,Pilocarpine HCl,Cl.CCC1C(COC1=O)CC2=CN=C[N]2C,,-0.939,0.849,0.878,0,0.005,0.004,0.285,0.934,-4.503,2.04E-05,0.837,0.2046,1.105,0.7736,0.409,0.866,0.607,0.652,0.078,0.1,0.018,0.196,0.715,0.629,11.087,0.865,0.035,0.703,0.344,0.044,0.476,0.803,0.717,0.197,0.006,0.071,0.124,0.533,2.698,3.4,3.49,0.038,0.003,0.011,0.026,0.055,0.055,0.002,0.016,0.006,0.274,0.008,0.005,208.12,213.364,0.975,4,0,44.12,3,2,5,4,0,11,0.273,2,0,0,0,0,0,2,1,0,0.7,3.641,0.636,36.667,1.252,1,0,0,0,Accepted,Accepted,Accepted,Accepted,0,Molecule 49,CCC1C(=O)OCC1Cc1cncn1C.Cl,C11H17ClN2O2,244.72,16,5,0.64,3,3,0,63.43,44.12,0,0.92,1.96,1.19,1.63,1.14,-1.97,2.62,0.0107,Very soluble,-1.43,9.04,0.0369,Very soluble,-2.28,1.29,0.00527,Soluble,High,Yes,No,No,No,No,No,No,-7.14,0,0,0,0,0,0.55,0,0,1,3.16,0.81,0.66,0.51,0.83,0.77,0.81,0.53,0.61,0.71,0.87,0.66,0.51,0.66,0.94,0.99,0.99,0.76,0.96,0.98,0.98,0.92,0.92,0.9,0.95,0.99,0.82,0.78,0.73,0.92,0.5,0.95,0.99,0.99,0.64,0.99,0.61,0.82,0.84,0.86,0.96,0.79,0.67,0.77,0.74,0.98
S4246,Tranylcypromine (2-PCPA) HCl,Cl.NC1CC1C2=CC=CC=C2,,-1.319,1.136,1.571,0,0.007,0.008,0.009,0.005,-4.84,7.11E-05,0.977,0.3422,5.272,0.536,0.292,0.211,0.041,0.806,0.015,0.202,0.511,0.872,0.057,0.435,12.267,0.251,0.195,0.595,0.036,0.17,0.832,0.889,0.202,0.118,0.014,0.068,0.926,0.76,3.024,3.323,4.26,0.01,0.003,0.007,0.004,0.175,0.019,0.002,0.023,0.008,0.127,0.025,0.005,133.09,150.195,0.886,1,2,26.02,1,2,6,1,0,9,0.111,2,0,0,0,0,0,1,1,0,0.617,2.404,0.333,31.5,0.419,0,0,0,0,Accepted,Accepted,Accepted,Rejected,0,Molecule 49,NC1CC1c1ccccc1.Cl,C9H12ClN,169.65,11,6,0.33,1,1,1,48.58,26.02,0,2.29,2.3,2.1,1.83,1.7,-2.67,0.361,0.00213,Soluble,-2.47,0.57,0.00336,Soluble,-2.37,0.719,0.00424,Soluble,High,Yes,No,No,No,No,No,No,-5.71,0,0,0,0,2,0.55,0,0,1,1.69,0.75,0.86,0.81,0.58,0.74,0.6,0.98,0.72,0.72,0.87,0.63,0.53,0.52,0.89,0.99,0.99,0.96,0.94,0.98,0.99,0.97,0.97,0.9,0.99,0.98,0.93,0.91,0.67,0.95,0.75,0.77,1,1,0.71,1,0.81,0.87,0.65,0.9,0.72,0.74,0.69,0.58,0.9,0.94
S4278,Carteolol HCl,Cl.CC(C)(C)NCC(O)COC1=C2CCC(=O)NC2=CC=C1,,-2.139,1.556,1.461,0.012,0.992,0.016,0.002,0.002,-5.002,3.88E-05,0.247,0.1349,1.197,0.7308,0.042,0.088,0.037,0.865,0.002,0.138,0.291,0.868,0.036,0.781,8.402,0.703,0.134,0.168,0.025,0.318,0.177,0.914,0.608,0.066,0.003,0.009,0.576,0.605,2.118,2.495,3.768,0.003,0.002,0.097,0.002,0.06,0.008,0.008,0.022,0.004,0.005,0.017,0.007,292.18,305.998,0.955,5,3,70.59,6,2,10,5,0,12,0.5,1,1,0,0,0,4,0,1,1,0.772,2.876,0.562,44.24,-0.342,1,0,0,0,Accepted,Accepted,Accepted,Accepted,0,Molecule 22,OC(COc1cccc2c1CCC(=O)N2)CNC(C)(C)C.Cl,C16H25ClN2O3,328.83,22,6,0.56,6,4,3,92.84,70.59,0,1.78,1.93,1.32,2.38,1.48,-2.81,0.514,0.00156,Soluble,-2.88,0.433,0.00132,Soluble,-4.45,0.0118,0.0000358,Moderately soluble,High,Yes,Yes,No,No,No,No,No,-7.04,0,0,0,0,0,0.55,0,0,0,3.2,0.9,0.55,0.51,0.92,0.63,0.81,0.76,0.73,0.57,0.51,0.55,0.73,0.68,0.96,0.99,0.99,0.97,0.96,0.99,0.99,0.98,0.98,0.97,0.97,0.98,0.8,0.74,0.72,0.73,0.67,0.86,0.99,0.99,0.5,0.99,0.59,0.82,0.6,0.9,0.95,0.87,0.75,0.67,0.91,0.99
S4281,Tasimelteon,CCC(=O)NCC1CC1C2=C3CCOC3=CC=C2,,-3.518,2.44,2.337,0.12,0.008,0.003,0.034,0.06,-4.647,3.27E-05,0.651,0.931,0.825,0.0507,0.858,0.568,0.834,0.844,0.21,0.613,0.317,0.85,0.666,0.435,12.098,0.72,0.09,0.556,0.08,0.264,0.19,0.588,0.247,0.619,0.003,0.028,0.095,0.578,2.614,3.288,4.987,0.02,0.004,0.362,0.007,0.149,0.252,0.005,0.047,0.012,0.027,0.044,0.009,245.14,260.358,0.942,3,1,38.33,5,3,9,3,0,14,0.357,2,0,0,0,0,0,0,0,0,0.883,3.163,0.533,51.522,0.003,0,0,0,0,Accepted,Accepted,Accepted,Accepted,0,Molecule 67,CCC(=O)NCC1CC1c1cccc2c1CCO2,C15H19NO2,245.32,18,6,0.53,5,2,1,70.48,38.33,2.56,2.15,2.25,2.24,3.31,2.5,-2.63,0.572,0.00233,Soluble,-2.59,0.635,0.00259,Soluble,-4.26,0.0135,0.0000548,Moderately soluble,High,Yes,Yes,No,No,No,Yes,No,-6.27,0,0,0,0,0,0.55,0,0,1,2.96,0.91,0.75,0.76,0.93,0.66,0.55,0.98,0.61,0.65,0.87,0.6,0.53,0.56,0.93,0.96,0.99,0.92,0.7,0.98,0.97,0.93,0.93,0.81,0.83,0.96,0.78,0.58,0.75,0.83,0.52,0.98,0.99,1,0.67,0.99,0.77,0.63,0.77,0.79,0.6,0.69,0.6,0.65,0.82,0.99
S4294,Procainamide HCl,Cl.CCN(CC)CCNC(=O)C1=CC=C(N)C=C1,,-1.154,0.866,1.01,0.001,0.968,0.011,0.004,0.09,-5.165,8.91E-06,0.367,0.1294,1.98,0.7823,0.069,0.219,0.053,0.147,0.014,0.135,0.086,0.609,0.009,0.132,9.812,0.354,0.211,0.182,0.061,0.5,0.501,0.027,0.495,0.069,0.003,0.02,0.965,0.345,2.325,2.456,5.509,0.014,0.002,0.028,0.004,0.301,0.015,0.004,0.045,0.058,0.006,0.01,0.009,235.17,256.082,0.918,4,3,58.36,7,1,6,4,0,7,1,0,1,0,0,0,2,0,1,5,0.732,1.792,0.462,7,-1.4,1,0,0,0,Accepted,Accepted,Accepted,Accepted,0,Molecule 38,CCN(CCNC(=O)c1ccc(cc1)N)CC.Cl,C13H22ClN3O,271.79,18,6,0.46,7,2,2,77.74,58.36,0,1.68,2.15,1.79,1.29,1.38,-2.37,1.16,0.00428,Soluble,-2.52,0.821,0.00302,Soluble,-3.78,0.0455,0.000167,Soluble,High,Yes,No,No,No,No,No,No,-6.77,0,0,0,0,0,0.55,0,1,0,1.55,0.91,0.79,0.69,0.95,0.67,0.66,0.82,0.58,0.69,0.8,0.65,0.58,0.58,0.97,0.99,0.99,0.99,0.98,0.99,0.99,0.99,0.99,0.98,0.98,0.99,0.76,0.78,0.89,0.9,0.72,0.83,0.99,1,0.69,0.98,0.66,0.94,0.6,0.94,0.8,0.82,0.75,0.63,0.96,0.99
S4507,17-Hydroxyprogesterone,CC(=O)C1(O)CCC2C3CCC4=CC(=O)CCC4(C)C3CCC12C,,0.395,0.451,0.373,0,0.854,0.006,0.004,0.009,-4.655,3.20E-05,0.938,0.124,1.636,0.7499,0.266,0.584,0.078,0.922,0.036,0.394,0.02,0.646,0.027,0.671,4.96,0.25,0.016,0.101,0.838,0.172,0.05,0.063,0.199,0.248,0.03,0.736,0.847,0.555,2.651,3.165,4.059,0.037,0.003,0.096,0.009,0.12,0.007,0.003,0.083,0.011,0.006,0.031,0.005,203.11,210.298,0.966,4,2,52.95,1,2,6,4,0,12,0.083,0,0,0,0,0,2,0,1,5,0.753,2.061,0.182,12,-1.061,0,0,0,0,Accepted,Accepted,Accepted,Accepted,0,Molecule 75,O=C1CCC2(C(=C1)CCC1C2CCC2(C1CCC2(O)C(=O)C)C)C,C21H30O3,330.46,24,0,0.81,1,3,1,95.21,54.37,2.8,3.17,3.84,3.07,3.98,3.37,-3.82,0.05,0.000151,Soluble,-3.98,0.0344,0.000104,Soluble,-4.02,0.0317,0.0000959,Moderately soluble,High,Yes,Yes,No,No,No,No,No,-6.07,0,0,0,0,0,0.55,0,0,0,4.81,0.84,0.92,0.86,0.98,0.62,0.57,0.96,0.89,0.72,0.99,0.57,0.6,0.51,1,1,1,0.84,1,0.76,1,0.98,0.98,0.99,0.99,1,0.67,0.99,0.71,0.85,0.92,0.99,1,1,0.92,1,0.55,0.65,0.97,0.88,0.99,1,0.61,0.97,0.93,1
S4527,Fenofibric acid,CC(C)(OC1=CC=C(C=C1)C(=O)C2=CC=C(Cl)C=C2)C(O)=O,,-3.533,0.273,1.348,0.014,0.001,0.004,0.002,0.003,-4.519,0.000211749,0.035,0.7654,0.983,0.2606,0.693,0.803,0.371,0.093,0.046,0.81,0.006,0.706,0.012,0.348,4.753,0.597,0.008,0.739,0.961,0.996,0.224,0.047,0.578,0.987,0.033,0.132,0.043,0.516,4.799,4.894,4.976,0.007,0.026,0.82,0.004,0.254,0.845,0.004,0.909,0.471,0.352,0.311,0.746,225.04,193.571,1.163,8,0,98.18,3,2,5,8,0,13,0.231,0,2,0,0,1,0,1,4,6,0.433,2.982,0.25,26.4,-1.641,2,0,0,0,Accepted,Accepted,Accepted,Accepted,0,Molecule 68,Clc1ccc(cc1)C(=O)c1ccc(cc1)OC(C(=O)O)(C)C,C17H15ClO4,318.75,22,12,0.18,5,4,1,84.05,63.6,2.34,3.91,3.81,2.86,3.78,3.34,-4.35,0.0141,0.0000443,Moderately soluble,-4.94,0.00362,0.0000114,Moderately soluble,-5.4,0.00128,0.00000402,Moderately soluble,High,Yes,No,Yes,Yes,Yes,No,No,-5.47,0,0,0,0,0,0.85,0,0,1,2.14,0.5,0.94,0.56,0.63,0.77,0.55,0.86,0.98,0.57,0.76,0.54,0.53,0.82,0.95,0.99,1,0.93,0.83,0.86,0.79,0.91,0.91,0.64,0.9,0.98,0.62,0.59,0.69,0.94,0.72,0.94,1,1,0.96,1,0.51,0.9,0.92,0.96,0.92,0.78,0.82,0.82,0.91,0.98
S4538,Pantoprazole sodium,[Na+].COC1=CC=NC(=C1OC)C[S](=O)C2=NC3=C([N-]2)C=CC(=C3)OC(F)F,,-1.854,1.804,2.221,0,0.001,0.017,0.008,0.838,-5.179,1.15E-05,0.456,0.6727,0.251,0.2612,0.07,0.084,0.039,0.053,0.132,0.126,0.02,0.119,0.023,0.063,6.39,0.913,0.048,0.594,0.856,0.018,0.516,0.004,0.288,0.046,0.083,0.986,0.897,0.374,2.598,3.197,3.464,0.014,0.014,0.199,0.005,0.133,0.008,0.019,0.043,0.017,0.207,0.034,0.007,138.03,136.897,1.008,3,2,57.53,1,1,6,3,0,7,0.143,0,0,0,0,0,0,0,1,0,0.61,1.425,0,6,0.139,1,0,1,0,Accepted,Accepted,Accepted,Rejected,0,Molecule 89,COc1c(OC)ccnc1CS(=O)c1[n-]c2c(n1)cc(cc2)OC(F)F.[Na+],C16H14F2N3NaO4S,405.35,27,15,0.25,7,9,0,89.33,102.64,-9.17,2.37,4.07,0.38,2.62,0.05,-3.8,0.0649,0.00016,Soluble,-4.17,0.0277,0.0000682,Moderately soluble,-6.02,0.00039,0.000000962,Poorly soluble,High,No,Yes,No,No,No,No,No,-7.09,0,0,0,0,0,0.55,0,0,1,3.68,0.59,0.72,0.58,0.74,0.67,0.5,0.94,0.55,0.79,0.73,0.52,0.77,0.58,1,0.99,0.99,0.94,0.96,0.99,0.98,0.98,0.98,0.97,0.98,0.99,0.87,0.59,0.53,0.86,0.9,0.92,0.99,0.99,0.86,0.99,0.63,0.89,0.67,0.89,0.62,0.75,0.51,0.59,0.58,0.99
S4539,Salicylic acid,OC(=O)C1=C(O)C=CC=C1,,-5.528,3.378,4.885,0.012,0.001,0.003,0.002,0.754,-4.863,9.83E-06,0.082,1.0067,1.137,0.0095,0.984,0.437,0.946,0.092,0.835,0.9,0.776,0.782,0.117,0.341,7.208,0.243,0.141,0.048,0.874,0.043,0.056,0.427,0.78,0.309,0.025,0.932,0.309,2.444,5.012,5.892,5.752,0.299,0.004,0.723,0.888,0.484,0.502,0.012,0.846,0.062,0.476,0.972,0.761,287.95,246.39,1.169,2,1,29.46,2,2,6,5,0,12,0.167,0,1,1,0,0,1,1,1,0,0.829,1.806,0,12,-0.334,2,0,0,0,Accepted,Rejected,Rejected,Accepted,0,Molecule 184,OC(=O)c1ccccc1O,C7H6O3,138.12,10,6,0,1,3,2,35.42,57.53,1.13,2.26,1.09,0.99,0.74,1.24,-2.5,0.439,0.00318,Soluble,-3.1,0.109,0.000786,Soluble,-1.17,9.4,0.0681,Soluble,High,Yes,No,No,No,No,No,No,-5.54,0,3,0,0,1,0.85,0,0,1,1,0.51,0.69,0.78,0.58,0.71,0.67,0.99,0.98,0.86,0.67,0.76,0.53,0.88,0.98,0.99,1,1,0.96,0.98,1,0.99,0.99,0.99,0.99,0.99,0.66,0.87,0.78,0.95,0.57,0.99,1,1,0.85,1,0.5,0.79,0.97,0.94,0.83,0.72,0.54,0.86,0.94,1
S4609,Diflunisal,OC(=O)C1=C(O)C=CC(=C1)C2=C(F)C=C(F)C=C2,,-3.362,2.616,4.109,0.001,0.001,0.004,0.001,0.006,-4.648,1.31E-05,0.366,0.9872,0.251,0.0093,0.429,0.119,0.092,0.049,0.312,0.139,0.267,0.1,0.058,0.091,1.626,0.454,0.06,0.886,0.971,0.027,0.68,0.112,0.07,0.336,0.004,0.157,0.318,0.604,3.077,4.282,5.325,0.084,0.009,0.696,0.021,0.245,0.009,0.831,0.378,0.011,0.128,0.206,0.057,250.04,236.342,1.058,3,2,57.53,2,2,6,5,0,13,0.154,0,1,1,0,0,0,1,1,0,0.861,1.82,0,13,-0.572,1,0,1,0,Accepted,Rejected,Rejected,Accepted,0,Molecule 185,Fc1ccc(c(c1)F)c1ccc(c(c1)C(=O)O)O,C13H8F2O3,250.2,18,12,0,2,5,2,60.78,57.53,1.49,4.44,3.88,3.34,3.23,3.27,-4.55,0.00706,0.0000282,Moderately soluble,-5.37,0.00108,0.0000043,Moderately soluble,-4.28,0.0132,0.0000528,Moderately soluble,High,Yes,No,No,No,No,No,No,-4.67,0,0,0,0,0,0.85,0,0,1,1.96,0.75,0.7,0.92,0.89,0.64,0.65,0.97,0.85,0.6,0.72,0.56,0.51,0.64,0.93,0.94,0.97,0.92,0.81,0.9,0.62,0.92,0.92,0.52,0.83,0.97,0.57,0.91,0.97,0.95,0.56,0.99,1,1,0.93,1,0.67,0.94,0.96,0.94,0.52,0.5,0.92,0.75,0.89,1
S4626,Ethosuximide,CCC1(C)CC(=O)NC1=O,,-0.896,0.46,0.541,0.024,0.001,0.004,0.001,0.001,-4.534,5.57E-05,0.999,0.0664,0.614,0.8288,0.023,0.9,0.055,0.848,0.025,0.158,0.006,0.159,0.023,0.547,8.029,0.774,0.007,0.156,0.04,0.067,0.132,0.018,0.084,0.021,0.003,0.028,0.034,0.305,1.671,2.245,3.41,0.14,0.004,0.015,0.012,0.121,0.01,0.003,0.03,0.013,0.028,0.013,0.022,141.08,144.376,0.977,3,1,46.17,1,1,5,3,0,7,0.143,1,0,0,0,0,1,0,0,0,0.539,3.379,0.714,18.667,0.546,1,0,0,0,Accepted,Accepted,Accepted,Rejected,0,Molecule 72,CC1(CC)CC(=O)NC1=O,C7H11NO2,141.17,10,0,0.71,1,2,1,40.51,46.17,1.22,0.38,0.07,0.65,1.36,0.74,-0.89,18.2,0.129,Very soluble,-0.92,17.2,0.122,Very soluble,-1.96,1.55,0.011,Soluble,High,No,No,No,No,No,No,No,-6.89,0,1,0,0,1,0.55,0,1,1,1.43,0.93,0.55,0.88,0.51,0.74,0.62,0.99,0.77,0.76,0.99,0.51,0.55,0.53,0.99,0.99,0.99,0.99,0.98,0.99,0.99,0.98,0.98,0.99,0.98,0.99,0.87,0.86,0.62,0.94,0.51,0.94,0.99,1,0.84,0.99,0.5,0.54,0.81,0.96,0.97,0.94,0.79,0.85,0.98,0.98
S4630,Diazoxide,CC1=NC2=CC=C(Cl)C=C2[S](=O)(=O)N1,,-2.778,1.229,1.199,0.005,0.002,0.003,0.001,0.01,-4.526,2.28E-05,0.115,0.9561,0.65,0.0238,0.667,0.732,0.079,0.87,0.042,0.626,0.03,0.441,0.047,0.457,1.35,0.275,0.018,0.226,0.983,0.009,0.076,0.141,0.142,0.449,0.004,0.148,0.026,0.504,2.381,3.058,3.745,0.018,0.007,0.509,0.026,0.134,0.005,0.007,0.215,0.007,0.007,0.527,0.02,229.99,192.56,1.194,4,1,58.53,0,2,10,6,0,13,0,0,1,1,0,0,3,1,1,1,0.74,2.733,0.125,26,-1.753,1,0,0,0,Accepted,Accepted,Accepted,Accepted,0,Molecule 44,Clc1ccc2c(c1)S(=O)(=O)NC(=N2)C,C8H7ClN2O2S,230.67,14,6,0.12,0,3,1,61.68,66.91,1.45,1.2,2,1.31,1.93,1.58,-2.34,1.05,0.00454,Soluble,-2.2,1.45,0.00629,Soluble,-3.69,0.0471,0.000204,Soluble,High,Yes,No,Yes,No,No,No,No,-6.86,0,0,0,0,0,0.55,0,0,1,3,0.75,0.57,0.54,0.88,0.66,0.63,0.99,0.86,0.79,0.72,0.75,0.68,0.6,0.98,0.99,1,0.98,0.98,0.99,0.99,0.97,0.97,0.92,0.98,0.99,0.93,0.7,0.59,0.74,0.91,0.94,0.97,1,0.86,0.98,0.55,0.95,0.63,0.93,0.5,0.78,0.64,0.62,0.94,0.99
S4648,Dantrolene sodium hemiheptahydrate,CCC1CN2CCC1CC2C(O)C3=C4C=C(OC)C=CC4=NC=C3,,-2.963,2.771,3.038,0.75,0.975,0.007,0.847,0.012,-4.611,1.49E-05,0.851,0.6444,3.453,0.2894,0.12,0.944,0.191,0.945,0.041,0.461,0.971,0.935,0.118,0.73,8.033,0.243,0.81,0.93,0.314,0.236,0.545,0.366,0.077,0.175,0.003,0.016,0.973,1.432,3.957,4.422,6.02,0.053,0.003,0.224,0.023,0.151,0.362,0.002,0.104,0.007,0.104,0.257,0.249,326.2,346.642,0.941,4,1,45.59,4,4,10,4,0,20,0.2,5,1,0,0,0,0,0,1,0,0.935,4.374,0.55,72.484,0.603,2,0,0,0,Accepted,Rejected,Accepted,Accepted,0,Molecule 73,CCC1CN2CCC1CC2C(c1ccnc2c1cc(OC)cc2)O,C20H26N2O2,326.43,24,10,0.55,4,4,1,100.21,45.59,3.52,3.13,2.69,2.31,3.12,2.96,-3.88,0.043,0.000132,Soluble,-3.76,0.0572,0.000175,Soluble,-4.65,0.00726,0.0000222,Moderately soluble,High,Yes,No,No,No,No,Yes,No,-6.07,0,0,0,0,0,0.55,0,0,0,4.3,0.94,0.76,0.73,0.97,0.79,0.62,0.94,0.62,0.7,0.62,0.58,0.58,0.72,0.5,0.95,0.93,0.87,0.87,0.98,0.99,0.93,0.93,0.9,0.94,0.98,0.83,0.54,0.91,0.74,0.52,0.71,1,1,0.53,0.99,0.78,0.88,0.75,0.9,0.96,0.98,0.89,0.98,0.99,1
S4697,Saxagliptin hydrate,O.NC(C(=O)N1C(CC2CC12)C#N)[C]34CC5[CH2]C(C[C](O)(C5)C3)C4,,-1.888,0.937,1.223,0.043,0.009,0.036,0.002,0.002,-5.212,9.36E-05,0.06,0.0865,1.426,0.8739,0.006,0.102,0.029,0.102,0.039,0.151,0.019,0.152,0.338,0.453,8.981,0.187,0.013,0.912,0.036,0.022,0.903,0.908,0.106,0.919,0.003,0.013,0.985,0.195,2.475,4.181,3.919,0.005,0.002,0.014,0.013,0.204,0.01,0.009,0.358,0.002,0.017,0.406,0.021,315.19,319.763,0.986,5,3,90.35,3,5,6,5,0,21,0.143,6,0,0,0,0,1,0,3,0,0.8,5.665,0.889,83.588,0.17,0,0,0,0,Accepted,Accepted,Accepted,Accepted,0,Molecule 12,N#CC1CC2C(N1C(=O)C(C13CC4CC(C1)CC(C3)(C4)O)N)C2.O,C18H27N3O3,333.43,24,0,0.89,3,5,3,91.52,99.58,2.02,0.26,0.71,0.4,1.06,0.89,-1.87,4.47,0.0134,Very soluble,-1.91,4.08,0.0122,Very soluble,-1.32,15.9,0.0476,Soluble,High,No,Yes,No,No,No,No,No,-8.15,0,0,0,0,0,0.55,0,0,0,5.13,0.87,0.56,0.63,0.63,0.7,0.7,0.99,0.66,0.74,0.72,0.66,0.7,0.5,0.97,0.98,0.99,0.97,0.93,0.98,0.98,0.97,0.97,0.94,0.94,0.98,0.9,0.97,0.81,0.95,0.55,0.93,0.98,0.99,0.71,0.99,0.53,0.9,0.77,0.91,0.96,0.83,0.69,0.67,0.88,0.99
S4714,(-)-Menthol,CC(C)C1CCC(C)CC1O,,-2.73,3.25,3.022,0,0.04,0.005,0.066,0.375,-4.323,2.73E-05,0.832,0.8226,1.132,0.1229,0.25,0.707,0.028,0.855,0.108,0.895,0.003,0.373,0.023,0.307,14.327,0.354,0.026,0.093,0.124,0.02,0.039,0.021,0.281,0.083,0.631,0.939,0.293,1.286,3.326,3.437,4.283,0.01,0.002,0.006,0.002,0.38,0.577,0.002,0.014,0.002,0.098,0.026,0.003,156.15,181.75,0.859,1,1,20.23,1,1,6,1,0,6,0.167,3,0,0,0,0,0,1,0,0,0.618,3.353,1,18.2,1.864,0,0,0,0,Accepted,Rejected,Accepted,Rejected,0,Molecule 34,CC1CCC(C(C1)O)C(C)C,C10H20O,156.27,11,0,1,1,1,1,49.23,20.23,2.55,3.4,2.44,2.45,2.06,2.58,-2.88,0.204,0.0013,Soluble,-3.5,0.0489,0.000313,Soluble,-1.48,5.22,0.0334,Soluble,High,Yes,No,No,No,No,No,No,-4.84,0,1,0,0,2,0.55,0,0,1,2.63,0.77,0.62,0.79,0.66,0.91,0.89,0.99,0.73,0.88,0.92,0.55,0.52,0.83,0.99,1,1,1,0.98,1,0.99,1,1,0.99,0.99,0.99,0.79,0.89,0.67,0.93,0.69,0.92,1,1,0.85,0.98,0.66,0.53,0.96,0.95,0.81,0.82,0.57,0.87,0.99,0.99
S4737,Psoralen,O=C1OC2=C(C=C1)C=C3C=COC3=C2,,-3.433,2.406,2.252,0.009,0.991,0.006,0.992,1,-4.737,2.17E-05,0.034,0.9162,1.383,0.1072,0.988,0.762,0.484,0.064,0.082,0.795,0.789,0.845,0.469,0.223,11.451,0.6,0.258,0.163,0.907,0.048,0.527,0.791,0.189,0.906,0.132,0.981,0.526,1.773,4.015,4.273,5.148,0.088,0.011,0.652,0.03,0.478,0.009,0.014,0.498,0.823,0.316,0.121,0.704,186.03,183.695,1.013,3,0,43.35,0,3,13,3,0,16,0,0,0,1,0,0,0,0,3,4,0.506,2.329,0,14,0.941,1,0,0,0,Accepted,Accepted,Accepted,Rejected,0,Molecule 73,O=c1ccc2c(o1)cc1c(c2)cco1,C11H6O3,186.16,14,13,0,0,3,0,52.26,43.35,2.01,1.67,2.54,1.48,2.91,2.12,-2.73,0.344,0.00185,Soluble,-2.19,1.19,0.00639,Soluble,-4.5,0.00587,0.0000316,Moderately soluble,High,Yes,No,Yes,No,No,No,No,-6.25,0,0,0,0,1,0.55,0,1,1,3.06,0.82,0.68,0.5,0.6,0.7,0.75,0.99,0.94,0.63,0.65,0.68,0.56,0.56,0.55,0.97,0.98,0.95,0.64,0.99,0.99,0.96,0.96,0.81,0.93,0.69,0.9,0.84,0.85,0.96,0.59,0.97,1,1,0.71,0.99,0.61,0.9,0.87,0.82,1,0.99,0.88,0.82,0.51,0.95
S4750,Sulfacetamide sodium salt hydrate,O.CC(=O)N([Na])[S](=O)(=O)C1=CC=C(N)C=C1,,-2.321,-0.696,-0.436,0.006,0.001,0.004,0.002,0.006,-5.019,5.56E-05,0.215,0.4386,0.377,0.6352,0.015,0.104,0.036,0.638,0.052,0.453,0.004,0.181,0.02,0.473,0.709,0.164,0.01,0.816,0.988,0.04,0.017,0.01,0.052,0.621,0.003,0.028,0.02,0.096,1.811,2.377,3.561,0.573,0.016,0.038,0.004,0.197,0.007,0.003,0.046,0.007,0.005,0.024,0.003,213.03,193.377,1.102,5,2,91.33,3,1,6,6,-1,9,0.333,0,0,0,0,0,3,0,1,4,0.738,3.19,0.125,9,-0.45,2,0,0,0,Accepted,Accepted,Accepted,Accepted,0,Molecule 5,[Na]N(S(=O)(=O)c1ccc(cc1)N)C(=O)C.O,C8H11N2NaO4S,254.24,16,6,0.12,3,4,2,53.83,98.08,0,-0.32,1.29,-0.93,-2.13,-0.42,-1.29,12.9,0.0508,Very soluble,-1.28,13.4,0.0526,Very soluble,-1.72,4.86,0.0191,Soluble,High,No,No,No,No,No,No,No,-8.08,0,0,0,0,0,0.55,0,1,0,2.34,0.74,0.91,0.52,0.5,0.61,0.68,0.99,0.73,0.67,0.83,0.82,0.57,0.7,0.95,0.95,0.96,0.98,0.9,0.98,0.99,0.98,0.98,0.84,0.98,0.99,0.81,0.58,0.71,0.92,0.96,0.98,0.98,0.99,0.86,0.99,0.59,0.94,0.76,0.96,0.98,0.95,0.82,0.94,0.94,0.99
S5023,Nadolol,CC(C)(C)NCC(O)COC1=CC=CC2=C1CC(O)C(O)C2,,-1.979,1.379,1.363,0,0.651,0.532,0.003,0.004,-5.178,1.82E-05,0.239,0.2176,2.585,0.6776,0.049,0.064,0.015,0.883,0,0.181,0.323,0.883,0.006,0.741,9.719,0.396,0.09,0.083,0.007,0.058,0.322,0.913,0.29,0.024,0.003,0.008,0.502,0.383,1.926,2.074,3.819,0.002,0.001,0.017,0.002,0.107,0.008,0.006,0.021,0.004,0.004,0.008,0.005,309.19,323.724,0.955,5,4,81.95,6,2,10,5,0,11,0.545,3,1,0,0,0,0,0,0,0,0.641,3.471,0.647,49.286,0.257,0,0,0,0,Accepted,Accepted,Accepted,Accepted,0,Molecule 32,OC(COc1cccc2c1CC(O)C(C2)O)CNC(C)(C)C,C17H27NO4,309.4,22,6,0.65,6,5,4,85.53,81.95,2.89,0.71,0.63,0.74,1.85,1.37,-2.01,3.01,0.00974,Soluble,-2.01,3.03,0.0098,Soluble,-3.17,0.211,0.000682,Soluble,High,No,Yes,No,No,No,No,No,-7.68,0,0,0,0,0,0.55,0,0,0,3.92,0.96,0.79,0.56,0.85,0.53,0.83,0.95,0.94,0.59,0.98,0.53,0.69,0.71,0.95,0.98,0.99,0.97,0.95,0.95,0.99,0.99,0.99,0.96,0.97,0.98,0.68,0.63,0.68,0.79,0.69,0.83,0.99,0.99,0.76,0.99,0.66,0.66,0.79,0.95,0.94,0.93,0.79,0.58,0.95,1
S5079,Sitagliptin,NC(CC(=O)N1CC[N]2C(=NN=C2C(F)(F)F)C1)CC3=C(F)C=C(F)C(=C3)F,,-1.63,-1.112,-1.452,0,0.993,0.991,1,0.999,-6.508,1.21E-06,0.003,0.4931,0.204,0.4243,0.005,0.029,0.045,0.044,0.152,0.97,0.101,0.072,0.014,0.128,1.489,0.88,0.054,0.11,0.988,0.016,0.022,0.001,0.891,0.598,0.003,0.015,0.371,0.059,2.718,3.582,4.509,0.61,0.026,0.243,0.021,0.143,0.091,0.484,0.203,0.001,0.018,0.029,0.003,519.1,460.622,1.127,13,5,193.63,11,4,8,15,0,24,0.458,2,0,0,0,0,6,2,2,0,0.228,3.617,0.35,80.556,-1.13,2,1,0,0,Rejected,Accepted,Rejected,Rejected,0,Molecule 14,NC(Cc1cc(F)c(cc1F)F)CC(=O)N1CCn2c(C1)nnc2C(F)(F)F,C16H15F6N5O,407.31,28,11,0.44,6,10,1,87.25,77.04,2.35,0.7,3.9,2.52,3.08,2.51,-2.7,0.811,0.00199,Soluble,-1.9,5.18,0.0127,Very soluble,-4.81,0.00632,0.0000155,Moderately soluble,High,Yes,Yes,No,No,No,No,No,-8.29,0,0,0,0,0,0.55,0,1,1,3.5,0.6,0.97,0.9,0.97,0.9,0.5,0.82,0.55,0.73,0.85,0.63,0.68,0.61,0.79,0.96,0.95,0.86,0.89,0.93,0.94,0.95,0.95,0.84,0.9,0.95,0.97,0.78,0.95,0.86,0.57,0.97,0.99,1,0.56,1,0.59,0.99,0.52,0.93,0.82,0.7,0.53,0.73,0.6,1
S5177,Naproxen,COC1=CC2=CC=C(C=C2C=C1)C(C)C(O)=O,,-3.851,3.372,3.265,0,0.012,0.004,0.002,0.002,-4.571,1.64E-05,0.307,0.9737,0.384,0.0115,0.207,0.929,0.087,0.621,0.116,0.952,0.025,0.314,0.039,0.134,0.976,0.589,0.02,0.613,0.955,0.02,0.539,0.161,0.417,0.373,0.009,0.449,0.272,0.491,3.585,3.66,4.212,0.23,0.006,0.188,0.028,0.208,0.008,0.951,0.06,0.031,0.029,0.024,0.114,230.09,244.139,0.942,3,1,46.53,3,2,10,3,0,12,0.25,1,0,0,0,0,0,0,0,1,0.881,2.211,0.214,24,0.046,1,0,0,0,Accepted,Rejected,Accepted,Accepted,0,Molecule 138,COc1ccc2c(c1)ccc(c2)C(C(=O)O)C,C14H14O3,230.26,17,10,0.21,3,3,1,66.79,46.53,1.92,3.34,3.04,2.57,2.9,2.76,-3.61,0.0566,0.000246,Soluble,-3.99,0.0233,0.000101,Soluble,-4.02,0.0221,0.0000962,Moderately soluble,High,Yes,No,No,No,No,No,No,-5.33,0,0,0,0,0,0.85,0,0,1,1.85,0.51,0.53,0.81,0.87,0.83,0.53,0.85,0.74,0.8,0.61,0.53,0.6,0.88,0.88,1,0.99,0.97,0.83,0.91,0.98,0.96,0.96,0.9,0.94,0.94,0.62,0.61,0.87,0.95,0.56,0.98,1,1,0.71,0.98,0.69,0.93,0.9,0.96,0.88,0.97,0.65,0.88,0.99,0.99
S5179,Ropivacaine Mesilate,CCCN1CCCCC1C(=O)NC2=C(C)C=CC=C2C.C[S](O)(=O)=O,,-1.811,3.34,3.033,0.131,0.163,0.003,0.917,0.934,-4.425,1.52E-05,0.588,0.88,1.231,0.1298,0.054,0.943,0.138,0.949,0.019,0.09,0.955,0.898,0.071,0.687,5.716,0.837,0.046,0.424,0.069,0.206,0.93,0.058,0.136,0.282,0.003,0.021,0.963,0.743,2.677,3.739,4.338,0.512,0.002,0.018,0.008,0.141,0.006,0.005,0.04,0.004,0.018,0.076,0.022,274.2,305.713,0.897,3,1,32.34,5,2,6,3,0,13,0.385,1,0,0,0,0,4,0,1,0,0.911,2.372,0.588,40.444,-1.37,0,0,0,0,Accepted,Rejected,Accepted,Accepted,0,Molecule 50,CS(=O)(=O)O.CCCN1CCCCC1C(=O)Nc1c(C)cccc1C,C18H30N2O4S,370.51,25,6,0.61,5,5,2,106.49,95.09,2.89,-0.27,3.52,1.93,3.43,2.3,-1.81,5.68,0.0153,Very soluble,-1.27,20,0.054,Very soluble,-4.86,0.00509,0.0000137,Moderately soluble,High,No,Yes,No,No,No,No,No,-8.75,0,0,0,0,0,0.55,0,1,1,3.08,0.84,0.77,0.54,0.58,0.67,0.69,0.99,0.58,0.6,0.53,0.66,0.62,0.68,0.83,0.97,0.97,0.95,0.93,0.98,0.98,0.9,0.9,0.72,0.94,0.98,0.83,0.74,0.94,0.88,0.86,0.93,0.95,0.99,0.85,0.99,0.56,0.9,0.83,0.97,0.96,0.83,0.64,0.67,0.76,0.97
S5208,Ciprofloxacin hydrochloride hydrate,O.Cl.OC(=O)C1=CN(C2CC2)C3=C(C=C(F)C(=C3)N4CCNCC4)C1=O,,-4.107,0.48,-0.812,0.001,0.999,0.006,0.001,0.001,-5.269,3.00E-06,0.027,0.3746,2.324,0.7886,0.101,0.26,0.061,0.201,0.094,0.075,0.033,0.152,0.011,0.148,3.241,0.056,0.203,0.985,0.976,0.195,0.249,0.883,0.53,0.355,0.003,0.02,0.817,0.09,2.434,2.572,3.833,0.715,0.005,0.124,0.005,0.37,0.009,0.005,0.41,0.031,0.021,0.015,0.043,331.13,317.972,1.041,6,2,74.57,3,4,10,7,0,22,0.136,0,2,1,0,1,0,1,1,1,0.893,2.465,0.412,56.833,-0.725,1,0,0,0,Accepted,Accepted,Accepted,Accepted,0,Molecule 37,Fc1cc2c(cc1N1CCNCC1)n(cc(c2=O)C(=O)O)C1CC1.O.Cl,C17H21ClFN3O4,385.82,26,10,0.41,3,6,3,105.26,83.8,0,-0.75,1.92,0.72,1.9,0.76,-1.85,5.5,0.0142,Very soluble,-0.53,113,0.293,Very soluble,-3.5,0.121,0.000313,Soluble,High,No,Yes,No,No,No,No,No,-9.19,0,0,0,0,0,0.55,0,0,1,2.69,0.61,0.95,0.92,0.9,0.83,0.61,0.86,0.6,0.83,0.83,0.6,0.85,0.7,0.98,0.97,0.97,0.99,0.95,0.99,0.99,0.99,0.99,0.98,0.99,0.97,0.69,0.76,0.91,0.8,0.7,0.87,0.99,0.99,0.62,1,0.65,0.97,0.6,0.84,0.92,0.85,0.73,0.63,0.95,0.99
S5215,Abacavir (1592U89),NC1=NC2=C(N=C[N]2C3CC(CO)C=C3)C(=N1)NC4CC4,,-2.524,0.382,-0.556,0,0.996,0.026,0.003,0.004,-4.801,1.07E-05,0.656,0.2196,0.889,0.6581,0.014,0.319,0.077,0.032,0.02,0.003,0.001,0.025,0.172,0.417,9.573,0.849,0.125,0.993,0.972,0.298,0.877,0.919,0.603,0.93,0.003,0.015,0.97,-0.301,2.312,3.352,5.114,0.001,0.003,0.189,0.009,0.121,0.109,0.004,0.516,0.021,0.004,0.046,0.102,286.15,278.063,1.029,7,4,105.84,3,4,9,7,0,20,0.15,2,0,0,0,0,0,0,1,0,0.611,4.622,0.5,71.429,0.597,0,0,0,0,Accepted,Accepted,Accepted,Accepted,0,Molecule 162,OCC1C=CC(C1)n1cnc2c1nc(N)nc2NC1CC1,C14H18N6O,286.33,21,9,0.5,4,4,3,80.4,101.88,2.16,0.87,0.85,0.54,-0.27,0.83,-2.22,1.74,0.00607,Soluble,-2.59,0.73,0.00255,Soluble,-1.92,3.47,0.0121,Soluble,High,No,Yes,Yes,No,No,No,No,-7.43,0,0,0,0,0,0.55,0,1,0,3.77,0.77,0.88,0.55,0.93,0.75,0.51,0.59,0.58,0.76,0.96,0.67,0.66,0.65,1,0.99,0.99,0.75,1,0.99,0.96,0.97,0.97,0.95,0.9,1,0.98,0.89,0.77,0.91,0.63,0.92,0.95,0.99,0.66,0.99,0.68,0.95,0.59,0.56,0.7,0.81,0.73,0.5,0.75,0.98
S5239,Paroxetine mesylate,C[S](O)(=O)=O.FC1=CC=C(C=C1)C2CCNCC2COC3=CC=C4OCOC4=C3,,-4.234,3.115,3.723,0.998,0.003,0.002,0.001,0.002,-4.906,1.76E-05,0.882,0.9569,1.302,0.0441,0.93,0.366,0.701,0.925,0.1,0.385,0.989,0.941,0.961,0.633,19.627,0.049,0.985,0.687,0.091,0.68,0.218,0.92,0.536,0.468,0.003,0.011,0.858,2.719,4.444,5.361,6.942,0.005,0.027,0.797,0.01,0.116,0.01,0.001,0.475,0.013,0.071,0.153,0.021,329.14,330.571,0.996,4,1,39.72,4,4,9,5,0,22,0.182,2,1,1,0,0,1,1,1,0,0.934,2.986,0.368,65.769,-0.122,0,0,0,0,Accepted,Rejected,Accepted,Accepted,0,Molecule 35,CS(=O)(=O)O.Fc1ccc(cc1)C1CCNCC1COc1ccc2c(c1)OCO2,C20H24FNO6S,425.47,29,12,0.4,4,8,2,109.54,102.47,3.22,0.35,3.95,2.35,3.99,2.77,-2.74,0.773,0.00182,Soluble,-2.07,3.65,0.00858,Soluble,-6.04,0.000384,0.000000904,Poorly soluble,High,No,Yes,No,No,No,Yes,No,-8.65,0,0,0,0,0,0.55,0,1,1,3.92,0.69,0.52,0.62,0.68,0.5,0.7,0.98,0.59,0.53,0.7,0.58,0.62,0.57,0.88,0.96,0.88,0.82,0.81,0.91,0.88,0.92,0.92,0.72,0.83,0.94,0.74,0.71,0.75,0.7,0.8,0.94,0.98,0.99,0.79,0.99,0.58,0.7,0.63,0.75,0.88,0.64,0.51,0.55,0.5,0.92
S5246,Entecavir,NC1=NC(=O)C2=C(N1)[N](C=N2)C3CC(O)C(CO)C3=C,,-2.059,-1.281,-1.731,0,0.869,0.052,0.471,0.006,-6.223,6.60E-05,0.906,0.2777,0.657,0.6532,0.006,0.436,0.026,0.037,0.003,0.011,0,0.027,0.009,0.114,6.325,0.839,0.052,0.992,0.987,0.027,0.931,0.479,0.044,0.963,0.003,0.013,0.981,-0.164,1.527,3.359,5.114,0.007,0.002,0.013,0.005,0.063,0.035,0.002,0.071,0.015,0.002,0.008,0.104,277.12,258.611,1.072,8,5,130.78,2,3,9,8,0,18,0.111,3,0,0,0,0,0,0,1,0,0.451,4.436,0.417,62.471,1.02,0,0,0,0,Accepted,Accepted,Accepted,Accepted,0,Molecule 163,OCC1C(O)CC(C1=C)n1cnc2c1[nH]c(N)nc2=O,C12H15N5O3,277.28,20,9,0.42,2,5,4,72.39,130.05,0.14,-0.83,-0.82,-0.72,-0.42,-0.53,-1.24,16.1,0.0579,Very soluble,-1.42,10.5,0.0379,Very soluble,-1.23,16.5,0.0594,Soluble,High,No,No,No,No,No,No,No,-8.58,0,1,0,0,0,0.55,0,1,0,3.53,0.74,0.69,0.62,0.98,0.8,0.52,0.93,0.83,0.82,0.76,0.66,0.72,0.54,0.97,0.99,0.98,0.99,0.95,0.98,0.95,0.97,0.97,0.98,0.93,0.94,0.92,0.86,0.78,0.88,0.71,0.93,0.92,0.98,0.65,0.99,0.71,0.89,0.51,0.63,0.94,0.92,0.7,0.79,0.93,0.99
S5278,Tedizolid (TR-700),C[N]1N=NC(=N1)C2=CC=C(C=N2)C3=C(F)C=C(C=C3)N4CC(CO)OC4=O,,-3.069,1.43,1.69,0.072,0.009,0.006,0.152,0.992,-4.535,1.68E-05,0.113,0.8288,0.755,0.1487,0.55,0.134,0.487,0.076,0.284,0.731,0.171,0.184,0.241,0.318,3.46,0.07,0.142,0.972,0.991,0.507,0.819,0.892,0.045,0.793,0.003,0.01,0.901,0.849,2.883,2.908,5.155,0.05,0.055,0.475,0.659,0.682,0.076,0.912,0.575,0.012,0.011,0.58,0.385,370.12,343.053,1.079,9,1,106.26,4,4,6,10,0,23,0.174,1,2,1,0,1,1,2,1,2,0.74,3.146,0.235,70.19,-1.459,1,0,0,0,Accepted,Accepted,Accepted,Accepted,0,Molecule 19,OCC1OC(=O)N(C1)c1ccc(c(c1)F)c1ccc(nc1)c1nnn(n1)C,C17H15FN6O3,370.34,27,17,0.24,4,8,1,95.18,106.26,2.46,1.39,1.44,0.93,1.07,1.46,-3.21,0.226,0.000611,Soluble,-3.23,0.221,0.000596,Soluble,-4.33,0.0171,0.0000462,Moderately soluble,High,No,Yes,Yes,No,No,No,Yes,-7.57,0,0,0,0,0,0.55,0,0,1,3.55,0.61,0.81,0.68,0.8,0.76,0.5,0.76,0.5,0.67,0.74,0.57,0.56,0.64,0.78,0.98,0.98,0.81,0.79,0.97,0.84,0.95,0.95,0.73,0.83,0.93,0.83,0.67,0.72,0.88,0.59,0.97,0.91,0.96,0.83,0.99,0.7,0.97,0.67,0.77,0.77,0.73,0.71,0.62,0.64,0.86
S5288,Estropipate,CC12CCC3C(CCC4=C3C=CC(=C4)O[S](O)(=O)=O)C1CCC2=O.C5CNCCN5,,-2.463,1.963,2.085,0.014,0.001,0.038,0.99,0.783,-4.84,1.82E-05,0.019,0.9887,1.232,0.0099,0.068,0.932,0.114,0.937,0.233,0.976,0.008,0.889,0.04,0.386,6.346,0.118,0.045,0.862,0.153,0.004,0.078,0.918,0.051,0.904,0.003,0.018,0.883,0.352,3.848,3.181,4.342,0.005,0.008,0.274,0.012,0.762,0.288,0.055,0.244,0.047,0.011,0.772,0.055,350.12,337.573,1.037,5,1,80.67,2,4,17,6,0,23,0.087,4,1,0,0,0,1,1,0,0,0.828,3.648,0.611,92.241,1.698,1,0,0,0,Accepted,Accepted,Accepted,Accepted,0,Molecule 35,C1CNCCN1.O=C1CCC2C1(C)CCC1C2CCc2c1ccc(c2)OS(=O)(=O)O,C22H32N2O5S,436.56,30,6,0.68,2,7,3,122.92,113.11,2.52,-0.6,2.79,2.03,2.16,1.78,-2.18,2.85,0.00654,Soluble,-1.3,21.7,0.0497,Very soluble,-4.07,0.0372,0.0000853,Moderately soluble,High,No,Yes,No,No,No,No,No,-9.39,0,0,0,0,0,0.55,0,1,1,4.54,0.86,0.74,0.58,0.63,0.62,0.74,0.79,0.59,0.56,0.64,0.58,0.56,0.63,0.96,0.94,0.97,0.96,1,1,0.99,0.91,0.91,0.95,0.95,0.98,0.77,0.78,0.82,0.59,0.72,0.9,0.95,0.99,0.7,0.98,0.57,0.84,0.79,0.89,0.95,0.82,0.71,0.68,0.8,0.95
S5326,Dolasetron,O=C1CN2C3CC(CC2CC1C3)OC(=O)C4=C[NH]C5=C4C=CC=C5,,-1.815,1.425,2.432,0.047,0.346,0.009,0.002,0.003,-4.716,1.28E-05,0.887,0.6095,1.919,0.2269,0.054,0.1,0.221,0.08,0.232,0.823,0.947,0.835,0.541,0.551,14.542,0.691,0.746,0.948,0.357,0.008,0.418,0.921,0.157,0.181,0.003,0.015,0.26,0.614,3.464,3.465,5.916,0.01,0.002,0.587,0.004,0.261,0.463,0.006,0.165,0.004,0.011,0.04,0.009,324.15,326.943,0.991,5,1,62.4,3,5,9,5,0,25,0.12,2,1,0,0,0,1,0,2,0,0.862,4.49,0.474,91.071,0.433,0,0,0,0,Accepted,Accepted,Accepted,Accepted,0,Molecule 78,O=C1CN2C3CC1CC2CC(C3)OC(=O)c1c[nH]c2c1cccc2,C19H20N2O3,324.37,24,9,0.47,3,4,1,93.51,62.4,2.2,2.7,2.14,1.95,2.52,2.3,-3.63,0.0758,0.000234,Soluble,-3.66,0.0704,0.000217,Soluble,-4.02,0.0309,0.0000953,Moderately soluble,High,Yes,No,No,No,No,Yes,No,-6.36,0,0,0,0,0,0.55,0,0,0,4.06,0.81,0.76,0.57,0.92,0.81,0.5,0.97,0.61,0.65,0.73,0.54,0.6,0.57,0.64,0.98,0.98,0.89,0.82,0.98,0.97,0.92,0.92,0.85,0.85,0.91,0.82,0.77,0.81,0.89,0.65,0.86,0.99,1,0.62,0.99,0.63,0.96,0.71,0.79,0.73,0.79,0.53,0.53,0.64,0.99
S5357,Safinamide,CC(NCC1=CC=C(OCC2=CC=CC(=C2)F)C=C1)C(N)=O,,-2.001,2.395,1.94,0.083,0.003,0.004,0.001,0.002,-4.973,2.68E-05,0.375,0.8846,1.917,0.169,0.793,0.21,0.734,0.267,0.176,0.245,0.909,0.901,0.594,0.272,12.396,0.162,0.787,0.915,0.253,0.701,0.349,0.792,0.058,0.171,0.003,0.01,0.086,1.481,3.864,4.582,6.593,0.366,0.003,0.037,0.007,0.129,0.004,0.003,0.136,0.015,0.012,0.061,0.009,302.14,312.662,0.966,4,3,64.35,7,2,6,5,0,13,0.538,1,1,1,0,0,1,1,0,0,0.825,2.273,0.235,24,-1.348,1,0,0,0,Accepted,Accepted,Accepted,Accepted,0,Molecule 52,NC(=O)C(NCc1ccc(cc1)OCc1cccc(c1)F)C,C17H19FN2O2,302.34,22,12,0.24,7,4,2,82.48,64.35,2.41,2.2,2.48,2.41,3.15,2.53,-3.04,0.274,0.000907,Soluble,-3.19,0.197,0.000652,Soluble,-5.81,0.000469,0.00000155,Moderately soluble,High,Yes,No,No,Yes,No,Yes,Yes,-6.58,0,0,0,0,0,0.55,0,0,0,2.55,0.77,0.69,0.55,0.7,0.66,0.57,0.96,0.66,0.65,0.69,0.57,0.58,0.69,0.8,0.96,0.99,0.91,0.81,0.97,0.94,0.96,0.96,0.77,0.9,0.96,0.74,0.77,0.54,0.89,0.79,0.88,0.99,0.99,0.85,1,0.8,0.93,0.5,0.91,0.61,0.59,0.54,0.58,0.59,0.98
S5360,Diflorasone,CC1CC2C3CC(F)C4=CC(=O)C=CC4(C)C3(F)C(O)CC2(C)C1(O)C(=O)CO,,-4.28,2.17,2.203,0.008,0.007,0.071,0.01,0.003,-4.851,2.73E-05,0.996,0.7256,0.905,0.2425,0.005,0.495,0.021,0.788,0.016,0.131,0.002,0.06,0.69,0.914,3.987,0.425,0.044,0.436,0.127,0.095,0.508,0.912,0.069,0.865,0.003,0.011,0.965,0.457,3.33,3.786,5.062,0.943,0.888,0.017,0.589,0.137,0.056,0.041,0.445,0.03,0.048,0.718,0.075,410.19,400.383,1.024,5,3,94.83,2,4,17,7,0,22,0.091,8,1,3,0,0,4,4,2,2,0.649,5.078,0.727,84.211,1.847,1,0,0,0,Accepted,Accepted,Rejected,Accepted,0,Molecule 29,OCC(=O)C1(O)C(C)CC2C1(C)CC(O)C1(C2CC(C2=CC(=O)C=CC12C)F)F,C22H28F2O5,410.45,29,0,0.73,2,7,3,102.01,94.83,2.04,1.94,2.68,1.73,2.59,2.2,-3.47,0.137,0.000335,Soluble,-3.56,0.114,0.000278,Soluble,-2.83,0.606,0.00148,Soluble,High,No,Yes,No,No,No,No,Yes,-7.43,0,0,0,0,0,0.55,0,0,1,5.68,1,0.97,0.68,0.95,0.73,0.71,0.99,0.69,0.69,1,0.58,0.81,0.78,0.99,1,1,0.88,0.98,1,1,1,1,0.97,0.99,0.99,0.59,0.95,0.56,0.81,0.56,0.98,0.99,0.99,0.68,1,0.78,0.6,0.93,0.8,0.99,1,0.63,0.57,0.62,0.98
S5365,Alogliptin,CN1C(=O)C=C(N2CCCC(N)C2)N(CC3=CC=CC=C3C#N)C1=O,,-1.769,1.383,1.308,0.038,0.48,0.16,0.004,0.005,-5.54,1.04E-05,0.411,0.2838,0.703,0.6323,0.295,0.332,0.136,0.273,0.275,0.128,0.203,0.723,0.412,0.616,3.332,0.791,0.278,0.962,0.323,0.883,0.129,0.902,0.221,0.278,0.003,0.024,0.307,0.687,3.229,3.63,4.881,0.023,0.003,0.511,0.036,0.084,0.009,0.019,0.067,0.006,0.005,0.02,0.021,339.17,345.687,0.981,7,2,97.05,3,3,6,7,0,21,0.143,1,0,0,0,0,0,0,1,1,0.873,3.025,0.389,61.2,-1.318,1,0,0,0,Accepted,Accepted,Accepted,Accepted,0,Molecule 1,N#Cc1ccccc1Cn1c(cc(=O)n(c1=O)C)N1CCCC(C1)N,C18H21N5O2,339.39,25,12,0.39,3,4,1,98.84,97.05,2.57,0.55,0.01,0.9,0.89,0.99,-2.45,1.21,0.00357,Soluble,-2.16,2.35,0.00692,Soluble,-3.31,0.165,0.000485,Soluble,High,No,No,No,No,No,No,No,-7.98,0,0,0,0,0,0.55,0,0,0,3.51,0.7,0.89,0.68,0.79,0.83,0.64,0.92,0.58,0.62,0.88,0.63,0.73,0.65,0.92,0.96,0.98,0.97,0.95,0.98,0.96,0.98,0.98,0.92,0.93,0.97,0.87,0.82,0.94,0.87,0.59,0.89,0.99,1,0.63,0.99,0.78,0.97,0.65,0.93,0.89,0.87,0.71,0.63,0.81,0.99
S5385,Imidafenacin,CC1=NC=C[N]1CCC(C(N)=O)(C2=CC=CC=C2)C3=CC=CC=C3,,-1.468,1.808,1.672,0.513,0.986,0.006,0.937,0.001,-4.669,3.96E-05,0.855,0.7349,1.763,0.2477,0.039,0.335,0.592,0.952,0.263,0.069,0.433,0.211,0.137,0.912,6.629,0.192,0.211,0.802,0.133,0.909,0.574,0.885,0.092,0.48,0.003,0.011,0.314,0.622,2.749,3.155,3.356,0.028,0.025,0.276,0.007,0.234,0.132,0.011,0.163,0.008,0.007,0.136,0.078,319.17,346.859,0.92,4,2,60.91,6,3,6,4,0,18,0.333,0,0,0,0,0,0,0,1,0,0.759,2.295,0.2,17,-0.711,0,0,0,0,Accepted,Accepted,Accepted,Accepted,0,Molecule 43,NC(=O)C(c1ccccc1)(c1ccccc1)CCn1ccnc1C,C20H21N3O,319.4,24,17,0.2,6,2,1,94.64,60.91,2.17,2.73,3.05,2.28,3.23,2.69,-3.67,0.0685,0.000215,Soluble,-3.66,0.0694,0.000217,Soluble,-6.26,0.000176,0.000000552,Poorly soluble,High,Yes,Yes,No,Yes,No,Yes,Yes,-6.31,0,0,0,0,0,0.55,0,0,0,2.4,0.85,0.71,0.83,0.78,0.83,0.6,0.97,0.7,0.76,0.84,0.62,0.64,0.67,0.88,0.96,0.99,0.79,0.91,0.98,0.88,0.96,0.96,0.87,0.93,0.97,0.95,0.86,0.86,0.94,0.5,0.96,0.99,1,0.77,0.99,0.61,0.98,0.69,0.88,0.83,0.67,0.56,0.59,0.51,0.98
S5392,Mepivacaine,CN1CCCCC1C(=O)NC2=C(C)C=CC=C2C,,-1.416,2.325,2.108,0.002,0.18,0.004,0.642,0.22,-4.434,1.47E-05,0.786,0.7042,1.452,0.4005,0.062,0.943,0.132,0.955,0.02,0.163,0.801,0.908,0.062,0.797,6.8,0.869,0.045,0.378,0.078,0.239,0.946,0.088,0.174,0.471,0.003,0.017,0.964,0.624,2.425,3.469,4.07,0.094,0.002,0.017,0.005,0.27,0.005,0.005,0.035,0.005,0.008,0.028,0.011,246.17,271.121,0.908,3,1,32.34,3,2,6,3,0,13,0.231,1,0,0,0,0,4,0,1,0,0.87,2.334,0.533,41.217,-1.018,0,0,0,0,Accepted,Accepted,Accepted,Accepted,0,Molecule 20,CN1CCCCC1C(=O)Nc1c(C)cccc1C,C15H22N2O,246.35,18,6,0.53,3,2,1,79.42,32.34,2.88,1.95,2.15,2.24,2.67,2.38,-2.64,0.559,0.00227,Soluble,-2.25,1.37,0.00557,Soluble,-4.06,0.0215,0.0000873,Moderately soluble,High,Yes,No,No,No,No,Yes,No,-6.42,0,0,0,0,0,0.55,0,0,1,2.38,0.97,0.55,0.87,0.93,0.77,0.65,0.99,0.78,0.73,0.91,0.65,0.55,0.74,0.97,0.98,0.99,0.98,0.96,0.99,0.99,0.99,0.99,0.95,0.99,0.99,0.89,0.84,0.93,0.9,0.65,0.87,0.99,1,0.6,0.97,0.58,0.94,0.71,0.93,0.9,0.9,0.72,0.64,0.82,1
S5413,Ertugliflozin,CCOC1=CC=C(CC2=C(Cl)C=CC(=C2)C34OCC(CO)(O3)C(O)C(O)C4O)C=C1,,-3.606,2.828,2.71,0.003,0.068,0.019,0.006,0.015,-5.066,2.02E-05,0.619,0.9663,0.781,0.0126,0.04,0.225,0.057,0.299,0.033,0.629,0.023,0.815,0.114,0.721,10.438,0.16,0.103,0.291,0.86,0.354,0.256,0.03,0.064,0.622,0.003,0.01,0.008,0.989,4.118,4.786,5.672,0.007,0.018,0.082,0.923,0.268,0.069,0.419,0.4,0.036,0.09,0.658,0.845,436.13,415.766,1.049,7,4,108.61,6,4,7,8,0,21,0.286,5,2,1,0,0,1,2,0,0,0.541,4.725,0.455,87.75,0.783,1,0,0,0,Accepted,Accepted,Rejected,Accepted,0,Molecule 13,CCOc1ccc(cc1)Cc1cc(ccc1Cl)C12OCC(O1)(CO)C(C(C2O)O)O,C22H25ClO7,436.88,30,12,0.45,6,7,4,108.52,108.61,3.2,1.71,1.25,1.16,3,2.06,-3.53,0.13,0.000298,Soluble,-3.61,0.108,0.000247,Soluble,-4.89,0.00565,0.0000129,Moderately soluble,High,No,Yes,No,No,No,Yes,Yes,-7.75,0,0,0,0,0,0.55,0,0,1,5.54,0.7,0.88,0.71,0.7,0.52,0.75,0.74,0.71,0.56,0.68,0.57,0.52,0.51,0.77,0.97,0.95,0.85,0.82,0.95,0.86,0.83,0.83,0.76,0.67,0.93,0.66,0.7,0.78,0.73,0.77,0.91,0.99,0.99,0.75,0.99,0.55,0.76,0.9,0.73,0.91,0.77,0.55,0.67,0.86,0.95
S5416,Metyrapone,CC(C)(C1=CC=CN=C1)C(=O)C2=CC=CN=C2,,-1.547,1.732,1.551,0.06,0.051,0.003,0.02,0.001,-4.472,3.61E-05,0.955,0.5326,1.456,0.4916,0.902,0.476,0.788,0.651,0.379,0.222,0.165,0.139,0.906,0.532,3.061,0.603,0.054,0.033,0.94,0.01,0.693,0.094,0.947,0.136,0.004,0.139,0.76,0.816,2.618,3.493,3.086,0.011,0.003,0.07,0.948,0.14,0.56,0.004,0.105,0.011,0.618,0.102,0.022,226.11,245.916,0.919,3,0,42.85,3,2,6,3,0,13,0.231,0,1,0,0,0,1,0,0,0,0.755,2.298,0.214,12,-0.362,0,0,0,0,Accepted,Accepted,Accepted,Accepted,0,Molecule 3,O=C(C(c1cccnc1)(C)C)c1cccnc1,C14H14N2O,226.27,17,12,0.21,3,3,0,66.21,42.85,1.97,1.99,2.64,1.06,3.06,2.14,-2.82,0.342,0.00151,Soluble,-2.52,0.69,0.00305,Soluble,-4.95,0.00255,0.0000113,Moderately soluble,High,Yes,No,Yes,Yes,No,No,No,-6.27,0,0,0,0,0,0.55,0,0,1,1.87,0.94,0.56,0.91,0.79,0.82,0.63,0.95,0.8,0.8,0.96,0.77,0.6,0.79,0.97,0.99,0.99,0.89,0.9,0.93,0.99,0.98,0.98,0.87,0.95,0.98,0.88,0.89,0.55,0.97,0.68,0.95,1,1,0.83,0.98,0.55,0.94,0.73,0.91,0.83,0.74,0.57,0.68,0.87,0.87
S5486,Fluorometholone,CC1CC2C3CCC(O)(C(C)=O)C3(C)CC(O)C2(F)C4(C)C=CC(=O)C=C14,,-4.454,2.522,2.438,0.031,0.005,0.031,0.008,0.004,-4.869,2.86E-05,0.994,0.8466,1.125,0.1204,0.008,0.761,0.062,0.845,0.05,0.143,0.008,0.06,0.569,0.926,5.392,0.196,0.026,0.478,0.07,0.019,0.274,0.926,0.124,0.854,0.003,0.011,0.966,0.446,3.029,2.967,4.483,0.945,0.913,0.008,0.723,0.258,0.177,0.065,0.783,0.08,0.48,0.776,0.661,376.2,385.525,0.976,4,2,74.6,1,4,17,5,0,22,0.045,7,1,2,0,0,4,4,2,1,0.69,4.85,0.727,81.579,1.994,1,0,0,0,Accepted,Accepted,Accepted,Accepted,0,Molecule 23,O=C1C=CC2(C(=C1)C(C)CC1C2(F)C(O)CC2(C1CCC2(O)C(=O)C)C)C,C22H29FO4,376.46,27,0,0.73,1,5,2,100.79,74.6,1.48,2,3.34,2.45,3.19,2.49,-3.37,0.161,0.000428,Soluble,-3.19,0.241,0.000641,Soluble,-3.37,0.161,0.000429,Soluble,High,Yes,Yes,No,No,No,No,No,-7.18,0,0,0,0,0,0.55,0,0,1,5.4,0.85,0.99,0.79,0.99,0.61,0.61,0.99,0.84,0.72,1,0.59,0.53,0.66,0.99,1,1,0.83,0.87,0.98,1,0.96,0.96,0.98,0.99,0.99,0.63,0.98,0.66,0.8,0.56,0.99,1,1,0.95,0.99,0.82,0.64,0.96,0.88,0.99,0.96,0.5,0.77,0.78,1
S5491,Lomefloxacin,CCN1C=C(C(O)=O)C(=O)C2=C1C(=C(N3CCNC(C)C3)C(=C2)F)F,,-4.074,0.411,-0.475,0.001,0.998,0.004,0.002,0.001,-4.767,1.36E-05,0.015,0.2818,2.303,0.8372,0.059,0.783,0.066,0.123,0.079,0.065,0.094,0.161,0.005,0.074,2.295,0.088,0.197,0.972,0.98,0.454,0.475,0.274,0.32,0.831,0.003,0.012,0.908,0.377,2.461,2.885,4.355,0.674,0.003,0.078,0.003,0.46,0.01,0.021,0.177,0.012,0.005,0.012,0.007,351.14,332.596,1.056,6,2,74.57,3,3,10,8,0,19,0.158,1,2,0,0,1,0,1,1,0,0.882,3.162,0.412,66.667,-0.531,1,0,0,0,Accepted,Accepted,Accepted,Accepted,0,Molecule 21,CCn1cc(C(=O)O)c(=O)c2c1c(F)c(N1CCNC(C1)C)c(c2)F,C17H19F2N3O3,351.35,25,10,0.41,3,6,2,97.32,74.57,2.26,-0.8,1.87,1.67,2.34,1.47,-1.61,8.58,0.0244,Very soluble,-0.29,181,0.516,Very soluble,-4.12,0.0266,0.0000757,Moderately soluble,High,Yes,Yes,No,No,No,No,No,-9.01,0,0,0,0,0,0.55,0,0,1,3.11,0.85,0.98,0.85,0.88,0.84,0.59,0.88,0.89,0.78,0.99,0.58,0.73,0.8,0.98,0.91,0.91,0.99,0.92,0.99,0.99,1,1,0.97,0.98,0.99,0.77,0.74,0.9,0.84,0.58,0.92,0.99,0.99,0.53,0.99,0.77,0.95,0.76,0.89,0.96,0.92,0.68,0.88,0.99,0.99
S5494,Salbutamol,CC(C)(C)NCC(O)C1=CC=C(O)C(=C1)CO,,-1.806,0.761,0.356,0,0.13,0.042,0.027,0.003,-5.011,9.13E-06,0.054,0.187,1.455,0.7942,0.02,0.1,0.021,0.761,0.001,0.469,0.17,0.812,0.005,0.693,7.291,0.857,0.032,0.059,0.013,0.226,0.278,0.916,0.878,0.025,0.003,0.018,0.66,0.335,1.812,2.905,3.886,0.001,0.002,0.014,0.002,0.075,0.006,0.004,0.02,0.004,0.005,0.012,0.005,239.15,254.306,0.94,4,4,72.72,5,1,6,4,0,6,0.833,1,1,0,0,0,0,0,1,0,0.639,2.736,0.538,20,0.557,1,0,0,0,Accepted,Accepted,Accepted,Accepted,0,Molecule 5,OCc1cc(ccc1O)C(CNC(C)(C)C)O,C13H21NO3,239.31,17,6,0.54,5,4,4,67.6,72.72,2.4,0.31,0.83,0.95,1.62,1.22,-1.45,8.49,0.0355,Very soluble,-1.4,9.53,0.0398,Very soluble,-2.8,0.38,0.00159,Soluble,High,No,No,No,No,No,No,No,-7.54,0,0,0,0,0,0.55,0,0,1,2.3,0.98,0.88,0.64,0.8,0.57,0.86,0.88,0.75,0.66,0.99,0.55,0.6,0.72,0.97,0.98,0.99,0.99,0.93,0.97,0.99,0.99,0.99,0.96,0.99,0.99,0.52,0.69,0.54,0.85,0.59,0.89,0.99,1,0.85,0.99,0.54,0.74,0.78,0.92,0.97,0.98,0.96,0.59,0.99,0.99
S5501,Hydrocortisone acetate,CC(=O)OCC(=O)C1(O)CCC2C3CCC4=CC(=O)CCC4(C)C3C(O)CC12C,,-4.025,1.944,2.319,0.031,0.018,0.635,0.192,0.063,-4.873,2.88E-05,0.986,0.6117,0.58,0.4009,0.007,0.379,0.024,0.807,0.027,0.145,0.002,0.095,0.303,0.894,4.093,0.728,0.014,0.06,0.316,0.157,0.79,0.662,0.018,0.854,0.003,0.013,0.877,0.315,2.337,2.559,4.416,0.702,0.862,0.03,0.106,0.13,0.331,0.015,0.124,0.371,0.187,0.813,0.68,404.22,414.334,0.976,6,2,100.9,4,4,17,6,0,23,0.174,7,1,0,0,0,2,2,1,0,0.553,4.485,0.783,77.805,2.393,0,0,0,0,Accepted,Accepted,Rejected,Accepted,0,Molecule 31,CC(=O)OCC(=O)C1(O)CCC2C1(C)CC(O)C1C2CCC2=CC(=O)CCC12C,C23H32O6,404.5,29,0,0.78,4,6,2,107.27,100.9,2.21,2.19,2.35,1.73,2.96,2.29,-3.46,0.139,0.000344,Soluble,-3.94,0.0462,0.000114,Soluble,-3.25,0.226,0.00056,Soluble,High,No,Yes,No,No,No,No,No,-7.21,0,0,0,0,0,0.55,0,0,1,5.2,0.98,0.98,0.51,0.74,0.67,0.56,0.98,0.93,0.56,1,0.71,0.52,0.73,1,1,1,0.99,1,1,1,0.99,0.99,0.99,1,1,0.53,0.9,0.63,0.81,0.52,1,1,1,0.62,1,0.68,0.53,0.96,0.8,1,0.99,0.95,0.96,1,0.99
S5504,Ropivacaine,CCCN1CCCCC1C(=O)NC2=C(C)C=CC=C2C,,-1.811,3.34,3.033,0.131,0.163,0.003,0.917,0.934,-4.425,1.52E-05,0.588,0.88,1.231,0.1298,0.054,0.943,0.138,0.949,0.019,0.09,0.955,0.898,0.071,0.687,5.716,0.837,0.046,0.424,0.069,0.206,0.93,0.058,0.136,0.282,0.003,0.021,0.963,0.743,2.677,3.739,4.338,0.512,0.002,0.018,0.008,0.141,0.006,0.005,0.04,0.004,0.018,0.076,0.022,274.2,305.713,0.897,3,1,32.34,5,2,6,3,0,13,0.385,1,0,0,0,0,4,0,1,0,0.911,2.372,0.588,40.444,-1.37,0,0,0,0,Accepted,Rejected,Accepted,Accepted,0,Molecule 32,CCCN1CCCCC1C(=O)Nc1c(C)cccc1C,C17H26N2O,274.4,20,6,0.59,5,2,1,89.03,32.34,3.25,2.9,2.93,2.73,3.43,3.05,-3.26,0.151,0.000549,Soluble,-3.24,0.158,0.000576,Soluble,-4.86,0.00377,0.0000137,Moderately soluble,High,Yes,No,No,No,No,Yes,No,-5.91,0,0,0,0,0,0.55,0,0,0,2.61,0.98,0.71,0.8,0.93,0.75,0.66,0.99,0.79,0.73,0.87,0.67,0.55,0.65,0.98,0.96,0.97,0.98,0.98,0.99,0.99,0.99,0.99,0.92,0.98,0.99,0.89,0.82,0.96,0.91,0.7,0.89,0.99,1,0.66,0.97,0.57,0.93,0.72,0.95,0.95,0.91,0.74,0.88,0.82,1
S5535,Moxifloxacin,COC1=C2N(C=C(C(O)=O)C(=O)C2=CC(=C1N3CC4CCCNC4C3)F)C5CC5,,-4.731,0.869,-0.143,0.003,0.998,0.003,0.002,0,-5.003,3.31E-06,0.062,0.1885,2.075,0.7492,0.045,0.367,0.063,0.398,0.066,0.056,0.103,0.167,0.009,0.185,2.126,0.061,0.569,0.976,0.973,0.085,0.862,0.912,0.19,0.724,0.003,0.009,0.936,0.317,2.433,3.341,4.78,0.804,0.006,0.193,0.007,0.338,0.01,0.027,0.496,0.014,0.017,0.029,0.015,401.18,387.39,1.036,7,2,83.8,4,5,10,8,0,26,0.154,2,2,1,0,0,0,1,1,0,0.819,3.509,0.524,101.5,0.077,1,0,0,0,Accepted,Accepted,Rejected,Accepted,0,Molecule 23,COc1c(N2CC3C(C2)CCCN3)c(F)cc2c1n(cc(c2=O)C(=O)O)C1CC1,C21H24FN3O4,401.43,29,10,0.52,4,6,2,114.05,83.8,2.78,0.61,1.97,1.66,2.23,1.85,-2.7,0.793,0.00198,Soluble,-1.94,4.57,0.0114,Very soluble,-3.95,0.045,0.000112,Soluble,High,No,Yes,No,No,No,Yes,No,-8.32,0,0,0,0,0,0.55,0,0,1,3.89,0.59,0.96,0.92,0.92,0.8,0.53,0.99,0.58,0.71,0.77,0.62,0.86,0.68,0.93,0.98,0.96,0.96,0.82,0.99,0.98,0.99,0.99,0.95,0.98,0.97,0.76,0.82,0.91,0.79,0.66,0.95,0.95,0.99,0.6,1,0.69,0.97,0.63,0.81,0.93,0.8,0.59,0.61,0.92,0.99
S5537,Tizanidine,ClC1=C(NC2=NCCN2)C3=NSN=C3C=C1,,-3.259,1.527,2.162,0.686,0.937,0.006,0.001,0.999,-4.924,1.95E-05,0.896,0.2275,2.791,0.7309,0.453,0.93,0.341,0.866,0.077,0.818,0.872,0.903,0.246,0.231,9.358,0.763,0.029,0.969,0.937,0.806,0.113,0.953,0.901,0.843,0.003,0.012,0.97,0.025,2.479,4.685,4.504,0.001,0.004,0.838,0.002,0.026,0.004,0.011,0.099,0.004,0.07,0.013,0.007,253.02,214.073,1.182,5,2,62.2,2,3,9,7,0,15,0.133,0,1,1,0,0,3,1,1,1,0.812,2.958,0.222,33.091,-1.708,1,0,0,0,Accepted,Accepted,Accepted,Accepted,0,Molecule 85,Clc1ccc2c(c1NC1=NCCN1)nsn2,C9H8ClN5S,253.71,16,9,0.22,2,3,2,72.96,90.44,1.54,1.11,0.76,1.05,3.1,1.51,-2.4,1.02,0.00401,Soluble,-2.6,0.634,0.0025,Soluble,-4.18,0.0166,0.0000653,Moderately soluble,High,No,Yes,Yes,No,No,No,No,-7.06,0,0,0,0,0,0.55,0,0,0,2.91,0.73,0.93,0.7,0.95,0.79,0.55,0.99,0.56,0.57,0.69,0.52,0.52,0.58,0.9,1,0.98,0.95,0.95,0.98,0.98,0.96,0.96,0.94,0.97,0.97,0.97,0.85,0.75,0.76,0.81,0.89,0.98,0.99,0.7,1,0.72,0.94,0.57,0.64,0.63,0.68,0.52,0.64,0.81,0.97
S5538,Tropisetron,CN1C2CCC1CC(C2)OC(=O)C3=C[NH]C4=C3C=CC=C4,,-2.925,2.687,3.061,0.044,0.953,0.01,0.002,0.001,-4.711,1.19E-05,0.905,0.6307,10.896,0.3309,0.181,0.47,0.199,0.536,0.078,0.706,0.973,0.892,0.118,0.568,11.283,0.517,0.863,0.65,0.096,0.011,0.352,0.928,0.787,0.12,0.003,0.016,0.827,0.752,3.84,3.57,6.037,0.005,0.002,0.299,0.003,0.403,0.71,0.005,0.13,0.003,0.01,0.083,0.012,284.15,294.754,0.964,4,1,45.33,3,4,9,4,0,20,0.15,2,0,0,0,0,0,0,2,0,0.862,3.712,0.471,71.2,0.373,0,0,0,0,Accepted,Rejected,Accepted,Accepted,0,Molecule 68,CN1C2CCC1CC(C2)OC(=O)c1c[nH]c2c1cccc2,C17H20N2O2,284.35,21,9,0.47,3,3,1,85.81,45.33,2.34,3.53,2.57,2.39,2.63,2.69,-3.95,0.0322,0.000113,Soluble,-4.17,0.0194,0.0000682,Moderately soluble,-3.94,0.0327,0.000115,Soluble,High,Yes,Yes,No,No,No,Yes,No,-5.53,0,0,0,0,0,0.55,0,0,1,3.91,0.84,0.93,0.63,0.86,0.82,0.6,0.96,0.58,0.6,0.95,0.65,0.58,0.67,0.9,0.99,0.99,0.97,0.95,0.99,0.98,0.99,0.99,0.97,0.94,0.98,0.76,0.8,0.76,0.71,0.59,0.93,0.99,1,0.6,0.96,0.51,0.94,0.81,0.86,0.93,0.94,0.57,0.79,0.56,1
S5546,Sulfacetamide,CC(=O)N[S](=O)(=O)C1=CC=C(N)C=C1,,-2.441,-0.573,-0.47,0.001,0.07,0.005,0.002,0.002,-5.292,8.54E-05,0.04,0.2135,0.396,0.7497,0.006,0.113,0.018,0.779,0.015,0.257,0.002,0.11,0.013,0.675,0.688,0.14,0.011,0.479,0.981,0.013,0.003,0.012,0.084,0.065,0.003,0.019,0.01,-0.029,1.516,2.69,3.248,0.678,0.015,0.018,0.002,0.19,0.007,0.004,0.025,0.005,0.004,0.017,0.003,214.04,194.695,1.099,5,3,89.26,3,1,6,6,0,9,0.333,0,0,0,0,0,3,0,1,4,0.683,1.874,0.125,9,-1.064,2,0,0,0,Accepted,Accepted,Accepted,Accepted,0,Molecule 24,CC(=O)NS(=O)(=O)c1ccc(cc1)N,C8H10N2O3S,214.24,14,6,0.12,3,3,2,51.75,97.64,0.5,-0.96,1.18,-0.12,-0.46,0.03,-0.68,44.5,0.208,Very soluble,-0.61,53.1,0.248,Very soluble,-2.36,0.94,0.00439,Soluble,High,No,No,No,No,No,No,No,-8.29,0,0,0,0,0,0.55,0,1,1,1.85,0.78,0.91,0.51,0.52,0.56,0.63,0.99,0.99,0.77,0.92,0.89,0.54,0.76,1,0.92,0.96,0.99,0.99,0.99,1,0.99,0.99,0.99,0.99,1,0.89,0.51,0.72,0.89,0.97,0.99,0.99,0.99,0.91,0.99,0.55,0.93,0.62,0.96,0.98,0.96,0.86,0.93,0.98,0.99
S5559,(+/-)-tetrahydropalmatine,COC1=C(OC)C=C2C3CC4=CC=C(OC)C(=C4CN3CCC2=C1)OC,,-2.443,3.035,2.653,0.831,0.928,0.003,0.014,0.436,-4.956,2.53E-05,0.988,0.8301,1.145,0.0853,0.152,0.971,0.251,0.946,0.012,0.748,0.66,0.936,0.071,0.93,10.615,0.716,0.253,0.118,0.603,0.149,0.514,0.9,0.189,0.062,0.003,0.013,0.945,2.646,4.158,5.289,6.554,0.33,0.021,0.718,0.659,0.083,0.471,0.006,0.315,0.135,0.013,0.274,0.495,355.18,367.885,0.965,5,0,40.16,4,4,18,5,0,21,0.19,1,0,0,0,0,1,0,0,0,0.841,2.82,0.429,73.333,0.866,0,0,0,0,Accepted,Accepted,Accepted,Accepted,0,Molecule 37,COc1cc2CCN3C(c2cc1OC)Cc1c(C3)c(OC)c(cc1)OC,C21H25NO4,355.43,26,12,0.43,4,5,0,103.99,40.16,3.67,3.24,2.52,2.2,3.75,3.08,-4.16,0.0245,0.0000688,Moderately soluble,-3.76,0.0622,0.000175,Soluble,-5.87,0.000481,0.00000135,Moderately soluble,High,Yes,Yes,No,No,No,Yes,Yes,-6.17,0,0,0,0,0,0.55,0,0,1,3.59,0.95,0.58,0.62,0.93,0.72,0.55,0.76,0.55,0.5,0.86,0.57,0.53,0.54,0.67,0.94,0.99,0.77,0.93,0.98,0.99,0.98,0.98,0.53,0.95,0.98,0.72,0.79,0.89,0.76,0.65,0.6,1,1,0.77,0.99,0.56,0.65,0.84,0.95,0.51,0.74,0.7,0.79,0.56,1
S5625,Ammonium lactate,[NH4+].CC(O)C([O-])=O,,0.395,-1.413,-1.047,0.001,0.539,0.008,0.034,0.009,-4.931,0.003520081,0.229,0.1267,0.703,0.8413,0.014,0.248,0.022,0.503,0.005,0.191,0.005,0.224,0.006,0.061,2.497,0.88,0.012,0.406,0.14,0.307,0.07,0.607,0.783,0.107,0.36,0.994,0.103,0.233,0.6,3.656,1.557,0.021,0.003,0.008,0.004,0.173,0.008,0.003,0.017,0.006,0.005,0.005,0.003,90.03,84.179,1.07,3,2,57.53,1,0,0,3,0,1,1,0,1,0,0,0,2,2,2,0,0.401,2.478,0.667,0,0.614,0,1,0,0,Accepted,Accepted,Accepted,Rejected,0,Molecule 31,[O-]C(=O)C(O)C.[NH4+],C3H9NO3,107.11,7,0,0.67,1,3,2,23.51,60.36,0,-3.73,-1.51,-5.38,-0.8,-2.28,1.91,8740,81.6,Highly soluble,3.05,121000,1130,Highly soluble,0.98,1030,9.62,Soluble,High,No,No,No,No,No,No,No,-9.6,0,4,0,0,3,0.55,0,0,1,1.4,0.9,0.78,0.5,0.8,0.79,0.81,0.99,0.91,0.69,0.78,0.81,0.81,0.75,0.99,0.99,0.99,0.95,0.66,0.99,0.98,0.99,0.99,0.99,0.99,0.99,0.84,0.85,0.6,0.96,0.63,0.93,0.99,0.99,0.82,1,0.69,0.66,0.9,0.94,0.97,0.93,0.66,0.95,0.99,0.97
S5658,Omeprazole Sodium,COC1=CC2=C(C=C1)[N]([Na])C(=N2)[S](=O)CC3=NC=C(C)C(=C3C)OC,,-2.74,1.524,1.69,0.007,0.923,0.018,0.008,0.008,-4.639,2.44E-05,0.02,0.9859,0.141,0.0123,0.86,0.918,0.592,0.862,0.693,0.857,0.502,0.895,0.839,0.79,5.927,0.745,0.017,0.69,0.83,0.526,0.033,0.951,0.08,0.966,0.003,0.03,0.514,2.509,4.623,5.369,5.956,0.02,0.029,0.885,0.622,0.123,0.007,0.015,0.934,0.018,0.005,0.148,0.057,367.1,378.092,0.971,6,0,72.23,5,3,9,8,0,16,0.312,1,1,0,1,0,2,0,3,0,0.511,4.105,0.294,38,-0.66,4,0,0,0,Accepted,Accepted,Accepted,Accepted,0,Molecule 94,COc1ccc2c(c1)nc(n2[Na])S(=O)Cc1ncc(c(c1C)OC)C,C17H18N3NaO3S,367.4,25,15,0.29,5,5,0,92.74,85.45,0,2.21,3.4,0.91,1,1.5,-3.62,0.0873,0.000238,Soluble,-3.64,0.0844,0.00023,Soluble,-5.71,0.000721,0.00000196,Moderately soluble,High,No,Yes,No,Yes,No,Yes,Yes,-6.97,0,0,0,0,0,0.55,0,0,1,3.86,0.52,0.55,0.59,0.62,0.75,0.57,0.82,0.52,0.86,0.81,0.56,0.6,0.61,0.67,0.97,0.95,0.95,0.92,0.97,0.95,0.95,0.95,0.92,0.98,0.98,0.92,0.53,0.53,0.83,0.89,0.95,0.99,1,0.89,0.99,0.64,0.92,0.8,0.89,0.63,0.62,0.55,0.58,0.74,0.99
S5667,Fruquintinib (HMPL-013),CNC(=O)C1=C(C)OC2=CC(=CC=C12)OC3=C4C=C(OC)C(=CC4=NC=N3)OC,,-5.349,2.89,3.038,0.102,0.018,0.035,0.004,0.103,-4.86,2.00E-05,0.665,0.8783,1.406,0.1378,0.783,0.924,0.605,0.34,0.49,0.85,0.143,0.856,0.699,0.328,8.726,0.369,0.118,0.86,0.973,0.622,0.799,0.797,0.108,0.444,0.003,0.016,0.899,1.26,4.379,5.595,6.244,0.032,0.007,0.961,0.854,0.116,0.013,0.283,0.882,0.725,0.49,0.721,0.911,393.13,388.123,1.013,8,1,95.71,6,4,10,8,0,22,0.273,0,0,1,0,0,1,0,2,3,0.55,2.451,0.19,23,-0.756,3,0,0,0,Accepted,Accepted,Accepted,Accepted,0,Molecule 66,CNC(=O)c1c(C)oc2c1ccc(c2)Oc1ncnc2c1cc(OC)c(c2)OC,C21H19N3O5,393.39,29,19,0.19,6,7,1,106.77,95.71,3.69,3.43,3.85,1.41,3.6,3.2,-4.53,0.0116,0.0000296,Moderately soluble,-5.12,0.00298,0.00000758,Moderately soluble,-7.43,0.0000145,3.69E-08,Poorly soluble,High,No,No,Yes,Yes,Yes,Yes,Yes,-6.26,0,0,0,0,0,0.55,0,0,1,3.34,0.61,0.52,0.63,0.52,0.85,0.54,0.99,0.7,0.62,0.79,0.67,0.57,0.52,0.52,0.95,0.99,0.83,0.91,0.97,0.95,0.93,0.93,0.7,0.77,0.89,0.84,0.7,0.5,0.92,0.72,1,1,1,0.79,0.97,0.71,0.92,0.59,0.94,0.7,0.75,0.5,0.76,0.52,1
S5693,Levomilnacipran Hydrochloride,Cl.CCN(CC)C(=O)C1(CC1CN)C2=CC=CC=C2,,-1.009,0.803,1.846,0.004,0.049,0.004,0.002,0.001,-4.972,1.27E-05,0.932,0.1635,2.889,0.7145,0.053,0.341,0.124,0.928,0.021,0.148,0.156,0.282,0.121,0.631,10.451,0.528,0.243,0.342,0.03,0.064,0.603,0.891,0.458,0.05,0.003,0.012,0.821,0.479,2.583,2.957,4.009,0.133,0.003,0.038,0.016,0.1,0.013,0.006,0.03,0.012,0.007,0.014,0.005,246.17,271.121,0.908,3,2,46.33,6,2,6,3,0,10,0.6,2,1,0,0,0,1,0,0,0,0.86,3.183,0.533,42.391,-0.098,0,0,0,0,Accepted,Accepted,Accepted,Accepted,0,Molecule 42,NCC1CC1(c1ccccc1)C(=O)N(CC)CC.Cl,C15H23ClN2O,282.81,19,6,0.53,6,2,1,80.4,46.33,0,2.16,2.57,2.22,2.31,1.85,-2.79,0.457,0.00161,Soluble,-2.77,0.485,0.00172,Soluble,-3.91,0.0351,0.000124,Soluble,High,Yes,Yes,No,No,No,No,No,-6.49,0,0,0,0,0,0.55,0,0,0,2.71,0.82,0.74,0.73,0.92,0.73,0.67,0.94,0.64,0.74,0.87,0.63,0.55,0.55,0.97,0.98,0.99,0.98,0.96,0.98,0.98,0.94,0.94,0.96,0.98,0.99,0.85,0.84,0.88,0.94,0.65,0.81,1,0.99,0.59,0.98,0.54,0.94,0.66,0.95,0.88,0.75,0.67,0.58,0.74,0.97
S5718,Acrivastine,CC1=CC=C(C=C1)C(=C\CN2CCCC2)/C3=CC=CC(=N3)\C=C\C(O)=O,,-4.36,3.2,3.727,0.002,0.006,0.018,0.999,0.999,-4.982,1.42E-05,0.235,0.5616,0.867,0.368,0.358,0.845,0.139,0.056,0.187,0.071,0.557,0.141,0.061,0.485,2.55,0.128,0.634,0.635,0.968,0.008,0.287,0.989,0.086,0.077,0.003,0.02,0.746,0.593,3.818,4.822,5.347,0.015,0.682,0.031,0.024,0.373,0.026,0.617,0.939,0.777,0.375,0.021,0.852,348.18,379.245,0.918,4,1,53.43,6,3,6,4,0,20,0.3,0,1,1,0,0,2,2,1,0,0.801,2.503,0.273,36.571,-0.486,0,0,0,0,Accepted,Rejected,Accepted,Accepted,0,Molecule 36,OC(=O)/C=C/c1cccc(n1)/C(=C/CN1CCCC1)/c1ccc(cc1)C,C22H24N2O2,348.44,26,12,0.27,6,4,1,109.18,53.43,3.43,1.63,3.53,2.76,4.47,3.16,-2.97,0.371,0.00106,Soluble,-2.36,1.5,0.00432,Soluble,-5.29,0.00177,0.00000508,Moderately soluble,High,Yes,Yes,No,No,No,Yes,No,-7.27,0,0,0,0,0,0.55,0,1,0,3.18,0.98,0.79,0.5,0.9,0.75,0.6,0.58,0.78,0.79,0.85,0.51,0.65,0.6,0.96,0.99,0.98,0.97,0.97,0.99,0.98,0.85,0.85,0.95,0.98,0.99,0.8,0.69,0.89,0.9,0.62,0.75,0.99,1,0.53,1,0.52,0.92,0.76,0.71,0.91,0.82,0.6,0.8,0.83,0.99
S5735,Midodrine,COC1=CC=C(OC)C(=C1)C(O)CNC(=O)CN,,-0.586,-0.219,-0.407,0,0.655,0.058,0.004,0.004,-5.437,3.10E-05,0.15,0.0753,1.431,0.7901,0.051,0.139,0.051,0.646,0.014,0.214,0.014,0.735,0.031,0.15,4.65,0.853,0.073,0.661,0.036,0.07,0.191,0.887,0.21,0.026,0.003,0.018,0.29,0.328,1.645,1.866,3.645,0.106,0.006,0.013,0.01,0.099,0.007,0.003,0.019,0.008,0.003,0.004,0.007,254.13,254.16,1,6,4,93.81,7,1,6,6,0,7,1,1,0,0,0,0,2,0,0,0,0.654,2.47,0.417,16,-0.593,1,0,0,0,Accepted,Accepted,Accepted,Accepted,0,Molecule 92,COc1ccc(cc1C(CNC(=O)CN)O)OC,C12H18N2O4,254.28,18,6,0.42,7,5,3,65.68,93.81,1.79,-0.58,-0.51,-0.39,0.6,0.18,-0.84,37.1,0.146,Very soluble,-0.92,30.6,0.12,Very soluble,-2.58,0.666,0.00262,Soluble,High,No,No,No,No,No,No,No,-8.26,0,1,0,0,0,0.55,0,0,0,2.49,0.98,0.8,0.64,0.91,0.54,0.7,0.51,0.73,0.64,0.73,0.68,0.64,0.69,0.94,0.98,0.99,0.98,0.95,0.99,0.99,0.99,0.99,0.98,0.98,0.99,0.59,0.53,0.71,0.83,0.74,0.91,0.99,1,0.81,0.99,0.81,0.8,0.68,0.98,0.77,0.86,0.79,0.82,0.98,1
S5778,Esmolol,COC(=O)CCC1=CC=C(OCC(O)CNC(C)C)C=C1,,-2.244,2.134,1.978,0.019,0.947,0.019,0.002,0.004,-4.649,3.84E-05,0.248,0.198,2.406,0.6427,0.674,0.096,0.123,0.898,0.017,0.129,0.545,0.894,0.031,0.696,13.34,0.65,0.412,0.523,0.018,0.016,0.069,0.893,0.374,0.109,0.003,0.009,0.169,0.628,2.95,2.872,4.531,0.007,0.002,0.011,0.003,0.183,0.005,0.006,0.022,0.007,0.006,0.006,0.006,295.18,312.348,0.945,5,2,67.79,10,1,6,5,0,7,1.429,1,0,0,0,0,0,0,0,0,0.676,2.397,0.562,16,-0.242,1,0,0,0,Accepted,Accepted,Accepted,Accepted,0,Molecule 98,COC(=O)CCc1ccc(cc1)OCC(CNC(C)C)O,C16H25NO4,295.37,21,6,0.56,10,5,2,81.6,67.79,3.5,1.85,1.53,1.61,2.72,2.24,-2.39,1.21,0.00409,Soluble,-2.89,0.377,0.00127,Soluble,-4.17,0.0198,0.0000671,Moderately soluble,High,Yes,No,No,No,No,Yes,No,-6.79,0,0,0,0,0,0.55,0,0,1,2.68,0.99,0.92,0.53,0.98,0.58,0.77,0.95,0.83,0.75,0.52,0.62,0.54,0.68,0.99,0.66,0.99,0.97,0.7,0.77,0.99,0.99,0.99,0.98,0.98,0.99,0.67,0.63,0.59,0.81,0.71,0.86,0.99,1,0.79,0.99,0.85,0.68,0.72,0.92,0.86,0.93,0.85,0.51,0.94,0.98
S5795,Rasagiline,C#CCNC1CCC2=C1C=CC=C2,,-1.043,2.025,2.049,0,0.001,0.007,0.015,0.006,-4.412,2.64E-05,0.996,0.9142,3.124,0.0886,0.287,0.947,0.24,0.811,0.007,0.31,0.657,0.9,0.018,0.726,5.64,0.453,0.04,0.753,0.045,0.498,0.756,0.874,0.519,0.079,0.05,0.019,0.91,0.706,3.165,3.38,3.958,0.006,0.005,0.323,0.018,0.113,0.007,0.003,0.468,0.023,0.027,0.027,0.041,171.1,196.81,0.869,1,1,12.03,2,2,9,1,0,11,0.182,1,0,0,1,0,0,1,1,0,0.67,2.767,0.333,30.375,-0.625,0,0,0,0,Accepted,Accepted,Accepted,Rejected,0,Molecule 53,C#CCNC1CCc2c1cccc2,C12H13N,171.24,13,6,0.33,2,1,1,54.45,12.03,2.51,1.83,1.65,2.58,2.85,2.28,-2.26,0.932,0.00544,Soluble,-1.7,3.39,0.0198,Very soluble,-3.53,0.0505,0.000295,Soluble,High,Yes,No,No,No,No,Yes,No,-6.05,0,0,0,0,2,0.55,0,1,1,2.13,0.89,0.68,0.86,0.91,0.71,0.73,0.99,0.69,0.67,0.98,0.62,0.57,0.69,0.76,0.93,0.98,0.91,0.9,0.98,0.99,0.98,0.98,0.92,0.93,0.97,0.88,0.89,0.83,0.84,0.71,0.61,0.99,1,0.72,0.97,0.82,0.77,0.71,0.79,0.62,0.65,0.73,0.66,0.8,0.97
S5862,Metoclopramide,CCN(CC)CCNC(=O)C1=C(OC)C=C(N)C(=C1)Cl,,-2.264,1.927,2.405,0.001,0.996,0.003,0.003,0.001,-4.829,1.37E-05,0.902,0.2656,2.006,0.728,0.364,0.639,0.061,0.51,0.011,0.187,0.256,0.677,0.011,0.261,8.866,0.331,0.443,0.37,0.572,0.681,0.215,0.133,0.403,0.046,0.003,0.012,0.941,0.38,2.237,2.754,4.539,0.125,0.005,0.215,0.01,0.414,0.032,0.005,0.045,0.157,0.015,0.012,0.032,299.14,297.38,1.006,5,3,67.59,8,1,6,6,0,7,1.143,0,2,1,0,0,2,1,1,5,0.756,2.115,0.5,9,-1.535,3,0,0,0,Accepted,Accepted,Accepted,Accepted,0,Molecule 40,CCN(CCNC(=O)c1cc(Cl)c(cc1OC)N)CC,C14H22ClN3O2,299.8,20,6,0.5,8,3,2,82.28,67.59,3.17,2.62,2.01,1.75,2.05,2.32,-3.04,0.271,0.000905,Soluble,-3.69,0.0613,0.000204,Soluble,-4.5,0.00944,0.0000315,Moderately soluble,High,Yes,No,Yes,No,No,Yes,No,-6.27,0,0,0,0,0,0.55,0,1,1,2.27,0.86,0.87,0.55,0.94,0.71,0.61,0.98,0.66,0.56,0.85,0.63,0.59,0.86,0.93,0.99,0.99,0.98,0.93,0.99,0.99,0.99,0.99,0.98,0.98,1,0.59,0.59,0.86,0.85,0.75,0.97,0.99,1,0.8,0.99,0.77,0.91,0.7,0.98,0.71,0.74,0.61,0.66,0.99,0.99
S5873,Scopolamine HBr trihydrate,O.O.O.Br.CN1C2CC(CC1C3OC23)OC(=O)C(CO)C4=CC=CC=C4,,-2.596,1.168,1.626,0,0.016,0.029,0.013,0.447,-5.006,6.96E-05,0.187,0.1494,2.244,0.8158,0.026,0.086,0.029,0.739,0.019,0.081,0.294,0.72,0.133,0.756,16.851,0.094,0.215,0.421,0.056,0.027,0.519,0.881,0.055,0.071,0.003,0.007,0.585,0.662,2.783,4.149,4.861,0.007,0.002,0.006,0.002,0.443,0.724,0.005,0.032,0.003,0.005,0.007,0.009,303.15,303.974,0.997,5,1,62.3,5,4,8,5,0,18,0.278,5,2,1,2,0,2,2,2,5,0.662,4.64,0.588,73.889,1.361,0,0,0,0,Accepted,Accepted,Accepted,Accepted,0,Molecule 86,OCC(c1ccccc1)C(=O)OC1CC2N(C(C1)C1C2O1)C.O.O.O.Br,C17H28BrNO7,438.31,26,6,0.59,5,8,4,102.66,89.99,0,0.53,1.3,-0.86,1.49,0.49,-2.73,0.812,0.00185,Soluble,-1.99,4.48,0.0102,Very soluble,-2.2,2.79,0.00637,Soluble,High,No,Yes,No,No,No,No,No,-8.6,0,0,0,0,0,0.55,0,1,1,4.46,0.92,0.82,0.55,0.83,0.75,0.86,0.99,0.91,0.58,0.63,0.62,0.64,0.62,0.99,0.99,0.99,0.99,0.72,1,0.99,0.98,0.98,0.97,0.99,0.99,0.65,0.75,0.69,0.73,0.57,0.9,0.99,0.99,0.66,0.98,0.61,0.88,0.8,0.79,0.98,0.89,0.68,0.82,0.96,0.97
S5911,Bictegravir,OC1=C2N(CC3OC4CCC(C4)N3C2=O)C=C(C(=O)NCC5=C(F)C=C(F)C=C5F)C1=O,,-4.141,1.478,1.393,0.009,0.108,0.008,0.022,0.005,-4.722,1.63E-05,0.19,0.9395,1.042,0.033,0.03,0.115,0.21,0.407,0.319,0.928,0.041,0.176,0.099,0.198,3.308,0.086,0.058,0.99,0.864,0.331,0.127,0.949,0.242,0.364,0.003,0.006,0.198,0.783,2.45,3.226,6.305,0.004,0.005,0.183,0.566,0.258,0.006,0.709,0.734,0.006,0.01,0.161,0.319,449.12,403.042,1.114,8,2,100.87,4,5,15,11,0,28,0.143,3,3,0,0,0,1,1,0,0,0.742,4.747,0.381,104.483,-0.379,0,0,0,0,Accepted,Accepted,Rejected,Accepted,0,Molecule 20,Fc1cc(F)c(c(c1)F)CNC(=O)c1cn2CC3OC4CCC(N3C(=O)c2c(c1=O)O)C4,C21H18F3N3O5,449.38,32,12,0.38,4,8,2,107.13,100.87,2.56,2.73,2.36,1.65,2.23,2.31,-4.36,0.0196,0.0000437,Moderately soluble,-4.5,0.0141,0.0000314,Moderately soluble,-4.65,0.00999,0.0000222,Moderately soluble,High,No,No,No,No,Yes,Yes,No,-7.1,0,0,0,0,0,0.55,0,0,1,4.87,0.69,0.78,0.6,0.87,0.8,0.63,0.97,0.63,0.56,0.57,0.6,0.74,0.59,0.83,0.98,0.99,0.92,0.87,0.94,0.97,0.94,0.94,0.78,0.84,0.94,0.84,0.83,0.86,0.61,0.66,0.79,0.95,0.98,0.57,0.99,0.73,0.97,0.52,0.93,0.89,0.81,0.52,0.66,0.71,1
S6432,Cevimeline HCl hemihydrate,Cl.CC1OC2(CS1)CN3CCC2CC3,,-1.033,1.066,1.496,0.001,0.003,0.005,0.001,0.002,-4.563,1.66E-05,0.991,0.1718,4.041,0.7633,0.047,0.13,0.038,0.934,0.004,0.235,0.576,0.903,0.005,0.547,14.379,0.125,0.066,0.745,0.437,0.137,0.832,0.842,0.813,0.684,0.007,0.062,0.944,0.755,1.907,2.327,4.097,0.02,0.011,0.022,0.016,0.096,0.009,0.004,0.279,0.03,0.061,0.004,0.163,199.1,194.143,1.026,2,0,12.47,0,3,5,3,0,14,0,2,1,0,0,0,0,0,0,0,0.587,5.424,1,58.5,1.146,2,0,0,0,Accepted,Accepted,Accepted,Rejected,0,Molecule 5,CC1SCC2(O1)CN1CCC2CC1.Cl,C10H18ClNOS,235.77,14,0,1,0,2,0,66.33,37.77,0,2.27,1.98,1.81,1.84,1.58,-2.73,0.437,0.00185,Soluble,-2.7,0.47,0.002,Soluble,-1.48,7.86,0.0333,Soluble,High,Yes,No,No,No,No,No,No,-6.13,0,0,0,0,0,0.55,0,0,1,5.16,0.82,0.7,0.87,0.89,0.86,0.71,0.98,0.66,0.73,0.94,0.7,0.5,0.51,0.96,0.95,0.99,0.95,0.82,0.88,0.98,0.9,0.9,0.9,0.94,0.94,0.72,0.81,0.9,0.69,0.78,0.79,0.99,1,0.61,0.99,0.51,0.81,0.81,0.79,0.95,0.75,0.61,0.75,0.85,0.88
S6448,Ibuprofen piconol,CC(C)CC1=CC=C(C=C1)C(C)C(=O)OCC2=NC=CC=C2,,-4.386,3.855,4.262,0.047,0.001,0.003,0.158,0.004,-4.65,3.70E-05,0.803,0.7417,3.877,0.1699,0.857,0.138,0.955,0.486,0.914,0.935,0.023,0.247,0.52,0.523,3.877,0.344,0.114,0.641,0.953,0.209,0.267,0.027,0.088,0.178,0.003,0.053,0.045,1.231,4.532,5.512,4.964,0.292,0.004,0.009,0.217,0.262,0.538,0.005,0.034,0.005,0.308,0.04,0.014,297.17,330.189,0.9,3,0,39.19,7,2,6,3,0,13,0.538,1,1,0,0,0,2,0,0,0,0.753,2.44,0.368,24,-0.855,0,0,0,0,Accepted,Rejected,Rejected,Accepted,0,Molecule 2,CC(Cc1ccc(cc1)C(C(=O)OCc1ccccn1)C)C,C19H23NO2,297.39,22,12,0.37,7,3,0,88.78,39.19,3.46,4.33,3.98,3.09,4.79,3.93,-4.35,0.0132,0.0000443,Moderately soluble,-4.87,0.00404,0.0000136,Moderately soluble,-6.29,0.000153,0.000000514,Poorly soluble,High,Yes,No,No,Yes,Yes,Yes,No,-5.04,0,0,0,0,0,0.55,0,0,1,3.06,0.67,0.54,0.59,0.52,0.76,0.57,0.98,0.77,0.79,0.86,0.68,0.66,0.81,0.87,0.98,0.99,0.79,0.86,0.95,0.94,0.98,0.98,0.87,0.91,0.95,0.71,0.68,0.52,0.94,0.55,0.85,0.99,1,0.82,0.97,0.64,0.74,0.69,0.8,0.52,0.64,0.54,0.6,0.57,0.96
S6492,Doravirine (MK-1439),CN1C(=O)NN=C1CN2C=CC(=C(OC3=CC(=CC(=C3)C#N)Cl)C2=O)C(F)(F)F,,-3.788,2.835,2.25,0.003,0.17,0.177,0.002,0.002,-4.807,2.36E-05,0.482,0.9476,0.446,0.0318,0.408,0.785,0.671,0.065,0.733,0.585,0.021,0.113,0.426,0.43,7.092,0.773,0.049,0.922,0.928,0.394,0.843,0.84,0.141,0.638,0.003,0.008,0.795,0.646,2.379,4.086,4.774,0.033,0.005,0.093,0.561,0.098,0.016,0.137,0.476,0.004,0.009,0.053,0.08,425.05,365.322,1.163,8,1,105.7,5,3,6,12,0,20,0.25,0,3,1,0,0,0,3,1,0,0.691,3.022,0.176,22,-1.646,1,0,0,0,Accepted,Accepted,Rejected,Accepted,0,Molecule 143,N#Cc1cc(cc(c1)Cl)Oc1c(=O)n(ccc1C(F)(F)F)Cc1n[nH]c(=O)n1C,C17H11ClF3N5O3,425.75,29,17,0.18,5,8,1,95.36,105.7,2.69,2.09,3.81,1.89,3.27,2.75,-3.9,0.0536,0.000126,Soluble,-3.94,0.0489,0.000115,Soluble,-5.71,0.000832,0.00000195,Moderately soluble,High,No,No,No,No,Yes,No,No,-7.41,0,0,0,0,0,0.55,0,0,1,3.28,0.51,0.87,0.61,0.76,0.74,0.62,0.51,0.65,0.73,0.73,0.56,0.71,0.62,0.74,0.97,0.99,0.83,0.9,0.96,0.9,0.95,0.95,0.76,0.87,0.93,0.76,0.59,0.78,0.89,0.61,0.98,0.97,0.98,0.86,0.99,0.6,0.97,0.53,0.88,0.78,0.77,0.6,0.75,0.54,0.99
S6601,(±)-Equol,OC1=CC=C(C=C1)C2COC3=C(C2)C=CC(=C3)O,,-3.199,3.263,3.31,0.056,0.005,0.009,0.986,0.981,-4.686,1.38E-05,0.087,0.9671,0.888,0.0305,0.969,0.803,0.945,0.152,0.752,0.96,0.927,0.925,0.617,0.454,16.937,0.76,0.061,0.063,0.027,0.655,0.145,0.704,0.935,0.803,0.004,0.923,0.066,1.313,4.884,5.1,5.238,0.275,0.071,0.871,0.474,0.954,0.973,0.01,0.86,0.625,0.828,0.948,0.698,242.09,252.879,0.957,3,2,49.69,1,3,10,3,0,17,0.059,1,0,0,0,0,1,0,1,0,0.808,2.651,0.2,50,1.075,1,0,0,0,Accepted,Rejected,Accepted,Accepted,0,Molecule 40,Oc1ccc(cc1)C1COc2c(C1)ccc(c2)O,C15H14O3,242.27,18,12,0.2,1,3,2,69.13,49.69,1.95,2.97,2.82,2.2,2.88,2.57,-3.64,0.0554,0.000229,Soluble,-3.68,0.051,0.000211,Soluble,-4.11,0.0188,0.0000774,Moderately soluble,High,Yes,Yes,Yes,No,No,Yes,No,-5.67,0,0,0,0,0,0.55,0,0,1,2.94,0,0,0,0,0,0,0,0,0,0,0,0,0,0,0,0,0,0,0,0,0,0,0,0,0,0,0,0,0,0,0,0,0,0,0,0,0,0,0,0,0,0,0,0,0
S7007,Binimetinib (MEK162),C[N]1C=NC2=C1C=C(C(=O)NOCCO)C(=C2F)NC3=C(F)C=C(Br)C=C3,,-5.768,2.256,3.708,0.196,0.009,0.008,0.011,0.007,-4.578,1.73E-05,0.163,0.9522,1.565,0.0595,0.813,0.157,0.42,0.128,0.717,0.855,0.013,0.175,0.546,0.097,5.837,0.527,0.031,0.689,0.961,0.809,0.315,0.733,0.433,0.788,0.003,0.024,0.775,1.266,3.464,3.892,6.522,0.004,0.013,0.966,0.465,0.145,0.006,0.242,0.682,0.257,0.149,0.841,0.884,440.03,357.604,1.23,7,3,88.41,7,3,9,10,0,17,0.412,0,1,1,1,0,2,1,3,0,0.405,2.829,0.176,19,-1.165,2,0,0,0,Accepted,Accepted,Rejected,Accepted,0,Molecule 62,OCCONC(=O)c1cc2n(C)cnc2c(c1Nc1ccc(cc1F)Br)F,C17H15BrF2N4O3,441.23,27,15,0.18,7,6,3,98.2,88.41,2.24,3.06,3.85,2.72,2.64,2.9,-4.45,0.0156,0.0000353,Moderately soluble,-4.58,0.0115,0.0000261,Moderately soluble,-6.31,0.000215,0.000000488,Poorly soluble,High,No,No,Yes,No,Yes,Yes,Yes,-6.82,0,0,0,0,0,0.55,0,1,1,3.2,0.57,0.65,0.66,0.9,0.71,0.52,0.95,0.64,0.55,0.71,0.54,0.76,0.67,0.77,0.97,0.98,0.82,0.92,0.82,0.96,0.95,0.95,0.89,0.92,0.95,0.82,0.71,0.71,0.71,0.58,0.95,0.93,0.96,0.76,0.99,0.74,0.98,0.64,0.82,0.75,0.77,0.56,0.6,0.61,0.99
S7160,Glasdegib (PF-04449913),CN1CCC(CC1C2=NC3=CC=CC=C3[NH]2)NC(=O)NC4=CC=C(C=C4)C#N,,-4.132,2.689,2.357,0.001,0.202,0.039,0.003,0.006,-5.847,4.69E-06,0.927,0.8847,1.925,0.2007,0.177,0.899,0.358,0.09,0.425,0.141,0.392,0.885,0.415,0.764,7.034,0.632,0.974,0.878,0.626,0.78,0.897,0.953,0.136,0.199,0.003,0.009,0.933,0.378,3.043,3.992,6.78,0.003,0.002,0.874,0.003,0.178,0.004,0.008,0.121,0.01,0.01,0.602,0.047,374.19,385.953,0.97,7,3,96.84,5,4,9,7,0,24,0.208,2,0,0,0,0,5,0,2,1,0.655,3.079,0.286,70.778,-1.663,0,0,0,0,Accepted,Accepted,Accepted,Accepted,0,Molecule 5,N#Cc1ccc(cc1)NC(=O)NC1CCN(C(C1)c1nc2c([nH]1)cccc2)C,C21H22N6O,374.44,28,15,0.29,5,4,3,111.53,96.84,2.41,2.37,2.5,1.64,2.07,2.2,-3.72,0.0712,0.00019,Soluble,-4.04,0.0338,0.0000903,Moderately soluble,-6.16,0.000259,0.000000692,Poorly soluble,High,No,Yes,No,Yes,No,Yes,Yes,-6.9,0,0,0,0,0,0.55,0,0,1,3.63,0.71,0.89,0.81,0.95,0.9,0.69,0.98,0.58,0.65,0.71,0.57,0.73,0.66,0.59,0.97,0.92,0.9,0.63,0.98,0.86,0.96,0.96,0.81,0.81,0.81,0.97,0.84,0.93,0.87,0.56,0.92,0.99,0.99,0.59,0.99,0.62,0.97,0.65,0.78,0.72,0.82,0.64,0.52,0.65,0.99
S7440,Ribociclib (LEE011),CN(C)C(=O)C1=CC2=CN=C(NC3=NC=C(C=C3)N4CCNCC4)N=C2[N]1C5CCCC5,,-1.39,2.606,2.174,0.35,1,0.019,0.004,0.005,-5.526,1.92E-06,0.83,0.62,1.922,0.4698,0.254,0.512,0.269,0.093,0.064,0.047,0.102,0.231,0.582,0.601,4.948,0.152,0.661,0.997,0.966,0.084,0.516,0.541,0.918,0.833,0.003,0.009,0.951,0.325,2.751,3.595,4.765,0.015,0.003,0.853,0.927,0.213,0.008,0.002,0.73,0.205,0.019,0.356,0.586,434.25,439.254,0.989,9,2,94.44,5,5,9,9,0,29,0.172,0,2,0,0,0,0,0,1,1,0.657,3.354,0.478,65.765,-1.076,1,0,0,0,Accepted,Accepted,Rejected,Accepted,0,Molecule 110,CN(C(=O)c1cc2c(n1C1CCCC1)nc(nc2)Nc1ccc(cn1)N1CCNCC1)C,C23H30N8O,434.54,32,15,0.48,6,5,2,132.5,91.21,3.5,2.19,2.03,1.38,1.09,2.04,-3.86,0.0593,0.000137,Soluble,-3.74,0.0792,0.000182,Soluble,-5.51,0.00133,0.00000306,Moderately soluble,High,No,Yes,No,No,Yes,Yes,Yes,-7.4,0,1,0,0,0,0.55,0,0,1,3.47,0.71,0.88,0.82,0.95,0.92,0.61,0.58,0.51,0.6,0.57,0.54,0.66,0.62,0.75,0.96,0.96,0.89,0.82,0.99,0.92,0.97,0.97,0.87,0.82,0.85,0.97,0.79,0.96,0.88,0.57,0.93,0.98,1,0.66,0.99,0.62,0.98,0.58,0.85,0.82,0.57,0.5,0.54,0.77,1
S7536,Lorlatinib (PF-6463922),CC1OC2=C(N)N=CC(=C2)C3=C(C#N)[N](C)N=C3CN(C)C(=O)C4=C1C=C(F)C=C4,,-3.339,1.768,1.334,0.012,0.368,0.089,0.135,0.242,-5.589,7.04E-06,0.36,0.9011,1.335,0.0496,0.621,0.795,0.718,0.082,0.415,0.791,0.634,0.928,0.593,0.399,6.698,0.482,0.363,0.985,0.87,0.168,0.891,0.96,0.037,0.473,0.003,0.008,0.77,0.144,2.796,3.983,5.64,0.016,0.381,0.582,0.959,0.03,0.014,0.703,0.56,0.008,0.028,0.235,0.647,406.16,398.174,1.02,8,2,110.79,0,4,21,9,0,28,0,1,2,1,0,0,2,1,1,0,0.598,5.1,0.238,78.846,-0.631,0,0,0,0,Accepted,Accepted,Rejected,Accepted,0,Molecule 8,N#Cc1n(C)nc2c1c1cnc(c(c1)OC(C)c1c(C(=O)N(C2)C)ccc(c1)F)N,C21H19FN6O2,406.41,30,17,0.24,0,6,1,111.44,110.06,2.49,1.53,2.37,1.19,1.88,1.89,-3.74,0.0734,0.000181,Soluble,-3.45,0.144,0.000355,Soluble,-5.72,0.000771,0.0000019,Moderately soluble,High,No,Yes,No,No,No,No,Yes,-7.69,0,0,0,0,0,0.55,0,0,1,4.7,0.53,0.88,0.7,0.88,0.86,0.55,0.96,0.54,0.61,0.82,0.53,0.6,0.71,0.68,0.96,0.97,0.88,0.79,0.93,0.96,0.96,0.96,0.74,0.89,0.85,0.92,0.7,0.82,0.9,0.5,0.99,0.99,1,0.76,0.99,0.61,0.98,0.82,0.95,0.6,0.75,0.61,0.65,0.59,0.99
S7559,Darolutamide (ODM-201),CC(O)C1=CC(=N[NH]1)C(=O)NC(C)C[N]2C=CC(=N2)C3=CC(=C(C=C3)C#N)Cl,,-3.396,2.464,2.217,0.009,0.008,0.007,0.002,0.006,-5.329,9.24E-06,0.288,0.7535,1.483,0.244,0.717,0.466,0.559,0.059,0.478,0.683,0.032,0.883,0.353,0.254,7.097,0.169,0.293,0.944,0.965,0.026,0.125,0.928,0.021,0.263,0.003,0.008,0.203,0.245,2.321,2.929,4.374,0.021,0.01,0.036,0.618,0.149,0.014,0.008,0.276,0.023,0.007,0.058,0.12,398.13,383.918,1.037,8,3,119.62,7,3,6,9,0,18,0.389,2,1,1,0,0,1,1,3,0,0.415,3.819,0.263,38,-1.859,0,1,0,0,Accepted,Accepted,Accepted,Accepted,0,Molecule 33,N#Cc1ccc(cc1Cl)c1ccn(n1)CC(NC(=O)c1n[nH]c(c1)C(O)C)C,C19H19ClN6O2,398.85,28,16,0.26,7,5,3,103.86,119.62,1.86,1.76,2.35,0.77,2.83,1.91,-3.38,0.165,0.000414,Soluble,-3.89,0.0514,0.000129,Soluble,-5.61,0.000981,0.00000246,Moderately soluble,High,No,Yes,No,Yes,No,No,Yes,-7.48,0,0,0,0,0,0.55,0,0,1,3.86,0.6,0.79,0.65,0.74,0.7,0.61,0.94,0.63,0.69,0.67,0.53,0.6,0.61,0.72,0.95,0.98,0.74,0.85,0.97,0.89,0.87,0.87,0.77,0.88,0.94,0.83,0.72,0.75,0.86,0.63,0.94,0.97,0.99,0.87,0.99,0.63,0.94,0.78,0.9,0.81,0.79,0.55,0.61,0.8,0.99
S7952,Ozanimod (RPC1063),CC(C)OC1=CC=C(C=C1C#N)C2=NC(=NO2)C3=CC=CC4=C3CCC4NCCO,,-4.549,3.08,3.413,0.72,0.674,0.004,0.001,0.004,-4.648,1.40E-05,0.802,0.9444,1.179,0.04,0.648,0.443,0.912,0.068,0.829,0.426,0.368,0.825,0.603,0.469,5.102,0.18,0.798,0.971,0.96,0.062,0.904,0.9,0.042,0.748,0.003,0.008,0.961,0.853,3.476,3.58,3.837,0.589,0.663,0.942,0.889,0.911,0.195,0.451,0.832,0.917,0.043,0.74,0.901,404.18,416.131,0.971,7,2,104.2,7,4,9,7,0,22,0.318,1,0,0,0,0,0,0,1,0,0.619,3.118,0.348,70.258,-1.073,1,0,0,0,Accepted,Accepted,Rejected,Accepted,0,Molecule 193,OCCNC1CCc2c1cccc2c1noc(n1)c1ccc(c(c1)C#N)OC(C)C,C23H24N4O3,404.46,30,17,0.35,7,7,2,112.19,104.2,3.96,3.06,3.31,1.7,4.22,3.25,-4.23,0.0237,0.0000585,Moderately soluble,-4.91,0.00492,0.0000122,Moderately soluble,-7.35,0.0000179,4.43E-08,Poorly soluble,High,No,Yes,Yes,No,Yes,Yes,Yes,-6.59,0,0,0,0,0,0.55,0,0,1,3.98,0.6,0.5,0.52,0.82,0.64,0.52,0.97,0.52,0.64,0.53,0.59,0.59,0.59,0.76,0.95,0.95,0.91,0.87,0.97,0.91,0.88,0.88,0.76,0.84,0.89,0.83,0.72,0.69,0.7,0.54,0.93,0.97,0.99,0.7,0.99,0.76,0.86,0.6,0.85,0.77,0.75,0.71,0.52,0.58,0.98
S8022,Empagliflozin (BI 10773),OCC1OC(C(O)C(O)C1O)C2=CC(=C(Cl)C=C2)CC3=CC=C(OC4CCOC4)C=C3,,-3.213,2.451,2.165,0.002,0.018,0.326,0.05,0.06,-5.185,0.000209524,0.235,0.9392,0.853,0.0373,0.017,0.06,0.071,0.078,0.024,0.535,0.027,0.69,0.126,0.5,2.992,0.134,0.139,0.313,0.584,0.627,0.256,0.146,0.045,0.79,0.003,0.01,0.011,1.367,4.396,4.706,5.648,0.367,0.04,0.046,0.925,0.25,0.026,0.95,0.229,0.016,0.125,0.497,0.472,450.14,433.062,1.039,7,4,108.61,6,4,6,8,0,23,0.261,6,2,1,0,0,0,2,0,0,0.529,3.844,0.478,81.176,0.891,1,0,0,0,Accepted,Accepted,Rejected,Accepted,0,Molecule 7,OCC1OC(c2ccc(c(c2)Cc2ccc(cc2)OC2COCC2)Cl)C(C(C1O)O)O,C23H27ClO7,450.91,31,12,0.48,6,7,4,113.41,108.61,3.4,2.03,1.29,0.7,2.66,2.01,-3.8,0.0706,0.000157,Soluble,-3.94,0.0519,0.000115,Soluble,-4.25,0.0254,0.0000562,Moderately soluble,High,No,Yes,No,No,No,Yes,No,-7.61,0,0,0,0,0,0.55,0,0,1,4.87,0.75,0.89,0.89,0.84,0.66,0.68,0.58,0.73,0.69,0.76,0.6,0.52,0.51,0.84,0.9,0.95,0.85,0.77,0.96,0.91,0.83,0.83,0.79,0.79,0.96,0.67,0.64,0.72,0.8,0.76,0.88,1,1,0.74,0.99,0.69,0.72,0.84,0.68,0.82,0.74,0.51,0.6,0.82,0.94
S8103,Sotagliflozin (LX4211),CCOC1=CC=C(CC2=C(Cl)C=CC(=C2)C3OC(SC)C(O)C(O)C3O)C=C1,,-4.11,3.447,3.74,0.005,0.118,0.027,0.002,0.005,-5.02,1.21E-05,0.153,0.9863,1.289,0.0214,0.082,0.104,0.576,0.141,0.388,0.87,0.127,0.855,0.083,0.749,3.449,0.078,0.055,0.212,0.941,0.44,0.046,0.096,0.026,0.388,0.003,0.013,0.009,2.165,4.676,6.029,6.357,0.006,0.004,0.009,0.047,0.396,0.117,0.008,0.062,0.004,0.048,0.636,0.265,424.11,407.955,1.04,5,3,79.15,6,3,6,7,0,18,0.333,5,2,1,0,0,0,1,0,0,0.661,3.694,0.429,63.333,0.101,3,0,0,0,Accepted,Accepted,Rejected,Accepted,0,Molecule 8,CCOc1ccc(cc1)Cc1cc(ccc1Cl)C1OC(SC)C(C(C1O)O)O,C21H25ClO5S,424.94,28,12,0.43,6,5,3,111.25,104.45,3.13,3.23,2.85,1.88,3.48,2.91,-4.43,0.0158,0.0000371,Moderately soluble,-5.1,0.0034,0.00000801,Moderately soluble,-5.12,0.00325,0.00000766,Moderately soluble,High,No,Yes,No,No,No,Yes,Yes,-6.6,0,0,0,0,0,0.55,0,0,1,4.93,0.61,0.84,0.82,0.57,0.59,0.67,0.62,0.69,0.68,0.63,0.53,0.59,0.51,0.54,0.94,0.97,0.85,0.79,0.9,0.84,0.74,0.74,0.51,0.63,0.92,0.66,0.71,0.85,0.9,0.8,0.9,0.99,0.99,0.86,0.99,0.64,0.79,0.89,0.87,0.66,0.52,0.71,0.68,0.7,0.96
S8116,Acalabrutinib (ACP-196),CC#CC(=O)N1CCCC1C2=NC(=C3[N]2C=CN=C3N)C4=CC=C(C=C4)C(=O)NC5=NC=CC=C5,,-3.656,2.187,1.963,0.013,0.988,0.026,0.004,0.005,-5.694,4.77E-06,0.277,0.9386,1.009,0.0298,0.155,0.631,0.755,0.056,0.795,0.953,0.824,0.496,0.487,0.343,3.728,0.698,0.832,0.994,0.984,0.14,0.735,0.979,0.191,0.216,0.003,0.009,0.945,0.378,4.113,6.152,5.591,0.008,0.003,0.883,0.975,0.304,0.091,0.124,0.859,0.474,0.239,0.761,0.917,465.19,473.117,0.983,9,3,122.47,5,5,9,9,0,32,0.156,1,1,0,0,0,1,1,6,0,0.403,4.176,0.192,87.968,-0.735,2,1,0,0,Accepted,Accepted,Rejected,Accepted,0,Molecule 38,CC#CC(=O)N1CCCC1c1nc(c2n1ccnc2N)c1ccc(cc1)C(=O)Nc1ccccn1,C26H23N7O2,465.51,35,21,0.19,6,5,2,136.51,118.51,3.1,3.04,2.5,1.52,2.02,2.44,-4.69,0.00952,0.0000204,Moderately soluble,-5.19,0.00297,0.00000639,Moderately soluble,-6.51,0.000144,0.00000031,Poorly soluble,High,No,Yes,No,Yes,Yes,Yes,Yes,-6.98,0,1,0,0,0,0.55,0,1,1,4.13,0.71,0.87,0.72,0.89,0.91,0.5,0.81,0.58,0.76,0.79,0.6,0.73,0.65,0.68,0.93,0.97,0.87,0.77,0.95,0.82,0.98,0.98,0.84,0.89,0.78,0.98,0.79,0.91,0.95,0.53,0.96,0.99,0.99,0.76,0.99,0.61,0.99,0.64,0.87,0.79,0.8,0.71,0.67,0.51,0.99
S9466,Methenamine Hippurate,OC(=O)CNC(=O)C1=CC=CC=C1.C2N3CN4CN2CN(C3)C4,,-1.245,-0.141,0.534,0.001,0.002,0.019,0.003,0.006,-5.302,1.56E-05,0.683,0.4815,0.159,0.4167,0.044,0.045,0.038,0.06,0.021,0.871,0.012,0.207,0.009,0.047,4.999,0.819,0.052,0.048,0.386,0.01,0.012,0.009,0.311,0.021,0.008,0.309,0.092,0.3,2.39,3.051,3.436,0.012,0.011,0.024,0.005,0.102,0.008,0.028,0.027,0.006,0.032,0.007,0.006,179.06,179.849,0.996,4,2,66.4,4,1,6,4,0,8,0.5,0,0,0,0,0,1,0,0,0,0.71,1.343,0.111,6,-0.69,0,0,0,0,Accepted,Accepted,Accepted,Rejected,0,Molecule 3,C1N2CN3CN1CN(C2)C3.O=C(c1ccccc1)NCC(=O)O,C15H21N5O3,319.36,23,6,0.47,4,7,2,97.88,79.36,2.53,-1.69,-2.04,0.1,-1.51,-0.52,-0.68,66.1,0.207,Very soluble,0.54,1100,3.44,Highly soluble,1.15,4500,14.1,Soluble,High,No,No,No,No,No,No,No,-9.45,0,1,0,0,0,0.55,0,0,0,4.19,0.84,0.66,0.51,0.78,0.69,0.65,0.99,0.69,0.75,0.62,0.76,0.69,0.67,0.89,0.97,0.98,0.95,0.86,0.98,0.97,0.97,0.97,0.92,0.94,0.96,0.88,0.79,0.79,0.83,0.59,0.67,0.94,0.99,0.65,0.97,0.71,0.97,0.71,0.82,0.9,0.85,0.75,0.65,0.85,0.98
S9508,Brimonidine,BrC1=C(NC2=NCCN2)C=CC3=C1N=CC=N3,,-3.155,1.335,1.674,0.002,0.981,0.012,0.001,0.006,-4.718,1.24E-05,0.642,0.285,2.454,0.7744,0.471,0.743,0.128,0.726,0.025,0.896,0.418,0.901,0.072,0.181,7.937,0.357,0.115,0.099,0.97,0.057,0.554,0.892,0.697,0.063,0.003,0.014,0.986,0.19,2.323,2.83,3.743,0.005,0.015,0.945,0.007,0.065,0.006,0.057,0.264,0.046,0.324,0.107,0.436,291.01,231.592,1.257,5,2,62.2,2,3,10,6,0,16,0.125,0,0,1,0,0,3,1,1,1,0.841,2.848,0.182,32.308,-0.666,2,0,0,0,Accepted,Accepted,Accepted,Accepted,0,Molecule 109,Brc1c(ccc2c1nccn2)NC1=NCCN1,C11H10BrN5,292.13,17,10,0.18,2,3,2,77.77,62.2,1.73,0.59,0.81,1.31,2.42,1.37,-2.33,1.38,0.00472,Soluble,-1.47,9.91,0.0339,Very soluble,-5.14,0.00212,0.00000724,Moderately soluble,High,No,Yes,Yes,No,No,No,No,-7.66,0,0,0,0,0,0.55,0,0,0,2.79,0.87,0.88,0.77,0.95,0.85,0.69,0.97,0.54,0.5,0.67,0.51,0.59,0.62,0.86,0.94,0.98,0.94,0.93,0.99,0.97,0.97,0.97,0.85,0.96,0.95,0.93,0.86,0.75,0.78,0.79,0.89,0.99,0.99,0.64,1,0.86,0.94,0.57,0.5,0.55,0.6,0.53,0.78,0.78,0.99
S9560,Anisodamine Hydrobromide,Br.CN1C2CC(O)C1CC(C2)OC(=O)C(CO)C3=CC=CC=C3,,-1.591,0.673,0.873,0,0.018,0.146,0.006,0.039,-5.206,0.000382284,0.269,0.1616,2.449,0.7946,0.013,0.068,0.016,0.824,0.002,0.698,0.305,0.763,0.053,0.751,9.953,0.305,0.224,0.672,0.06,0.022,0.044,0.945,0.197,0.077,0.003,0.009,0.611,0.616,2.824,3.11,4.408,0.018,0.001,0.005,0.001,0.515,0.644,0.007,0.027,0.003,0.004,0.008,0.003,305.16,312.531,0.976,5,2,70,5,3,7,5,0,16,0.312,5,0,0,0,0,0,0,0,0,0.809,4.467,0.588,59.815,1.624,0,0,0,0,Accepted,Accepted,Accepted,Accepted,0,Molecule 6,OCC(c1ccccc1)C(=O)OC1CC2CC(C(C1)N2C)O.Br,C17H24BrNO4,386.28,23,6,0.59,5,5,2,95.71,70,0,1.83,1.48,1.54,1.14,1.2,-3.25,0.217,0.000561,Soluble,-2.92,0.464,0.0012,Soluble,-2.12,2.95,0.00764,Soluble,High,Yes,Yes,No,No,No,No,No,-7.36,0,0,0,0,0,0.55,0,0,1,4.75,0.87,0.71,0.59,0.86,0.7,0.8,0.93,0.76,0.59,0.59,0.64,0.64,0.56,0.95,0.87,0.95,0.97,0.64,0.99,0.99,0.96,0.96,0.95,0.94,0.99,0.54,0.73,0.75,0.74,0.62,0.88,0.99,0.99,0.64,0.97,0.61,0.83,0.78,0.86,0.97,0.88,0.69,0.75,0.96,0.98
S6583,Apraclonidine HCl,Cl.NC1=CC(=C(NC2=NCCN2)C(=C1)Cl)Cl,,-1.984,0.916,1.772,0.001,0.999,0.004,0.001,0.005,-4.739,5.70E-05,0.62,0.2777,1.945,0.6777,0.15,0.704,0.105,0.676,0.033,0.544,0.702,0.817,0.117,0.194,11.902,0.255,0.229,0.266,0.924,0.331,0.586,0.859,0.685,0.212,0.003,0.013,0.957,0.306,3.229,3.331,4.745,0.004,0.003,0.931,0.004,0.06,0.006,0.004,0.053,0.018,0.006,0.064,0.045,244.03,210.971,1.157,4,4,62.44,2,2,6,6,0,11,0.182,0,1,0,0,0,4,1,2,5,0.662,2.75,0.222,26,-0.713,2,0,0,0,Accepted,Accepted,Accepted,Accepted,0,Molecule 110,Nc1cc(Cl)c(c(c1)Cl)NC1=NCCN1.Cl,C9H11Cl3N4,281.57,16,6,0.22,2,1,3,78.36,62.44,0,1.67,1.8,2.21,2.35,1.61,-2.78,0.464,0.00165,Soluble,-2.6,0.715,0.00254,Soluble,-4.24,0.0161,0.0000571,Moderately soluble,High,Yes,Yes,No,No,No,No,No,-6.83,0,0,0,0,0,0.55,0,1,0,2.96,0.92,0.9,0.74,0.93,0.8,0.71,0.99,0.8,0.66,0.81,0.57,0.51,0.84,0.97,0.98,0.99,0.99,0.97,0.99,0.99,0.99,0.99,0.99,0.99,0.99,0.96,0.92,0.76,0.81,0.81,0.73,0.99,0.99,0.8,1,0.84,0.93,0.52,0.68,0.76,0.87,0.69,0.87,0.97,0.99
S6593,Methylprednisolone sodium succinate,[Na+].CC1CC2C3CCC(O)(C(=O)COC(=O)CCC([O-])=O)C3(C)CC(O)C2C4(C)C=CC(=O)C=C14,,-3.059,0.256,1.034,0.082,0.013,0.781,0.259,0.004,-5.256,3.30E-05,0.936,0.8228,0.332,0.1583,0.002,0.433,0.013,0.556,0.033,0.202,0.001,0.034,0.279,0.89,2.28,0.844,0.022,0.064,0.195,0.018,0.202,0.936,0.033,0.791,0.003,0.01,0.763,0.236,3.463,3.873,4.506,0.897,0.918,0.01,0.048,0.392,0.605,0.075,0.635,0.019,0.467,0.209,0.053,473.22,477.211,0.992,8,2,141.03,7,4,17,8,-1,24,0.292,7,1,1,0,0,5,4,2,1,0.43,5.011,0.692,78.909,1.666,1,0,0,0,Accepted,Accepted,Rejected,Accepted,0,Molecule 7,[O-]C(=O)CCC(=O)OCC(=O)C1(O)CCC2C1(C)CC(O)C1C2CC(C2=CC(=O)C=CC12C)C.[Na+],C26H33NaO8,496.53,35,0,0.69,7,8,2,121.05,141.03,-8.51,2.16,0.88,1.41,2.45,-0.32,-3.82,0.0756,0.000152,Soluble,-4.75,0.00874,0.0000176,Moderately soluble,-2.67,1.07,0.00215,Soluble,High,No,Yes,No,No,No,No,No,-7.8,0,1,1,1,0,0.55,0,0,1,5.79,0.88,0.97,0.5,0.74,0.66,0.73,0.99,0.92,0.56,0.99,0.72,0.58,0.74,0.99,1,1,0.99,0.69,1,0.99,0.99,0.99,0.99,1,1,0.53,0.89,0.63,0.81,0.53,1,1,1,0.61,1,0.65,0.54,0.96,0.8,1,0.98,0.95,0.95,0.99,0.99
S9050,Boldine,COC1=C(O)C=C2CC3N(C)CCC4=CC(=C(OC)C(=C34)C2=C1)O,,-1.642,2.757,2.083,0.013,0.369,0.008,0.033,0.061,-4.821,1.16E-05,0.95,0.869,1.591,0.1285,0.572,0.957,0.028,0.79,0.012,0.672,0.236,0.913,0.051,0.903,12.205,0.74,0.65,0.11,0.34,0.433,0.382,0.919,0.637,0.035,0.003,0.01,0.851,1.493,4.539,5.663,6.727,0.057,0.151,0.943,0.044,0.224,0.043,0.047,0.542,0.048,0.751,0.801,0.773,327.15,333.293,0.982,5,2,62.16,2,4,16,5,0,20,0.1,1,0,1,0,0,4,0,1,3,0.888,3.182,0.368,76.077,1.762,1,0,1,0,Accepted,Accepted,Accepted,Accepted,0,Molecule 20,COc1cc2c(cc1O)CC1c3c2c(OC)c(O)cc3CCN1C,C19H21NO4,327.37,24,12,0.37,2,5,2,96,62.16,2.93,2.72,2.16,1.75,2.95,2.5,-3.82,0.0494,0.000151,Soluble,-3.68,0.0685,0.000209,Soluble,-4.59,0.00841,0.0000257,Moderately soluble,High,Yes,Yes,Yes,No,No,Yes,Yes,-6.37,0,0,0,0,0,0.55,0,0,0,3.58,0.95,0.54,0.55,0.96,0.74,0.62,0.99,0.51,0.58,0.85,0.55,0.55,0.65,0.6,0.93,0.99,0.86,0.93,0.99,0.98,0.91,0.91,0.77,0.93,0.98,0.7,0.9,0.89,0.74,0.68,0.58,1,1,0.71,1,0.64,0.67,0.82,0.94,0.51,0.99,0.96,0.96,0.98,1
S9519,Fadrozole (CGS16949A),N#CC1=CC=C(C=C1)C2CCCC3=CN=C[N]23,,-2.682,2.015,2.11,0.001,0.002,0.005,0.049,0.014,-4.503,1.81E-05,0.55,0.7598,2.865,0.2175,0.874,0.513,0.85,0.201,0.831,0.369,0.201,0.206,0.917,0.589,10.411,0.698,0.502,0.888,0.769,0.124,0.145,0.965,0.577,0.209,0.003,0.06,0.121,0.909,3.382,3.591,3.873,0.021,0.003,0.023,0.95,0.272,0.103,0.042,0.154,0.019,0.171,0.099,0.044,223.11,239.566,0.931,3,0,41.61,1,3,9,3,0,17,0.059,1,0,0,0,0,0,0,2,0,0.745,2.972,0.286,48.222,-0.711,0,0,0,0,Accepted,Accepted,Accepted,Accepted,0,Molecule 6,N#Cc1ccc(cc1)C1CCCc2n1cnc2,C14H13N3,223.27,17,11,0.29,1,2,0,65.16,41.61,2.15,2.15,2.68,1.51,2.42,2.18,-2.99,0.228,0.00102,Soluble,-2.66,0.493,0.00221,Soluble,-3.9,0.0282,0.000126,Soluble,High,Yes,Yes,No,Yes,No,No,No,-6.14,0,0,0,0,0,0.55,0,0,1,2.78,0.72,0.86,0.91,0.78,0.9,0.73,0.99,0.53,0.8,0.93,0.78,0.56,0.65,0.79,0.97,0.98,0.52,0.94,0.99,0.96,0.87,0.87,0.81,0.93,0.96,0.98,0.77,0.81,0.94,0.65,0.91,0.99,1,0.62,0.99,0.72,0.95,0.79,0.63,0.56,0.61,0.5,0.55,0.55,0.93
S6659,Rimegepant (BMS-927711),NC1C(CCC(OC(=O)N2CCC(CC2)N3C(=O)NC4=NC=CC=C34)C5=NC=CC=C15)C6=CC=CC(=C6F)F,,-3.882,2.128,2.84,0.759,0.997,0.005,0.001,0.002,-4.986,1.91E-05,0.165,0.8993,1.578,0.0868,0.026,0.17,0.539,0.133,0.712,0.273,0.18,0.554,0.805,0.807,3.635,0.029,0.945,0.989,0.791,0.818,0.285,0.963,0.046,0.267,0.003,0.005,0.658,1.122,3.737,4.676,7.017,0.031,0.019,0.222,0.968,0.092,0.53,0.432,0.76,0.014,0.367,0.54,0.815,534.22,516.991,1.033,9,3,119.13,5,6,11,11,0,36,0.139,3,2,1,0,2,1,2,1,2,0.374,4.043,0.357,116.368,-0.665,0,0,0,0,Accepted,Accepted,Rejected,Rejected,0,Molecule 122,O=C(N1CCC(CC1)n1c(=O)[nH]c2c1cccn2)OC1CCC(C(c2c1nccc2)N)c1cccc(c1F)F,C28H28F2N6O3,534.56,39,21,0.36,5,8,2,143.49,119.13,3.09,2.29,4.3,3,2.98,3.13,-4.67,0.0115,0.0000216,Moderately soluble,-4.43,0.0199,0.0000372,Moderately soluble,-7.14,0.0000385,7.21E-08,Poorly soluble,High,No,Yes,No,No,No,Yes,No,-7.93,1,2,0,0,0,0.55,0,0,1,5.2,0.65,0.93,0.57,0.92,0.82,0.56,0.82,0.59,0.59,0.69,0.59,0.77,0.59,0.69,0.98,0.97,0.92,0.85,0.95,0.97,0.96,0.96,0.79,0.86,0.89,0.88,0.96,0.94,0.74,0.64,0.94,0.98,0.99,0.75,0.96,0.68,0.99,0.53,0.78,0.81,0.82,0.62,0.55,0.68,0.98
S6830,o-Phenanthroline,C1=CN=C2C(=C1)C=CC3=CC=CN=C23,,-1.989,1.951,1.913,0.01,0.351,0.011,0.972,0.465,-4.551,3.03E-05,0.922,0.9175,2.408,0.0828,0.966,0.549,0.552,0.502,0.166,0.841,0.056,0.769,0.052,0.171,3.147,0.374,0.037,0.288,0.958,0.771,0.33,0.108,0.918,0.255,0.02,0.979,0.909,1.089,3.665,3.471,4.171,0.011,0.186,0.906,0.65,0.456,0.228,0.959,0.886,0.624,0.904,0.469,0.892,180.07,193.977,0.928,2,0,25.78,0,3,14,2,0,16,0,0,1,1,0,0,0,0,1,3,0.497,1.824,0,13,-0.522,0,0,1,0,Accepted,Accepted,Accepted,Rejected,0,Molecule 89,c1ccc2c(n1)c1ncccc1cc2,C12H8N2,180.21,14,14,0,0,2,0,57.04,25.78,1.65,1.78,2.78,1.86,2.99,2.21,-2.82,0.274,0.00152,Soluble,-1.94,2.07,0.0115,Very soluble,-5,0.00179,0.00000995,Moderately soluble,High,Yes,Yes,Yes,No,No,No,Yes,-6.14,0,0,0,0,1,0.55,0,1,1,1.39,0.61,0.7,0.9,0.82,0.92,0.78,0.85,0.5,0.94,0.96,0.85,0.6,0.77,0.93,1,0.99,0.98,0.98,1,0.99,0.92,0.92,1,0.89,1,0.99,0.92,0.52,0.97,0.75,0.81,0.99,1,0.75,0.97,0.75,0.95,0.66,0.81,0.9,0.57,0.52,0.62,0.8,0.94
S0088,Pemigatinib (INCB054828),CCN1C(=O)N(CC2=C1C3=C([NH]C(=C3)CN4CCOCC4)N=C2)C5=C(F)C(=CC(=C5F)OC)OC,,-3.902,2.833,2.951,0.004,0.085,0.002,0.135,0.054,-5.107,2.09E-05,0.851,0.8284,1.658,0.2582,0.12,0.741,0.723,0.87,0.341,0.602,0.612,0.854,0.71,0.924,7.267,0.324,0.782,0.76,0.957,0.538,0.742,0.711,0.671,0.139,0.003,0.006,0.978,1.674,2.002,2.838,6.255,0.528,0.018,0.875,0.921,0.173,0.016,0.663,0.752,0.039,0.041,0.395,0.668,487.2,462.066,1.054,9,1,83.16,6,5,13,11,0,28,0.214,0,3,0,1,0,2,1,2,1,0.572,3.275,0.417,66.529,-0.9,2,0,0,0,Accepted,Accepted,Rejected,Accepted,0,Molecule 7,CCN1C(=O)N(Cc2c1c1cc([nH]c1nc2)CN1CCOCC1)c1c(F)c(OC)cc(c1F)OC,C24H27F2N5O4,487.5,35,15,0.42,6,8,1,136.22,83.16,3.69,1.82,3.05,2.34,3.59,2.9,-3.93,0.0572,0.000117,Soluble,-3.19,0.318,0.000651,Soluble,-6.57,0.00013,0.000000267,Poorly soluble,High,No,Yes,No,Yes,Yes,Yes,Yes,-7.98,0,2,0,0,0,0.55,0,0,1,3.79,0.55,0.93,0.55,0.88,0.87,0.64,0.95,0.59,0.5,0.67,0.54,0.67,0.67,0.69,0.97,0.97,0.89,0.85,0.9,0.98,0.93,0.93,0.7,0.77,0.9,0.89,0.75,0.94,0.85,0.6,0.98,0.99,0.99,0.66,0.99,0.71,0.95,0.59,0.84,0.73,0.87,0.57,0.55,0.52,0.99
S6889,Monomethyl Fumarate,COC(=O)\C=C\C(O)=O,,-1.022,0.602,0.028,0,0.016,0.096,0.008,0.991,-5.017,5.72E-05,0.291,0.3229,0.284,0.4766,0.027,0.121,0.044,0.053,0.025,0.928,0.138,0.215,0.017,0.036,4.719,0.907,0.002,0.607,0.398,0.03,0.135,0.008,0.924,0.05,0.977,0.95,0.191,0.364,2.803,3.634,3.724,0.042,0.7,0.005,0.121,0.254,0.272,0.316,0.765,0.153,0.072,0.016,0.04,130.03,122.288,1.063,4,1,63.6,3,0,0,4,0,3,1,0,0,1,0,0,2,4,1,1,0.415,2.151,0.2,0,0.973,1,0,0,0,Accepted,Accepted,Accepted,Rejected,0,Molecule 3,COC(=O)/C=C/C(=O)O,C5H6O4,130.1,9,0,0.2,3,4,1,28.73,63.6,1.04,-0.11,-0.2,-0.23,-0.32,0.04,-0.38,54.3,0.418,Very soluble,-0.77,22,0.169,Very soluble,0.62,539,4.14,Soluble,High,No,No,No,No,No,No,No,-7.17,0,3,0,0,1,0.85,0,1,1,2.03,0.81,0.94,0.59,0.85,0.92,0.8,0.99,0.81,0.83,0.88,0.83,0.64,0.69,1,1,1,0.99,0.99,1,0.98,0.99,0.99,1,0.99,0.97,0.84,0.85,0.58,0.96,0.61,0.96,0.99,1,0.8,0.99,0.52,0.67,0.92,0.92,0.95,0.88,0.6,0.92,0.96,0.98
S3069,Deoxycholic acid sodium salt,[Na+].CC(CCC([O-])=O)C1CCC2C3CCC4CC(O)CCC4(C)C3CC(O)C12C,,-4.246,1.721,2.441,0.902,0.014,0.043,0.006,0.21,-4.795,0.000116982,0.845,0.9267,0.687,0.0346,0.021,0.567,0.011,0.89,0.192,0.917,0,0.23,0.024,0.139,6.867,0.317,0.042,0.594,0.041,0.007,0.031,0.853,0.581,0.025,0.003,0.011,0.809,1.856,4.835,4.092,5.823,0.143,0.007,0,0.004,0.576,0.911,0.809,0.137,0.003,0.11,0.924,0.008,391.29,420.64,0.93,4,2,80.59,4,4,17,4,-1,21,0.19,10,0,0,0,0,0,1,0,0,0.771,4.743,0.958,73.532,2.534,0,0,0,0,Accepted,Accepted,Accepted,Accepted,0,Molecule 2,OC1CCC2(C(C1)CCC1C2CC(O)C2(C1CCC2C(CCC(=O)[O-])C)C)C.[Na+],C24H39NaO4,414.55,29,0,0.96,4,4,2,110.66,80.59,-8.92,3.5,3.14,3.88,3.42,1,-4.35,0.0185,0.0000445,Moderately soluble,-4.88,0.00552,0.0000133,Moderately soluble,-3.13,0.307,0.00074,Soluble,High,No,Yes,No,No,No,No,No,-6.34,0,0,0,0,0,0.55,0,0,1,4.86,0.74,0.89,0.69,0.84,0.72,0.85,0.96,0.58,0.75,0.66,0.61,0.63,0.64,0.99,0.98,0.99,1,0.99,0.99,0.98,0.98,0.98,0.81,0.99,0.99,0.61,0.92,0.67,0.86,0.54,0.99,0.99,1,0.87,0.99,0.6,0.7,0.98,0.96,1,0.99,0.86,0.97,0.99,1
S1711,Crotamiton,CCN(C(=O)\C=C\C)C1=CC=CC=C1C,,-3.078,2.808,2.897,0.019,0.002,0.003,0.004,0.002,-4.331,3.12E-05,0.314,0.8862,0.61,0.0844,0.778,0.949,0.506,0.912,0.093,0.852,0.158,0.867,0.071,0.655,6.102,0.483,0.05,0.145,0.524,0.049,0.04,0.069,0.89,0.215,0.662,0.984,0.829,1.21,3.099,3.836,4.459,0.055,0.005,0.065,0.269,0.15,0.012,0.007,0.14,0.007,0.481,0.079,0.359,203.13,231.453,0.878,2,0,20.31,4,1,6,2,0,8,0.5,0,1,1,0,0,2,3,3,2,0.692,2.256,0.308,7,-1.144,1,0,0,0,Accepted,Accepted,Accepted,Accepted,0,Molecule 2,C/C=C/C(=O)N(c1ccccc1C)CC,C13H17NO,203.28,15,6,0.31,4,1,0,64.57,20.31,2.69,2.83,2.92,2.91,2.7,2.81,-2.92,0.247,0.00122,Soluble,-2.91,0.248,0.00122,Soluble,-3.34,0.0921,0.000453,Soluble,High,Yes,No,No,No,No,No,No,-5.53,0,0,0,0,0,0.55,0,1,1,1.86,0.94,0.73,0.7,0.75,0.65,0.55,0.97,0.64,0.68,0.97,0.68,0.5,0.68,0.93,0.99,0.99,0.98,0.93,0.99,0.99,0.95,0.95,0.96,0.96,0.99,0.79,0.71,0.7,0.95,0.63,0.96,1,1,0.68,0.98,0.6,0.88,0.76,0.94,0.67,0.88,0.88,0.63,0.98,0.99
S3588,Hexylene glycol,CC(O)CC(C)(C)O,,0.803,-0.226,-0.009,0,0.012,0.009,0.002,0.003,-4.363,0.000117164,0.636,0.1095,1.038,0.7999,0.03,0.306,0.024,0.806,0.007,0.75,0.007,0.277,0.006,0.205,8.23,0.704,0.025,0.045,0.032,0.016,0.005,0.028,0.077,0.046,0.621,0.992,0.005,0.117,0.797,0.92,0.764,0.006,0.002,0.01,0.003,0.315,0.006,0.003,0.015,0.003,0.006,0.007,0.004,118.1,129.913,0.909,2,2,40.46,2,0,0,2,0,0,inf,1,0,0,0,0,0,1,0,0,0.555,3.182,1,4,1.146,0,0,0,0,Accepted,Accepted,Accepted,Rejected,0,Molecule 14,CC(CC(O)(C)C)O,C6H14O2,118.17,8,0,1,2,2,2,33.32,40.46,1.78,0.27,0.53,0.61,0.28,0.69,-0.61,29,0.245,Very soluble,-0.68,24.6,0.208,Very soluble,-0.34,53.8,0.455,Soluble,High,Yes,No,No,No,No,No,No,-6.83,0,2,0,0,1,0.55,0,0,1,1.55,0.85,0.84,0.7,0.85,0.7,0.51,0.99,0.9,0.81,0.83,0.56,0.65,0.88,1,1,1,0.87,0.99,1,0.99,1,1,0.86,1,0.99,0.9,0.78,0.97,0.98,0.96,0.92,0.97,0.99,0.85,0.98,0.92,0.97,0.95,0.98,0.98,0.85,0.59,0.92,0.98,0.98
S3592,4-Phenylbutyric acid (4-PBA),OC(=O)CCCC1=CC=CC=C1,,-2.136,2.59,2.236,0.001,0.001,0.009,0.139,0.01,-4.865,2.26E-05,0.305,0.9014,0.176,0.0446,0.086,0.134,0.031,0.092,0.027,0.835,0.007,0.281,0.005,0.101,4.631,0.85,0.035,0.179,0.111,0.008,0.055,0.025,0.391,0.117,0.726,0.981,0.049,0.38,2.768,2.914,3.479,0.028,0.007,0.064,0.008,0.105,0.008,0.91,0.052,0.009,0.028,0.013,0.004,164.08,179.994,0.912,2,1,37.3,4,1,6,2,0,7,0.571,0,0,0,0,0,0,0,0,0,0.739,1.293,0.3,5,0.096,0,0,0,0,Accepted,Accepted,Accepted,Rejected,0,Molecule 3,OC(=O)CCCc1ccccc1,C10H12O2,164.2,12,6,0.3,4,2,1,47.6,37.3,1.69,2.42,2.09,2.29,2.23,2.14,-2.49,0.533,0.00325,Soluble,-2.85,0.234,0.00143,Soluble,-2.98,0.174,0.00106,Soluble,High,Yes,No,No,No,No,No,No,-5.58,0,0,0,0,1,0.85,0,0,1,1,0.52,0.88,0.54,0.58,0.56,0.79,0.99,0.93,0.85,0.87,0.57,0.56,0.79,0.99,0.99,1,1,0.92,0.99,0.97,0.99,0.99,0.99,0.99,0.99,0.9,0.78,0.97,0.98,0.96,0.92,0.97,0.99,0.52,0.98,0.92,0.97,0.95,0.98,0.92,0.96,0.79,0.94,0.99,0.97
S4495,Quinine,COC1=CC2=C(C=CN=C2C=C1)C(O)C3CC4CCN3CC4C=C,,-2.751,2.446,2.719,0.965,0.164,0.027,0.007,0.003,-4.61,1.62E-05,0.868,0.8125,2.704,0.1849,0.103,0.953,0.182,0.935,0.042,0.364,0.97,0.942,0.28,0.742,3.316,0.22,0.683,0.9,0.057,0.158,0.323,0.529,0.052,0.226,0.003,0.012,0.941,1.169,3.912,4.26,6.003,0.025,0.004,0.53,0.014,0.121,0.332,0.002,0.207,0.01,0.231,0.251,0.178,324.18,344.006,0.942,4,1,45.59,4,4,10,4,0,21,0.19,5,1,0,0,0,0,0,2,0,0.878,4.516,0.45,73.138,0.831,2,0,0,0,Accepted,Accepted,Accepted,Accepted,0,Molecule 51,C=CC1CN2CCC1CC2C(c1ccnc2c1cc(OC)cc2)O,C20H24N2O2,324.42,24,10,0.45,4,4,1,99.73,45.59,3.36,2.88,2.47,2.23,3.11,2.81,-3.71,0.0632,0.000195,Soluble,-3.5,0.103,0.000318,Soluble,-4.31,0.016,0.0000492,Moderately soluble,High,Yes,No,No,No,No,Yes,No,-6.23,0,0,0,0,0,0.55,0,1,0,4.34,0.91,0.86,0.73,0.98,0.76,0.56,0.96,0.89,0.71,0.68,0.51,0.7,0.59,1,0.97,0.99,0.98,0.91,0.99,1,0.99,0.99,0.96,0.99,0.99,0.9,0.76,0.91,0.71,0.58,0.84,1,1,0.8,0.99,0.72,0.87,0.74,0.82,0.98,0.99,0.73,0.98,0.99,1
S4948,Rucaparib,CNCC1=CC=C(C=C1)C2=C3CCNC(=O)C4=C3C(=CC(=C4)F)[NH]2,,-4.11,2.552,2.834,0.616,0.913,0.005,0.001,0.895,-5.409,9.08E-06,0.685,0.7858,2.676,0.1658,0.977,0.79,0.586,0.072,0.276,0.695,0.893,0.887,0.848,0.197,7.411,0.203,0.811,0.841,0.127,0.852,0.638,0.953,0.349,0.076,0.003,0.01,0.925,1.149,3.961,5.008,6.1,0.005,0.002,0.9,0.007,0.102,0.005,0.016,0.628,0.028,0.012,0.479,0.038,323.14,329.711,0.98,4,3,56.92,3,4,12,5,0,22,0.136,0,1,3,0,0,0,1,2,4,0.694,2.588,0.211,45.652,0.036,0,0,0,0,Accepted,Accepted,Accepted,Accepted,0,Molecule 5,CNCc1ccc(cc1)c1[nH]c2c3c1CCNC(=O)c3cc(c2)F,C19H18FN3O,323.36,24,15,0.21,3,3,3,96.03,56.92,2.48,2.49,2.87,2.6,4.65,3.02,-3.68,0.0679,0.00021,Soluble,-3.33,0.151,0.000467,Soluble,-7.67,0.0000069,2.13E-08,Poorly soluble,High,Yes,Yes,Yes,No,No,Yes,Yes,-6.5,0,0,0,0,0,0.55,0,0,0,2.81,0.75,0.86,0.79,0.83,0.83,0.64,0.93,0.56,0.61,0.84,0.55,0.61,0.54,0.68,0.93,0.96,0.79,0.87,0.95,0.95,0.96,0.96,0.81,0.86,0.91,0.92,0.69,0.75,0.73,0.51,0.93,0.99,0.99,0.6,0.97,0.72,0.93,0.61,0.75,0.53,0.51,0.62,0.69,0.54,0.98
S5187,Ribociclib hydrochloride,Cl.CN(C)C(=O)C1=CC2=CN=C(NC3=NC=C(C=C3)N4CCNCC4)N=C2[N]1C5CCCC5,,-1.39,2.606,2.174,0.35,1,0.019,0.004,0.005,-5.526,1.92E-06,0.83,0.62,1.922,0.4698,0.254,0.512,0.269,0.093,0.064,0.047,0.102,0.231,0.582,0.601,4.948,0.152,0.661,0.997,0.966,0.084,0.516,0.541,0.918,0.833,0.003,0.009,0.951,0.325,2.751,3.595,4.765,0.015,0.003,0.853,0.927,0.213,0.008,0.002,0.73,0.205,0.019,0.356,0.586,434.25,439.254,0.989,9,2,94.44,5,5,9,9,0,29,0.172,0,2,0,0,0,0,0,1,1,0.657,3.354,0.478,65.765,-1.076,1,0,0,0,Accepted,Accepted,Rejected,Accepted,0,Molecule 111,CN(C(=O)c1cc2c(n1C1CCCC1)nc(nc2)Nc1ccc(cn1)N1CCNCC1)C.Cl,C23H31ClN8O,471,33,15,0.48,6,5,2,139.46,91.21,0,2.99,2.84,1.59,1.09,1.7,-4.58,0.0123,0.000026,Moderately soluble,-4.57,0.0127,0.000027,Moderately soluble,-5.51,0.00144,0.00000306,Moderately soluble,High,No,Yes,No,Yes,No,Yes,Yes,-7.05,0,1,0,0,0,0.55,0,0,1,3.55,0.68,0.89,0.8,0.95,0.92,0.56,0.64,0.53,0.59,0.56,0.52,0.68,0.62,0.75,0.97,0.95,0.91,0.81,0.97,0.93,0.95,0.95,0.87,0.85,0.83,0.97,0.79,0.96,0.9,0.6,0.94,0.99,0.99,0.66,0.99,0.55,0.98,0.54,0.86,0.8,0.58,0.53,0.56,0.78,1
S5194,Furosemide sodium,[Na+].N[S](=O)(=O)C1=C(Cl)C=C(NCC2=CC=CO2)C(=C1)C([O-])=O,,-2.131,-0.377,0.699,0.002,0.001,0.005,0.001,0.003,-5.247,3.52E-05,0.005,0.9563,0.372,0.0494,0.063,0.077,0.023,0.061,0.303,0.431,0.006,0.14,0.015,0.124,1.402,0.726,0.092,0.912,0.987,0.006,0.189,0.95,0.031,0.396,0.003,0.018,0.058,0.311,3.057,3.483,4.241,0.758,0.048,0.081,0.003,0.092,0.006,0.004,0.032,0.006,0.016,0.056,0.006,329,281.523,1.169,7,3,125.46,5,2,6,9,-1,14,0.357,0,1,1,0,0,2,1,2,1,0.825,2.769,0.083,15,-1.91,2,0,0,0,Accepted,Accepted,Accepted,Accepted,0,Molecule 17,[O-]C(=O)c1cc(c(cc1NCc1ccco1)Cl)S(=O)(=O)N.[Na+],C12H10ClN2NaO5S,352.73,22,11,0.08,5,6,2,73.52,133.84,-9.98,2.03,1.29,-1.02,0.65,-1.41,-3.35,0.159,0.000451,Soluble,-4.47,0.012,0.000034,Moderately soluble,-4.11,0.0271,0.0000769,Moderately soluble,High,No,Yes,Yes,No,No,No,No,-7.01,0,0,0,1,0,0.55,0,0,1,2.45,0.5,0.74,0.59,0.75,0.79,0.62,0.92,0.83,0.58,0.64,0.69,0.52,0.63,0.88,0.95,0.9,0.97,0.82,0.96,0.93,0.98,0.98,0.94,0.94,0.97,0.79,0.65,0.72,0.88,0.96,0.99,0.98,0.99,0.93,1,0.59,0.94,0.54,0.89,0.92,0.7,0.54,0.69,0.83,0.97
S5489,Prednisone acetate,CC(=O)OCC(=O)C1(O)CCC2C3CCC4=CC(=O)C=CC4(C)C3C(=O)CC12C,,-4.241,1.704,2.267,0.424,0.001,0.094,0.023,0.004,-4.85,2.61E-05,0.983,0.6571,0.411,0.3578,0.006,0.459,0.074,0.695,0.044,0.067,0.006,0.046,0.763,0.918,5.117,0.554,0.019,0.063,0.198,0.061,0.896,0.894,0.034,0.932,0.003,0.014,0.954,0.233,3.875,4.162,4.277,0.874,0.957,0.03,0.243,0.101,0.532,0.019,0.595,0.796,0.442,0.663,0.772,400.19,409.061,0.978,6,1,97.74,4,4,17,6,0,24,0.167,6,1,1,0,0,5,4,2,1,0.577,4.55,0.652,74.789,2.103,1,0,0,0,Accepted,Accepted,Rejected,Accepted,0,Molecule 25,CC(=O)OCC(=O)C1(O)CCC2C1(C)CC(=O)C1C2CCC2=CC(=O)C=CC12C,C23H28O6,400.46,29,0,0.65,4,6,1,105.84,97.74,1.74,2.45,2.34,1.56,3.15,2.25,-3.6,0.1,0.00025,Soluble,-4.15,0.0286,0.0000714,Moderately soluble,-3.48,0.132,0.00033,Soluble,High,No,Yes,No,No,No,No,No,-7,0,0,0,0,0,0.55,0,0,1,5.13,0.98,0.94,0.5,0.63,0.69,0.52,0.99,0.95,0.61,1,0.64,0.5,0.67,1,0.96,1,0.98,0.9,0.99,1,0.99,0.99,0.99,0.99,1,0.51,0.9,0.63,0.82,0.64,0.99,1,1,0.55,1,0.66,0.55,0.96,0.8,1,0.95,0.89,0.94,0.98,0.99
S5785,Norethindrone acetate,CC(=O)OC1(CCC2C3CCC4=CC(=O)CCC4C3CCC12C)C#C,,-4.732,3.382,3.761,0.015,0,0.047,0.796,0.236,-4.678,2.84E-05,0.971,0.9567,0.972,0.0121,0.206,0.743,0.854,0.888,0.789,0.311,0.052,0.119,0.853,0.909,3.174,0.249,0.02,0.08,0.746,0.01,0.164,0.885,0.041,0.888,0.003,0.016,0.853,0.558,3.262,3.889,4.923,0.622,0.868,0.008,0.08,0.671,0.872,0.616,0.762,0.203,0.514,0.93,0.922,340.2,368.031,0.924,3,0,43.37,2,4,17,3,0,23,0.087,6,1,0,1,0,2,1,0,0,0.411,4.632,0.727,68.421,2.122,0,0,0,0,Accepted,Rejected,Accepted,Accepted,0,Molecule 87,C#CC1(CCC2C1(C)CCC1C2CCC2=CC(=O)CCC12)OC(=O)C,C22H28O3,340.46,25,0,0.73,2,3,0,98.36,43.37,3.44,3.64,4.14,4.01,4.24,3.89,-4.11,0.0263,0.0000773,Moderately soluble,-4.24,0.0196,0.0000577,Moderately soluble,-3.8,0.0536,0.000157,Soluble,High,Yes,No,No,No,Yes,No,No,-5.79,0,0,0,0,0,0.55,0,1,1,5.08,0.73,0.65,0.74,0.96,0.5,0.8,0.99,0.97,0.69,0.97,0.54,0.67,0.6,0.99,1,1,0.84,1,1,0.99,0.99,0.99,0.75,0.99,1,0.54,0.9,0.65,0.87,0.7,0.99,1,1,0.81,0.98,0.55,0.69,0.96,0.85,0.97,0.82,0.57,0.95,0.61,1
S5860,Larotrectinib,OC1CCN(C1)C(=O)NC2=C3N=C(C=C[N]3N=C2)N4CCCC4C5=CC(=CC=C5F)F,,-5.026,2.838,3.306,0.269,0.976,0.007,0.002,0.004,-4.918,1.82E-05,0.391,0.9565,1.145,0.0595,0.372,0.834,0.458,0.809,0.518,0.559,0.465,0.899,0.477,0.733,8.339,0.11,0.209,0.978,0.888,0.011,0.388,0.956,0.115,0.79,0.003,0.006,0.865,0.981,1.932,2.848,6.03,0.034,0.003,0.786,0.327,0.179,0.006,0.611,0.766,0.007,0.013,0.543,0.259,428.18,403.594,1.061,8,2,86,5,5,9,10,0,27,0.185,2,1,1,0,0,4,1,0,1,0.67,3.52,0.381,95.897,-1.765,0,0,0,0,Accepted,Accepted,Rejected,Accepted,0,Molecule 34,OC1CCN(C1)C(=O)Nc1cnn2c1nc(cc2)N1CCCC1c1cc(F)ccc1F,C21H22F2N6O2,428.44,31,15,0.38,5,6,2,117.01,86,3.38,1.7,2.51,2.76,1.08,2.29,-3.6,0.109,0.000254,Soluble,-3.12,0.324,0.000756,Soluble,-4.54,0.0124,0.0000288,Moderately soluble,High,No,Yes,Yes,No,No,Yes,No,-7.71,0,0,0,0,0,0.55,0,0,1,4.12,0.53,0.95,0.51,0.96,0.86,0.5,0.94,0.52,0.52,0.58,0.55,0.78,0.73,0.75,0.98,0.96,0.9,0.84,0.96,0.95,0.96,0.96,0.67,0.9,0.82,0.88,0.82,0.9,0.86,0.54,0.94,0.95,0.99,0.78,1,0.7,0.99,0.58,0.83,0.78,0.78,0.57,0.58,0.81,0.99
S5972,Hydrocortisone hemisuccinate,CC12CCC(=O)C=C1CCC3C4CCC(O)(C(=O)COC(=O)CCC(O)=O)C4(C)CC(O)C23,,-4.269,1.482,1.863,0.763,0.01,0.828,0.811,0.197,-5.533,1.96E-05,0.886,0.8596,0.37,0.1473,0.002,0.451,0.014,0.427,0.022,0.951,0.002,0.116,0.029,0.325,5.309,0.895,0.025,0.205,0.09,0.04,0.02,0.932,0.013,0.5,0.003,0.008,0.048,0.075,2.09,3.006,4.187,0.938,0.925,0.016,0.165,0.356,0.596,0.06,0.24,0.021,0.099,0.133,0.056,462.23,463.87,0.996,8,3,138.2,7,4,17,8,0,24,0.292,7,1,1,0,0,5,4,2,1,0.511,4.342,0.76,79.091,1.791,1,0,0,0,Accepted,Accepted,Rejected,Accepted,0,Molecule 9,OC(=O)CCC(=O)OCC(=O)C1(O)CCC2C1(C)CC(O)C1C2CCC2=CC(=O)CCC12C,C25H34O8,462.53,33,0,0.76,7,8,3,118.66,138.2,2.27,2.11,2.2,1.29,2.73,2.12,-3.58,0.123,0.000266,Soluble,-4.64,0.0105,0.0000228,Moderately soluble,-2.99,0.471,0.00102,Soluble,High,No,Yes,No,No,No,No,No,-7.62,0,0,0,1,0,0.56,0,0,1,5.56,0.98,0.97,0.51,0.8,0.63,0.67,0.88,0.81,0.56,1,0.75,0.6,0.67,1,1,1,0.95,0.76,0.98,0.99,0.99,0.99,0.99,1,1,0.51,0.9,0.62,0.82,0.52,0.99,1,1,0.64,0.99,0.65,0.54,0.96,0.8,1,0.99,0.96,0.94,0.99,0.99
S5973,Methylprednisolone Acetate,CC1CC2C3CCC(O)(C(=O)COC(C)=O)C3(C)CC(O)C2C4(C)C=CC(=O)C=C14,,-4.271,2.139,2.511,0.052,0.014,0.811,0.027,0.005,-4.93,3.15E-05,0.993,0.7931,0.642,0.1934,0.007,0.287,0.057,0.738,0.045,0.091,0.007,0.036,0.696,0.923,5.021,0.537,0.033,0.115,0.193,0.051,0.466,0.918,0.039,0.897,0.003,0.011,0.949,0.388,3.446,3.83,4.63,0.888,0.903,0.007,0.13,0.185,0.314,0.011,0.556,0.188,0.524,0.441,0.509,416.22,428.993,0.97,6,2,100.9,4,4,17,6,0,23,0.174,7,1,1,0,0,5,4,2,1,0.542,4.737,0.708,77.561,2.135,1,0,0,0,Accepted,Accepted,Rejected,Accepted,0,Molecule 26,CC(=O)OCC(=O)C1(O)CCC2C1(C)CC(O)C1C2CC(C2=CC(=O)C=CC12C)C,C24H32O6,416.51,30,0,0.71,4,6,2,111.6,100.9,1.76,2.73,2.37,1.86,2.68,2.28,-3.88,0.0551,0.000132,Soluble,-4.5,0.0131,0.0000314,Moderately soluble,-2.93,0.49,0.00118,Soluble,High,No,Yes,No,No,No,No,No,-6.9,0,0,0,0,0,0.55,0,0,1,5.44,0.98,0.98,0.51,0.74,0.67,0.56,0.99,0.93,0.56,1,0.71,0.52,0.73,1,1,1,0.99,1,1,1,0.99,0.99,0.99,1,1,0.53,0.9,0.63,0.81,0.52,1,1,1,0.62,1,0.68,0.53,0.96,0.8,1,0.99,0.95,0.96,1,0.99
S5899,(R)-(-)-Ibuprofen,CC(C)CC1=CC=C(C=C1)C(C)C(O)=O,,-3.701,3.318,3.687,0,0.002,0.003,0.002,0.001,-4.377,3.55E-05,0.463,0.9437,0.238,0.0365,0.079,0.317,0.057,0.91,0.416,0.982,0.004,0.101,0.014,0.195,0.778,0.687,0.018,0.431,0.946,0.004,0.538,0.015,0.17,0.072,0.018,0.586,0.066,0.462,3.418,3.509,3.938,0.044,0.003,0.008,0.009,0.145,0.018,0.795,0.029,0.004,0.044,0.013,0.006,206.13,231.882,0.889,2,1,37.3,4,1,6,2,0,7,0.571,1,0,0,0,0,0,0,0,0,0.822,2.192,0.462,16,0.137,0,0,0,0,Accepted,Rejected,Accepted,Accepted,0,Molecule 12,CC(Cc1ccc(cc1)C(C(=O)O)C)C,C13H18O2,206.28,15,6,0.46,4,2,1,62.18,37.3,2.17,3.5,3.07,3.13,3.15,3,-3.36,0.0909,0.000441,Soluble,-3.97,0.0223,0.000108,Soluble,-3.44,0.0749,0.000363,Soluble,High,Yes,No,No,No,No,No,No,-5.07,0,0,0,0,0,0.85,0,0,1,1.92,0.66,0.89,0.52,0.77,0.71,0.74,0.99,0.99,0.85,0.98,0.59,0.71,0.96,0.99,1,1,0.99,0.9,0.99,0.99,0.99,0.99,0.96,0.99,0.99,0.9,0.78,0.97,0.98,0.96,0.92,0.97,0.99,0.66,0.98,0.92,0.97,0.95,0.98,0.92,0.83,0.62,0.96,0.99,0.98
S6985,Varenicline,C1NCC2CC1C3=CC4=NC=CN=C4C=C23,,-0.983,1.586,1.479,0.008,0.032,0.007,0.153,0.957,-4.653,1.92E-06,0.766,0.2721,3.026,0.7426,0.725,0.312,0.029,0.85,0.005,0.765,0.039,0.879,0.075,0.65,5.95,0.208,0.77,0.886,0.139,0.529,0.337,0.97,0.857,0.074,0.003,0.018,0.939,0.504,4.502,3.472,5.059,0.002,0.003,0.301,0.003,0.049,0.006,0.004,0.02,0.156,0.01,0.014,0.011,211.11,218.986,0.964,3,1,37.81,0,4,15,3,0,19,0,2,0,0,0,0,0,1,1,0,0.722,4.177,0.385,64,0.252,0,0,0,0,Accepted,Accepted,Accepted,Accepted,0,Molecule 74,N1CC2CC(C1)c1c2cc2c(c1)nccn2,C13H13N3,211.26,16,10,0.38,0,3,1,66.38,37.81,2.01,0.79,1.42,1.45,2.43,1.62,-2.11,1.64,0.00776,Soluble,-1.16,14.4,0.0684,Very soluble,-4.31,0.0104,0.0000494,Moderately soluble,High,Yes,Yes,No,No,No,Yes,No,-7.03,0,0,0,0,0,0.55,0,0,1,2.69,0.9,0.91,0.92,0.9,0.87,0.72,0.84,0.54,0.67,0.94,0.67,0.56,0.69,0.79,0.99,0.97,0.91,0.92,0.99,0.98,0.94,0.94,0.91,0.89,0.98,0.98,0.85,0.77,0.76,0.65,0.74,0.99,1,0.5,0.99,0.76,0.89,0.64,0.67,0.5,0.69,0.51,0.74,0.59,0.91
E0167,Tazobactam Sodium,[NaH].CC1(C[N]2C=CN=N2)C(N3C(CC3=O)[S]1(=O)=O)C(O)=O,,-1.661,-1.26,-0.837,0,0.002,0.968,0.994,0.989,-6.169,7.66E-05,0.04,0.2719,0.259,0.7937,0.001,0.667,0.021,0.063,0.005,0.512,0.028,0.055,0.004,0.023,4.273,0.342,0.003,0.874,0.995,0.017,0.01,0.006,0.515,0.196,0.003,0.016,0.005,-0.043,2.078,3.155,3.294,0.003,0.003,0.007,0.002,0.03,0.007,0.005,0.471,0.003,0,0.01,0.001,300.05,251.748,1.192,9,1,122.46,3,3,7,10,0,17,0.176,3,0,0,0,0,3,0,1,0,0.672,4.175,0.6,73.5,-0.306,3,1,0,0,Accepted,Accepted,Accepted,Accepted,0,Molecule 8,OC(=O)C1N2C(=O)CC2S(=O)(=O)C1(C)Cn1ccnn1.[NaH],C10H13N4NaO5S,324.29,21,5,0.6,3,7,1,69.6,130.84,0,-1.98,-0.71,-0.44,-2,-1.03,-0.58,85,0.262,Very soluble,-0.24,185,0.57,Very soluble,-0.25,182,0.56,Soluble,High,No,No,No,No,No,No,No,-9.68,0,1,0,0,0,0.56,0,0,0,4.3,0.58,0.7,0.53,0.91,0.71,0.62,0.9,0.8,0.6,0.97,0.72,0.53,0.52,0.94,0.92,0.98,0.98,0.93,0.97,0.97,0.95,0.95,0.93,0.95,0.98,0.79,0.74,0.86,0.62,0.78,0.96,0.87,0.99,0.88,0.99,0.56,0.89,0.83,0.93,0.96,0.87,0.7,0.82,0.92,0.99
E0177,Hydrocortisone sodium succinate,[Na+].CC12CCC(=O)C=C1CCC3C4CCC(O)(C(=O)COC(=O)CCC([O-])=O)C4(C)CC(O)C23,,-2.894,0.121,0.665,0.989,0.002,0.545,0.762,0.119,-5.145,3.04E-05,0.931,0.8481,0.359,0.1719,0.002,0.71,0.016,0.68,0.027,0.767,0.001,0.092,0.036,0.638,2.074,0.907,0.023,0.128,0.077,0.036,0.031,0.926,0.016,0.694,0.003,0.008,0.038,0.17,2.161,3.184,4.129,0.935,0.933,0.011,0.101,0.423,0.485,0.018,0.209,0.016,0.216,0.164,0.033,461.22,462.552,0.997,8,2,141.03,7,4,17,8,-1,24,0.292,7,1,1,0,0,5,4,2,1,0.555,4.658,0.76,79.091,1.683,1,0,0,0,Accepted,Accepted,Rejected,Accepted,0,Molecule 10,[O-]C(=O)CCC(=O)OCC(=O)C1(O)CCC2C1(C)CC(O)C1C2CCC2=CC(=O)CCC12C.[Na+],C25H33NaO8,484.51,34,0,0.76,7,8,2,116.72,141.03,-11.56,2.11,0.86,1.29,2.73,-0.91,-3.71,0.0942,0.000194,Soluble,-4.7,0.00961,0.0000198,Moderately soluble,-2.99,0.494,0.00102,Soluble,High,No,Yes,No,No,No,No,No,-7.76,0,1,1,1,0,0.55,0,0,1,5.58,0.89,0.97,0.51,0.8,0.63,0.79,0.98,0.81,0.56,0.99,0.76,0.53,0.69,0.99,1,1,0.97,0.59,0.99,0.99,0.99,0.99,0.99,1,1,0.51,0.89,0.62,0.83,0.53,0.99,1,1,0.62,0.99,0.63,0.54,0.96,0.8,1,0.98,0.96,0.94,0.99,0.99
E1029,Miglustat,CCCCN1CC(O)C(O)C(O)C1CO,,-0.71,-0.637,-0.852,0.002,0.026,0.883,0.01,0.131,-5.026,0.001216445,0.302,0.1014,0.888,0.804,0.031,0.066,0.011,0.837,0,0.143,0.006,0.393,0.001,0.048,4.246,0.546,0.046,0.08,0.032,0.07,0.036,0.011,0.069,0.027,0.003,0.018,0.617,0.345,1.6,1.653,2.87,0.094,0.002,0.006,0.003,0.328,0.063,0.003,0.032,0.013,0.007,0.007,0.006,219.15,219.118,1,5,4,84.16,4,1,6,5,0,6,0.667,4,0,0,0,0,0,0,0,0,0.465,3.623,1,20,1.236,0,0,0,0,Accepted,Accepted,Accepted,Accepted,0,Molecule 11,CCCCN1CC(O)C(C(C1CO)O)O,C10H21NO4,219.28,15,0,1,4,5,4,59.53,84.16,1.92,-0.63,-1.84,-1.04,-0.86,-0.49,-0.54,63.4,0.289,Very soluble,-0.66,47.4,0.216,Very soluble,0.6,879,4.01,Soluble,High,No,Yes,No,No,No,No,No,-8.08,0,1,0,0,0,0.55,0,0,1,3.35,0.98,0.59,0.59,0.87,0.65,0.59,0.99,0.81,0.78,0.6,0.69,0.56,0.63,0.99,0.98,0.99,0.99,0.98,0.99,0.99,0.99,0.99,0.99,0.99,0.99,0.76,0.82,0.9,0.81,0.73,0.53,0.99,1,0.57,1,0.75,0.63,0.76,0.9,0.96,0.94,0.81,0.67,0.97,0.98
E0937,Segesterone acetate,CC(=O)OC1(C(C)=O)C(=C)CC2C3CCC4=CC(=O)CCC4C3CCC12C,,-4.729,3.195,3.719,0.627,0,0.04,0.952,0.291,-4.724,2.44E-05,0.898,0.6255,0.676,0.371,0.037,0.427,0.153,0.848,0.307,0.177,0.003,0.212,0.392,0.641,9.212,0.378,0.003,0.373,0.857,0.073,0.22,0.692,0.038,0.945,0.003,0.02,0.882,0.318,3.113,3.852,3.94,0.777,0.755,0.045,0.033,0.71,0.76,0.047,0.183,0.026,0.571,0.81,0.916,370.21,394.117,0.939,4,0,60.44,3,4,17,4,0,24,0.125,6,1,0,0,0,2,1,1,0,0.54,4.694,0.696,72,2.308,0,0,0,0,Accepted,Rejected,Accepted,Accepted,0,Molecule 76,CC(=O)OC1(C(=O)C)C(=C)CC2C1(C)CCC1C2CCC2=CC(=O)CCC12,C23H30O4,370.48,27,0,0.7,3,4,0,104.73,60.44,3.27,2.88,4.19,3.29,4.34,3.59,-3.75,0.0654,0.000176,Soluble,-3.81,0.0575,0.000155,Soluble,-4.42,0.014,0.0000378,Moderately soluble,High,Yes,No,No,No,Yes,No,No,-6.52,0,0,0,0,0,0.55,0,1,1,4.9,0.72,0.85,0.76,0.9,0.61,0.55,0.92,0.97,0.7,0.98,0.54,0.66,0.59,1,1,0.66,0.82,0.95,0.94,0.99,0.96,0.96,0.8,0.98,0.99,0.53,0.92,0.65,0.82,0.64,0.99,1,1,0.74,0.99,0.66,0.58,0.96,0.84,0.99,0.95,0.74,0.97,0.81,1
S7048,Talazoparib (BMN 673),C[N]1N=CN=C1C2C(NC3=CC(=CC4=C3C2=NNC4=O)F)C5=CC=C(F)C=C5,,-4.506,2.685,2.021,0.078,0.989,0.026,0.002,0.01,-5.365,7.69E-06,0.086,0.956139297,1.477,0.029437952,0.964,0.924,0.748,0.072,0.409,0.212,0.031,0.292,0.682,0.086,5.749,0.178,0.552,0.984,0.979,0.885,0.766,0.953,0.298,0.873,0.003,0.013,0.965,0.764,3.307,4.542,5.745,0.002,0.363,0.977,0.015,0.12,0.01,0.309,0.871,0.028,0.113,0.814,0.873,380.12,354.939,1.071,7,3,85.94,1,5,12,9,0,28,0.036,0,2,4,0,0,2,1,1,5,0.46,3.345,0.105,56.571,-0.902,0,1,0,0,Accepted,Accepted,Accepted,Accepted,0,Molecule 7,Fc1ccc(cc1)C1Nc2cc(F)cc3c2c(C1c1ncnn1C)n[nH]c3=O,C19H14F2N6O,380.35,28,21,0.16,2,6,2,101.19,88.49,2.41,2.25,2.57,3.16,3.12,2.7,-4.04,0.0348,0.0000915,Moderately soluble,-3.74,0.0685,0.00018,Soluble,-6.93,0.0000442,0.000000116,Poorly soluble,High,No,Yes,No,Yes,No,No,No,-7.02,0,0,0,0,0,0.55,0,0,1,3.82,0.63,0.92,0.58,0.61,0.9,0.54,0.73,0.57,0.81,0.84,0.54,0.67,0.73,0.54,0.97,0.99,0.92,0.72,0.93,0.95,0.98,0.98,0.82,0.86,0.74,0.91,0.62,0.56,0.96,0.54,0.98,0.9,0.99,0.91,0.99,0.72,0.99,0.69,0.9,0.58,0.77,0.53,0.79,0.66,0.99
S8162,Upadacitinib (ABT-494),CCC1CN(CC1C2=CN=C3C=NC4=C(C=C[NH]4)[N]23)C(=O)NCC(F)(F)F,,-3.777,2.687,2.152,0.003,0.935,0.004,0.002,0.019,-4.77,1.02E-05,0.666,0.721773987,1.19,0.249211617,0.21,0.575,0.894,0.296,0.798,0.527,0.318,0.873,0.823,0.537,6.711,0.283,0.571,0.888,0.724,0.023,0.58,0.985,0.123,0.444,0.003,0.007,0.843,0.34,2.276,4.859,6.449,0.003,0.002,0.35,0.273,0.091,0.01,0.006,0.086,0.009,0.014,0.097,0.035,380.16,345.517,1.1,7,2,78.32,6,4,12,10,0,20,0.3,2,1,1,0,0,0,1,2,3,0.733,3.97,0.471,79.68,-1.099,0,0,0,0,Accepted,Accepted,Accepted,Accepted,0,Molecule 24,CCC1CN(CC1c1cnc2n1c1cc[nH]c1nc2)C(=O)NCC(F)(F)F,C17H19F3N6O,380.37,27,12,0.47,6,6,2,96.54,78.32,2.5,2.69,3.79,1.63,1.76,2.47,-3.83,0.0568,0.000149,Soluble,-3.99,0.0392,0.000103,Soluble,-4.61,0.00942,0.0000248,Moderately soluble,High,No,Yes,Yes,Yes,No,Yes,No,-6.71,0,0,0,0,0,0.55,0,0,1,3.75,0.69,0.9,0.72,0.85,0.89,0.64,0.92,0.59,0.73,0.83,0.52,0.64,0.61,0.68,0.96,0.96,0.84,0.82,0.96,0.94,0.94,0.94,0.82,0.85,0.95,0.96,0.77,0.9,0.91,0.52,0.95,0.99,0.99,0.66,0.99,0.52,0.94,0.6,0.85,0.78,0.76,0.54,0.59,0.64,0.97
S8553,Avapritinib (BLU-285),C[N]1C=C(C=N1)C2=C[N]3N=CN=C(N4CCN(CC4)C5=NC=C(C=N5)C(C)(N)C6=CC=C(F)C=C6)C3=C2,,-4.164,2.542,3.597,0.991,0.564,0.003,0.001,0.004,-4.814,2.03E-05,0.366,0.919143524,2.523,0.118058481,0.215,0.591,0.73,0.196,0.545,0.152,0.034,0.194,0.427,0.926,7.686,0.037,0.812,0.905,0.976,0.209,0.16,0.944,0.071,0.96,0.003,0.005,0.457,1.416,2.878,3.439,4.078,0.002,0.003,0.183,0.976,0.224,0.04,0.016,0.866,0.01,0.006,0.367,0.021,498.24,491.311,1.014,10,2,106.29,5,6,9,11,0,33,0.152,1,2,1,0,0,0,1,1,1,0.394,3.455,0.269,107,-1.684,1,0,0,0,Accepted,Accepted,Rejected,Accepted,0,Molecule 1,Fc1ccc(cc1)C(c1cnc(nc1)N1CCN(CC1)c1ncnn2c1cc(c2)c1cnn(c1)C)(N)C,C26H27FN10,498.56,37,26,0.27,5,7,1,144.37,106.29,3.68,1.86,2.16,2.37,1.18,2.25,-4.29,0.0254,0.0000509,Moderately soluble,-3.71,0.0965,0.000193,Soluble,-6.88,0.0000656,0.000000132,Poorly soluble,High,No,Yes,No,No,Yes,Yes,Yes,-8.02,0,2,0,0,0,0.55,0,0,1,4.34,0.58,0.84,0.82,0.88,0.92,0.51,0.98,0.5,0.66,0.87,0.65,0.64,0.58,0.78,0.98,0.93,0.84,0.81,0.94,0.92,0.95,0.95,0.8,0.75,0.86,0.98,0.91,0.98,0.92,0.72,0.93,0.99,1,0.74,1,0.6,0.96,0.58,0.8,0.76,0.75,0.75,0.54,0.85,0.99
S2345,Podophyllotoxin (Podofilox),COC1=C(OC)C(=CC(=C1)C2C3C(COC3=O)C(O)C4=CC5=C(OCO5)C=C24)OC,,-3.658,2.424,2.021,0.276,0.002,0.002,0.009,0.035,-4.847,4.59E-05,0.093,0.942685776,1.442,0.037532794,0.056,0.977,0.548,0.917,0.088,0.834,0.106,0.788,0.911,0.926,9.551,0.153,0.047,0.122,0.297,0.099,0.109,0.771,0.052,0.346,0.003,0.02,0.516,2.352,4.422,5.723,7.041,0.45,0.107,0.901,0.335,0.116,0.019,0.002,0.123,0.815,0.345,0.578,0.9,414.13,398.152,1.04,8,1,92.68,4,5,16,8,0,26,0.154,4,0,0,0,0,2,4,1,0,0.763,3.752,0.409,94.839,1.515,2,0,0,0,Accepted,Accepted,Rejected,Accepted,0,Molecule 3,COc1cc(cc(c1OC)OC)C1C2C(=O)OCC2C(c2c1cc1OCOc1c2)O,C22H22O8,414.41,30,12,0.41,4,8,1,103.85,92.68,2.83,2.01,2.08,1.43,2.9,2.25,-3.71,0.0812,0.000196,Soluble,-3.58,0.108,0.000261,Soluble,-4.75,0.00734,0.0000177,Moderately soluble,High,No,No,No,No,No,Yes,Yes,-7.4,0,0,0,0,0,0.55,0,0,1,4.64,0.88,0.83,0.65,0.58,0.52,0.53,0.99,0.91,0.66,0.57,0.5,0.56,0.51,1,0.99,0.93,0.98,0.98,0.97,0.92,0.88,0.88,0.99,0.76,1,0.64,0.7,0.79,0.88,0.59,0.99,0.99,0.99,0.66,1,0.61,0.76,0.92,0.8,0.9,0.99,0.93,0.69,1,0.99
S9702,Finerenone,CCOC1=NC=C(C)C2=C1C(C3=CC=C(C=C3OC)C#N)C(=C(C)N2)C(N)=O,,-3.691,2.304,2.015,0.015,0.003,0.047,0.002,0.004,-4.702,1.61E-05,0.096,0.945355301,0.63,0.037486341,0.083,0.682,0.12,0.892,0.34,0.45,0.02,0.44,0.596,0.907,5.907,0.089,0.414,0.873,0.763,0.163,0.189,0.868,0.057,0.137,0.003,0.009,0.291,1.364,3.486,5.397,5.769,0.007,0.01,0.905,0.857,0.061,0.612,0.678,0.069,0.145,0.189,0.45,0.788,378.17,390.096,0.969,7,2,110.59,5,3,10,7,0,19,0.263,2,1,0,0,0,0,0,1,0,0.86,3.708,0.333,62.857,-0.961,2,0,0,0,Accepted,Accepted,Accepted,Accepted,0,Molecule 85,CCOc1ncc(c2c1C(C(=C(N2)C)C(=O)N)c1ccc(cc1OC)C#N)C,C21H22N4O3,378.42,28,12,0.29,5,5,2,108.14,110.26,2.61,2.41,2.41,0.9,3.23,2.31,-3.69,0.077,0.000203,Soluble,-4.37,0.0162,0.0000429,Moderately soluble,-6.21,0.000231,0.000000611,Poorly soluble,High,No,Yes,No,Yes,Yes,No,Yes,-6.9,0,0,0,0,0,0.55,0,0,1,4.2,0.56,0.5,0.57,0.62,0.78,0.56,0.52,0.5,0.72,0.65,0.57,0.56,0.56,0.59,0.91,0.96,0.84,0.88,0.95,0.94,0.87,0.87,0.59,0.65,0.9,0.96,0.76,0.52,0.92,0.76,0.97,1,1,0.59,0.96,0.74,0.9,0.53,0.6,0.66,0.7,0.57,0.54,0.5,1
S1116,Palbociclib (PD-0332991) HCl,Cl.CC(=O)C1=C(C)C2=CN=C(NC3=NC=C(C=C3)N4CCNCC4)N=C2N(C5CCCC5)C1=O,,-3.342,2.514,2.205,0.07,1,0.007,0.035,0.003,-5.589,2.38E-06,0.519,0.6943,2.605,0.327,0.679,0.691,0.462,0.101,0.364,0.049,0.142,0.107,0.902,0.803,3.734,0.055,0.798,0.998,0.967,0.356,0.629,0.509,0.936,0.807,0.003,0.011,0.901,0.951,3.463,4.229,5.739,0.017,0.002,0.88,0.905,0.1,0.011,0.004,0.692,0.144,0.045,0.351,0.514,447.24,451.707,0.99,9,2,108.27,4,5,10,9,0,31,0.129,0,1,0,0,0,1,0,0,1,0.595,3.375,0.458,67.886,-0.726,1,0,0,0,Accepted,Accepted,Rejected,Accepted,0,Molecule 113,CC(=O)c1c(C)c2cnc(nc2n(c1=O)C1CCCC1)Nc1ccc(cn1)N1CCNCC1.Cl,C24H30ClN7O2,483.99,34,16,0.46,5,6,2,143,105.04,0,2.62,3.01,1.83,2.51,1.99,-4.51,0.015,0.0000309,Moderately soluble,-4.48,0.0162,0.0000334,Moderately soluble,-6.49,0.000157,0.000000324,Poorly soluble,High,No,Yes,No,Yes,No,Yes,Yes,-7.39,0,2,0,0,0,0.55,0,0,1,3.65,0.71,0.92,0.6,0.92,0.91,0.57,0.84,0.55,0.65,0.65,0.56,0.76,0.63,0.9,0.97,0.98,0.96,0.91,0.98,0.97,0.97,0.97,0.91,0.92,0.88,0.91,0.76,0.97,0.86,0.6,0.9,0.99,0.99,0.67,0.99,0.72,0.98,0.56,0.94,0.8,0.81,0.51,0.65,0.83,0.99
S1149,Gemcitabine (LY-188011) HCl,Cl.NC1=NC(=O)N(C=C1)C2OC(CO)C(O)C2(F)F,,-1.219,-1.125,-2.105,0.001,0.01,0.862,0.377,0.133,-5.711,0.004554857,0.778,0.0764,0.82,0.8934,0.032,0.557,0.039,0.075,0.005,0.146,0.019,0.176,0.007,0.069,2.763,0.703,0.007,0.967,0.985,0.308,0.052,0.226,0.116,0.886,0.003,0.008,0.052,0.14,1.215,2.169,3.537,0.026,0.002,0.007,0.014,0.111,0.029,0.006,0.07,0.018,0.007,0.007,0.854,263.07,219.484,1.199,7,4,111.33,2,2,6,9,0,13,0.154,3,1,1,0,0,1,3,0,1,0.522,4.379,0.556,53.571,1.141,0,0,0,0,Accepted,Accepted,Accepted,Accepted,0,Molecule 2,OCC1OC(C(C1O)(F)F)n1ccc(nc1=O)N.Cl,C9H12ClF2N3O4,299.66,19,6,0.56,2,7,3,61.79,110.6,0,-0.65,0.04,-0.5,-0.94,-0.41,-1.39,12.2,0.0407,Very soluble,-1.2,18.9,0.0632,Very soluble,-0.34,138,0.459,Soluble,High,No,No,No,No,No,No,No,-8.59,0,0,0,0,0,0.55,0,0,0,3.78,0.92,0.98,0.74,0.96,0.83,0.56,0.6,0.82,0.92,0.88,0.56,0.83,0.8,0.98,0.99,0.99,0.95,0.81,0.98,0.96,0.99,0.99,0.98,1,0.99,0.74,0.77,0.64,0.87,0.76,0.96,0.91,0.97,0.89,0.99,0.62,0.93,0.51,0.8,0.93,0.94,0.81,0.78,0.97,0.96
S1338,Gabapentin HCl,Cl.NCC1(CCCCC1)CC(O)=O,,-0.623,-0.153,-1.679,0.024,0.001,0.005,0.008,0.013,-5.345,1.26E-05,0.91,0.0628,0.804,0.8227,0.024,0.115,0.031,0.098,0.027,0.498,0.06,0.48,0.026,0.052,0.81,0.406,0.013,0.799,0.022,0.038,0.186,0.3,0.087,0.95,0.029,0.237,0.95,0.192,2.534,2.486,3.352,0.427,0.003,0.021,0.009,0.079,0.007,0.045,0.031,0.007,0.031,0.008,0.006,171.13,181.605,0.942,3,3,63.32,3,1,6,3,0,7,0.429,0,0,0,0,0,1,0,0,0,0.674,2.4,0.889,11.941,0.691,0,0,0,0,Accepted,Accepted,Accepted,Rejected,0,Molecule 35,NCC1(CCCCC1)CC(=O)O.Cl,C9H18ClNO2,207.7,13,0,0.89,3,3,2,54.45,63.32,0,-0.3,2.17,1.31,1.24,0.88,-0.74,37.7,0.182,Very soluble,-0.57,56,0.269,Very soluble,-1.35,9.17,0.0442,Soluble,High,Yes,No,No,No,No,No,No,-7.78,0,0,0,0,0,0.55,0,0,1,1.73,0.81,0.78,0.5,0.95,0.58,0.56,0.99,0.69,0.72,0.92,0.52,0.51,0.58,0.99,0.99,0.99,0.97,0.95,0.99,0.98,0.99,0.99,0.96,0.97,0.99,0.81,0.94,0.69,0.89,0.51,0.8,1,1,0.84,0.99,0.72,0.72,0.81,0.9,0.94,0.75,0.86,0.56,0.97,0.97
S1995,Procarbazine HCl,Cl.CNNCC1=CC=C(C=C1)C(=O)NC(C)C,,-1.397,1.012,0.764,0,0.042,0.006,0.001,0.002,-4.811,3.11E-05,0.974,0.2293,2.012,0.754,0.886,0.388,0.099,0.422,0.036,0.689,0.017,0.595,0.02,0.214,8.513,0.419,0.084,0.938,0.329,0.02,0.949,0.033,0.12,0.928,0.003,0.012,0.92,0.48,2.556,3.254,4.074,0,0.001,0.436,0.003,0.635,0.005,0.004,0.855,0.486,0.003,0.266,0.005,221.15,238.786,0.926,4,3,53.16,6,1,6,4,0,7,0.857,0,0,1,0,0,1,1,1,1,0.651,1.99,0.417,7,-1.038,0,1,0,0,Accepted,Accepted,Accepted,Accepted,0,Molecule 90,CNNCc1ccc(cc1)C(=O)NC(C)C.Cl,C12H20ClN3O,257.76,17,6,0.42,6,3,3,71.39,53.16,0,0.86,1.7,2.07,1.24,1.17,-1.85,3.68,0.0143,Very soluble,-1.56,7.1,0.0275,Very soluble,-4.12,0.0194,0.0000752,Moderately soluble,High,Yes,No,No,No,No,No,No,-7.26,0,0,0,0,0,0.55,0,0,0,1.65,0.51,0.59,0.59,0.78,0.72,0.87,0.97,0.9,0.67,0.93,0.52,0.52,0.57,0.72,0.99,0.99,0.99,0.97,0.99,0.99,0.97,0.97,0.98,0.98,0.99,0.83,0.67,0.75,0.88,0.63,0.91,0.99,1,0.73,0.98,0.75,0.89,0.62,0.95,0.51,0.69,0.78,0.61,0.88,0.98
S2133,Gabapentin,NCC1(CCCCC1)CC(O)=O,,-0.623,-0.153,-1.679,0.024,0.001,0.005,0.008,0.013,-5.345,1.26E-05,0.91,0.0628,0.804,0.8227,0.024,0.115,0.031,0.098,0.027,0.498,0.06,0.48,0.026,0.052,0.81,0.406,0.013,0.799,0.022,0.038,0.186,0.3,0.087,0.95,0.029,0.237,0.95,0.192,2.534,2.486,3.352,0.427,0.003,0.021,0.009,0.079,0.007,0.045,0.031,0.007,0.031,0.008,0.006,171.13,181.605,0.942,3,3,63.32,3,1,6,3,0,7,0.429,0,0,0,0,0,1,0,0,0,0.674,2.4,0.889,11.941,0.691,0,0,0,0,Accepted,Accepted,Accepted,Rejected,0,Molecule 36,NCC1(CCCCC1)CC(=O)O,C9H17NO2,171.24,12,0,0.89,3,3,2,47.48,63.32,1.44,-1.1,1.37,1,1.24,0.79,-0.01,167,0.976,Very soluble,0.26,312,1.82,Highly soluble,-1.35,7.56,0.0442,Soluble,High,Yes,No,No,No,No,No,No,-8.13,0,0,0,0,1,0.55,0,0,1,1.63,0.89,0.79,0.52,0.94,0.59,0.53,0.99,0.88,0.75,0.95,0.52,0.56,0.77,0.99,1,0.99,0.99,0.97,0.99,0.99,1,1,0.98,0.99,0.99,0.8,0.97,0.7,0.9,0.57,0.81,1,1,0.84,0.99,0.75,0.71,0.82,0.9,0.95,0.88,0.89,0.64,0.99,0.98
S3072,(R)-baclofen,NCC(CC(O)=O)C1=CC=C(Cl)C=C1,,-1.395,1.02,-0.554,0.001,0.001,0.028,0.002,0.003,-5.263,0.000267925,0.76,0.3177,0.395,0.5405,0.08,0.467,0.035,0.325,0.017,0.88,0.047,0.652,0.013,0.243,4.844,0.741,0.094,0.597,0.051,0.06,0.739,0.868,0.238,0.128,0.014,0.071,0.624,0.379,2.87,2.92,3.699,0.013,0.003,0.024,0.003,0.077,0.018,0.009,0.026,0.006,0.008,0.01,0.006,213.06,206.202,1.033,3,3,63.32,4,1,6,4,0,7,0.571,1,1,1,0,0,1,1,0,0,0.803,2.381,0.3,14,0.05,0,0,0,0,Accepted,Accepted,Accepted,Accepted,0,Molecule 37,NCC(c1ccc(cc1)Cl)CC(=O)O,C10H12ClNO2,213.66,14,6,0.3,4,3,2,55.32,63.32,1.66,-0.96,1.86,1.96,1.87,1.28,-0.61,52.1,0.244,Very soluble,0.12,279,1.3,Highly soluble,-2.89,0.273,0.00128,Soluble,High,Yes,No,No,No,No,No,No,-8.28,0,0,0,0,0,0.55,0,0,1,1.81,0.78,0.8,0.6,0.86,0.63,0.61,0.99,0.82,0.69,0.9,0.61,0.55,0.54,0.98,1,0.99,0.99,0.98,0.98,0.98,0.99,0.99,0.98,0.98,0.99,0.77,0.83,0.51,0.91,0.6,0.84,1,1,0.89,1,0.88,0.89,0.8,0.87,0.9,0.98,0.9,0.76,0.99,0.92
S3211,Thiamine HCl (Vitamin B1),Cl.[Cl-].CC1=NC=C(C[N+]2=CSC(=C2C)CCO)C(=N1)N,,-1.172,-0.044,-1.681,0,0.999,0.409,1,0.998,-5.172,1.82E-05,0.831,0.274,1.082,0.66,0.072,0.218,0.027,0.044,0.002,0.043,0.184,0.401,0.001,0.168,6.681,0.904,0.039,0.904,0.109,0.008,0.064,0.881,0.25,0.772,0.003,0.039,0.684,-0.081,1.439,2.246,3.215,0.005,0.003,0.541,0.724,0.063,0.141,0.005,0.237,0.007,0.029,0.114,0.013,265.11,258.418,1.026,5,3,76.64,4,2,6,6,1,12,0.333,0,0,0,0,0,0,0,1,0,0.702,3.797,0.417,12,-0.051,1,0,0,0,Accepted,Accepted,Accepted,Accepted,0,Molecule 20,OCCc1sc[n+](c1C)Cc1cnc(nc1N)C.Cl.[Cl-],C12H18Cl2N4OS,337.27,20,11,0.42,4,3,2,86.08,104.15,0,2.63,-1.58,0.58,2.54,0.84,-3.73,0.0627,0.000186,Soluble,-4.47,0.0115,0.0000341,Moderately soluble,-3.3,0.168,0.000499,Soluble,High,No,No,No,No,No,No,No,-6.49,0,1,0,0,0,0.55,0,1,0,3.09,0.83,0.71,0.53,0.91,0.8,0.56,0.85,0.79,0.65,0.73,0.51,0.62,0.61,0.97,0.99,0.99,0.95,0.97,0.99,0.98,0.95,0.95,0.96,0.97,0.99,0.91,0.78,0.77,0.78,0.77,0.93,0.99,0.99,0.58,0.99,0.68,0.92,0.7,0.75,0.79,0.76,0.71,0.67,0.78,0.96
S3748,Acamprosate Calcium,CC(=O)NCCC[S]([O-])(=O)=O,,-0.174,-1.9,-2.222,0,0.004,0.985,0.999,0.975,-5.601,3.31E-05,0.977,0.0823,0.645,0.8536,0.004,0.108,0.023,0.062,0.02,0.362,0.005,0.115,0.004,0.035,2.669,0.629,0.038,0.061,0.027,0.056,0.008,0.023,0.094,0.01,0.008,0.203,0.042,0.119,1.82,2.494,1.725,0.006,0.002,0.006,0.003,0.349,0.007,0.004,0.086,0.006,0.006,0.002,0.006,181.04,157.067,1.153,5,2,83.47,5,0,0,6,0,3,1.667,0,0,0,1,0,0,0,1,1,0.448,2.081,0.8,0,-0.59,1,0,0,0,Accepted,Accepted,Accepted,Rejected,0,Molecule 41,CC(=O)NCCCS(=O)(=O)[O-],C5H10NO4S-,180.2,11,0,0.8,5,4,1,37.84,94.68,-0.23,-1.22,0.14,-0.65,-0.92,-0.58,0.14,250,1.38,Highly soluble,-0.27,96,0.533,Very soluble,-0.83,26.5,0.147,Soluble,High,No,No,No,No,No,No,No,-8.27,0,1,0,0,1,0.56,0,1,1,2.21,0.79,0.76,0.5,0.63,0.55,0.72,0.98,0.51,0.61,0.86,0.51,0.76,0.66,0.98,1,0.98,0.99,0.92,0.97,0.98,0.99,0.99,0.98,0.98,0.98,0.75,0.7,0.81,0.85,0.84,0.94,0.99,0.99,0.79,0.99,0.63,0.68,0.76,0.93,0.93,0.88,0.72,0.78,0.95,0.95
S4582,Eflornithine (MDL-71782) hydrochloride hydrate,O.Cl.NCCCC(N)(C(F)F)C(O)=O,,0.397,-2.045,-3.056,0,0.006,0.012,0.004,0.003,-5.993,0.003658538,0.389,0.047217355,0.73,0.889953766,0.012,0.138,0.013,0.067,0.012,0.104,0.003,0.19,0.019,0.093,1.835,0.509,0.009,0.253,0.01,0.229,0.355,0.018,0.318,0.117,0.034,0.091,0.278,0.382,2.501,2.56,3.638,0.019,0.003,0.015,0.002,0.037,0.006,0.003,0.025,0.01,0.004,0.005,0.003,182.09,161.405,1.128,4,5,89.34,5,0,0,6,0,1,5,1,1,0,0,0,1,1,0,0,0.548,3.449,0.833,5,0.781,0,0,0,0,Accepted,Accepted,Accepted,Rejected,0,Molecule 9,NCCCC(C(=O)O)(C(F)F)N.O.Cl,C6H15ClF2N2O3,236.64,14,0,0.83,5,7,4,48.3,98.57,0,-2.59,1.35,-2.82,-0.25,-0.86,0.65,1070,4.51,Highly soluble,1.07,2760,11.7,Highly soluble,-0.41,92.9,0.393,Soluble,High,No,No,No,No,No,No,No,-9.58,0,0,0,0,1,0.55,0,0,1,2.35,0.92,0.79,0.58,0.87,0.82,0.85,0.99,0.59,0.67,0.72,0.57,0.57,0.56,1,0.98,0.99,0.99,0.98,0.99,0.98,0.99,0.99,0.95,0.99,0.99,0.84,0.91,0.7,0.84,0.52,0.59,0.99,0.99,0.88,1,0.64,0.82,0.7,0.86,0.98,0.95,0.77,0.7,0.97,0.98
S3076,Foscarnet Sodium,[Na+].[Na+].[Na+].[O-]C(=O)[P]([O-])([O-])=O,,-0.04,-1.802,-2.542,0.002,0,0.005,0.065,0.769,-4.816,9.66E-05,0.684,0.139489689,0.619,0.847743988,0.008,0.093,0.02,0.05,0.007,0.654,0.019,0.077,0.005,0.022,1.794,0.525,0.009,0.987,0.272,0.959,0.972,0.078,0.917,0.925,0.984,0.981,0.848,0.243,3.487,3.532,2.869,0.039,0.014,0.005,0.003,0.911,0.819,0.002,0.011,0.002,0.021,0.005,0.009,122.95,83.04,1.481,5,0,103.32,1,0,0,6,-3,2,0.5,0,0,0,0,0,0,0,0,0,0.351,4.815,0,0,-0.082,0,0,0,0,Accepted,Accepted,Accepted,Rejected,0,Molecule 170,[O-]C(=O)P(=O)([O-])[O-].[Na+].[Na+].[Na+],CNa3O5P,191.95,10,0,0,1,5,0,15.06,113.13,-21.86,-1.74,-0.62,-2.58,-0.2,-5.4,0.13,260,1.36,Highly soluble,-0.12,145,0.756,Very soluble,1.92,16000,83.2,Soluble,High,No,Yes,No,No,No,No,No,-8.71,0,3,0,0,2,0.55,0,1,1,3.4,0.95,0.99,0.52,0.66,0.84,0.87,0.99,0.73,0.73,0.9,0.68,0.81,0.57,1,1,0.99,0.98,1,1,0.99,0.95,0.95,0.97,0.98,0.99,0.83,0.83,0.61,0.96,0.67,0.84,0.99,0.99,0.66,0.99,0.55,0.6,0.86,0.92,0.92,0.88,0.71,0.87,0.95,0.98
S5022,Varenicline Hydrochloride,Cl.C1NCC2CC1C3=CC4=NC=CN=C4C=C23,,-0.983,1.586,1.479,0.008,0.032,0.007,0.153,0.957,-4.653,1.92E-06,0.766,0.272122593,3.026,0.742627335,0.725,0.312,0.029,0.85,0.005,0.765,0.039,0.879,0.075,0.65,5.95,0.208,0.77,0.886,0.139,0.529,0.337,0.97,0.857,0.074,0.003,0.018,0.939,0.504,4.502,3.472,5.059,0.002,0.003,0.301,0.003,0.049,0.006,0.004,0.02,0.156,0.01,0.014,0.011,211.11,218.986,0.964,3,1,37.81,0,4,15,3,0,19,0,2,0,0,0,0,0,1,1,0,0.722,4.177,0.385,64,0.252,0,0,0,0,Accepted,Accepted,Accepted,Accepted,0,Molecule 85,N1CC2CC(C1)c1c2cc2c(c1)nccn2.Cl,C13H14ClN3,247.72,17,10,0.38,0,3,1,73.34,37.81,0,1.59,2.23,1.72,2.43,1.59,-2.81,0.381,0.00154,Soluble,-2,2.51,0.0101,Very soluble,-4.31,0.0122,0.0000494,Moderately soluble,High,Yes,Yes,No,No,No,No,No,-6.68,0,0,0,0,0,0.55,0,0,1,2.76,0.83,0.9,0.88,0.87,0.87,0.67,0.68,0.51,0.62,0.81,0.61,0.51,0.6,0.82,0.99,0.98,0.9,0.94,0.99,0.99,0.95,0.95,0.94,0.97,0.99,0.98,0.85,0.76,0.76,0.7,0.73,0.99,1,0.51,0.99,0.74,0.9,0.59,0.66,0.62,0.65,0.57,0.73,0.64,0.92
S5964,Gatifloxacin hydrochloride,Cl.COC1=C2N(C=C(C(O)=O)C(=O)C2=CC(=C1N3CCNC(C)C3)F)C4CC4,,-4.256,0.744,-0.469,0.001,0.999,0.003,0.002,0,-4.874,5.23E-06,0.05,0.206567707,2.097,0.805449448,0.049,0.512,0.071,0.437,0.062,0.093,0.042,0.166,0.008,0.152,2.37,0.07,0.268,0.981,0.977,0.064,0.531,0.599,0.187,0.463,0.003,0.01,0.93,0.228,2.34,2.674,4.233,0.859,0.009,0.072,0.003,0.602,0.01,0.02,0.462,0.014,0.006,0.013,0.008,375.16,361.354,1.038,7,2,83.8,4,4,10,8,0,22,0.182,1,2,1,0,1,0,1,1,0,0.85,3.146,0.474,84,-0.225,1,0,0,0,Accepted,Accepted,Accepted,Accepted,0,Molecule 24,COc1c(N2CCNC(C2)C)c(F)cc2c1n(cc(c2=O)C(=O)O)C1CC1.Cl,C19H23ClFN3O4,411.86,28,10,0.47,4,6,2,113.51,83.8,0,0.06,2.38,1.44,2.04,1.18,-2.43,1.52,0.0037,Soluble,-1.37,17.4,0.0423,Very soluble,-3.76,0.0717,0.000174,Soluble,High,No,Yes,No,No,No,No,No,-8.77,0,0,0,0,0,0.55,0,0,1,3.55,0.7,0.95,0.82,0.92,0.84,0.64,0.53,0.63,0.73,0.86,0.6,0.75,0.75,0.95,0.91,0.95,0.98,0.69,0.99,0.99,0.98,0.98,0.97,0.97,0.99,0.69,0.77,0.9,0.77,0.64,0.93,0.99,0.99,0.56,0.99,0.6,0.96,0.74,0.88,0.96,0.8,0.55,0.66,0.92,0.99
E0532,Menotropin,CC(C)(C)CCCCC=O,,-2.849,2.979,3.025,0.01,0,0.003,0.871,0.645,-4.369,1.37E-05,0.985,0.538345642,2.029,0.523371048,0.154,0.657,0.185,0.738,0.072,0.911,0.025,0.571,0.047,0.16,6.606,0.583,0.086,0.025,0.031,0.084,0.036,0.025,0.957,0.29,0.994,0.981,0.938,0.917,3.608,4.091,4.426,0.006,0.003,0.012,0.015,0.514,0.008,0.026,0.027,0.003,0.117,0.016,0.249,142.14,170.374,0.834,1,0,17.07,5,0,0,1,0,1,5,0,1,0,1,0,2,0,1,0,0.435,2.402,0.889,0,1.148,1,1,0,0,Accepted,Rejected,Accepted,Rejected,0,Molecule 91,O=CCCCCC(C)(C)C,C9H18O,142.24,10,0,0.89,5,1,0,45.32,17.07,2.34,2.97,2.79,2.39,2.56,2.61,-2.26,0.776,0.00546,Soluble,-2.99,0.145,0.00102,Soluble,-2.63,0.331,0.00233,Soluble,High,Yes,No,No,No,No,No,No,-5.06,0,1,0,0,2,0.55,0,1,1,1.52,0.74,0.66,0.88,0.82,0.91,0.75,0.99,0.95,0.8,0.99,0.58,0.78,0.93,0.97,0.99,0.99,0.99,0.94,0.99,0.99,0.98,0.98,0.97,1,1,0.72,0.92,0.63,0.95,0.63,0.91,1,1,0.81,1,0.57,0.63,0.88,0.97,0.95,0.92,0.56,0.88,0.99,0.98
S1463,Ofloxacin,CC1COC2=C(N3CCN(C)CC3)C(=CC4=C2N1C=C(C(O)=O)C4=O)F,,-4.121,0.762,-0.283,0.001,0.994,0.005,0.003,0.001,-4.778,1.21E-05,0.211,0.395,2.074,0.7042,0.05,0.417,0.021,0.733,0.065,0.228,0.014,0.203,0.008,0.694,2.326,0.058,0.209,0.894,0.972,0.052,0.084,0.545,0.231,0.372,0.003,0.009,0.713,0.327,2.299,2.802,3.957,0.86,0.012,0.087,0.002,0.547,0.012,0.013,0.465,0.014,0.006,0.014,0.013,361.14,344.058,1.05,7,1,75.01,2,4,12,8,0,23,0.087,1,2,3,0,1,0,1,1,4,0.875,3.098,0.444,83.077,-0.212,1,0,0,0,Accepted,Accepted,Accepted,Accepted,0,Molecule 16,CN1CCN(CC1)c1c(F)cc2c3c1OCC(n3cc(c2=O)C(=O)O)C,C18H20FN3O4,361.37,26,10,0.44,2,6,1,101.83,75.01,2.49,-0.39,1.2,0.72,1.47,1.1,-1.99,3.72,0.0103,Very soluble,-0.72,68.6,0.19,Very soluble,-3.01,0.356,0.000986,Soluble,High,No,Yes,No,No,No,No,No,-8.78,0,0,0,0,0,0.55,0,0,1,3.63,0.64,0.93,0.85,0.89,0.87,0.52,0.99,0.66,0.69,0.99,0.6,0.62,0.81,0.98,0.92,0.98,0.98,0.78,0.98,0.99,0.99,0.99,0.95,0.98,0.99,0.76,0.76,0.91,0.81,0.63,0.92,0.99,1,0.64,0.99,0.62,0.95,0.74,0.86,0.96,0.76,0.55,0.6,0.95,0.99
S2251,(-)-Huperzine A (HupA),C\C=C/1C2CC3=C(C=CC(=O)N3)C1(N)CC(=C2)C,,-2.187,1.66,1.482,0.001,0.951,0.006,0.052,0.001,-5.37,8.85E-06,0.329,0.4138,1.05,0.4657,0.084,0.819,0.207,0.536,0.073,0.262,0.061,0.441,0.241,0.646,7.569,0.648,0.018,0.182,0.056,0.447,0.259,0.805,0.066,0.932,0.003,0.008,0.956,0.225,2.535,2.904,3.853,0.005,0.003,0.122,0.149,0.095,0.009,0.004,0.045,0.014,0.025,0.045,0.008,242.14,259.928,0.932,3,3,58.88,0,3,12,3,0,17,0,2,1,0,0,0,0,0,1,0,0.684,4.941,0.4,60.857,2.321,0,0,0,0,Accepted,Accepted,Accepted,Accepted,0,Molecule 41,C/C=C\1/C2C=C(CC1(N)c1c(C2)[nH]c(=O)cc1)C,C15H18N2O,242.32,18,6,0.4,0,2,2,72.87,58.88,2.2,0.01,1.89,2.21,3.05,1.87,-1.6,6.15,0.0254,Very soluble,-0.8,38.6,0.159,Very soluble,-3.83,0.0357,0.000147,Soluble,High,Yes,Yes,No,No,No,No,No,-7.77,0,0,0,0,0,0.55,0,1,1,4.26,0.73,0.58,0.76,0.74,0.83,0.58,0.94,0.57,0.77,0.8,0.52,0.63,0.62,0.94,0.96,0.99,0.97,0.94,0.98,0.99,0.98,0.98,0.91,0.9,0.96,0.93,0.85,0.69,0.87,0.62,0.88,0.99,0.99,0.97,0.97,0.61,0.77,0.77,0.82,0.85,0.67,0.51,0.59,0.85,1
S2788,Capmatinib (INCB28060),CNC(=O)C1=CC=C(C=C1F)C2=N[N]3C(=CN=C3N=C2)CC4=CC=C5N=CC=CC5=C4,,-4.641,2.725,3.101,0.998,0.007,0.006,0.002,0.003,-4.742,3.68E-05,0.164,0.9462,3.207,0.0229,0.666,0.079,0.677,0.063,0.85,0.668,0.059,0.854,0.767,0.295,9.283,0.375,0.813,0.86,0.964,0.719,0.099,0.948,0.028,0.94,0.003,0.009,0.373,1.248,4.041,5.153,6.131,0.004,0.004,0.675,0.869,0.699,0.015,0.866,0.689,0.621,0.009,0.447,0.561,412.14,410.146,1.005,7,1,85.07,5,5,10,8,0,28,0.179,0,3,2,0,0,0,1,1,3,0.489,2.666,0.087,26,-1.543,0,0,0,0,Accepted,Accepted,Rejected,Accepted,0,Molecule 136,CNC(=O)c1ccc(cc1F)c1cnc2n(n1)c(cn2)Cc1ccc2c(c1)cccn2,C23H17FN6O,412.42,31,25,0.09,5,6,1,113.93,85.07,2.15,2.94,3.85,2.8,3.71,3.09,-4.52,0.0126,0.0000305,Moderately soluble,-4.39,0.0169,0.0000409,Moderately soluble,-8.66,0.0000009,2.18E-09,Poorly soluble,High,No,Yes,Yes,Yes,Yes,Yes,Yes,-6.73,0,0,0,0,0,0.55,0,0,1,3.28,0.55,0.92,0.8,0.68,0.88,0.53,0.98,0.6,0.73,0.83,0.77,0.63,0.64,0.61,0.92,0.99,0.78,0.81,0.93,0.95,0.94,0.94,0.76,0.91,0.9,0.94,0.53,0.64,0.98,0.51,0.99,0.99,1,0.88,0.98,0.59,0.98,0.54,0.85,0.5,0.63,0.51,0.56,0.6,0.99
S4218,Amoxapine,ClC1=CC2=C(OC3=C(C=CC=C3)N=C2N4CCNCC4)C=C1,,-4.045,3.27,2.65,0.988,0.998,0.004,0.001,0.003,-5.048,1.91E-05,0.996,0.8995,2.608,0.1038,0.949,0.619,0.282,0.858,0.082,0.647,0.947,0.923,0.503,0.782,2.962,0.152,0.915,0.929,0.921,0.045,0.906,0.15,0.89,0.094,0.003,0.016,0.973,1.878,4.276,5.673,5.351,0.011,0.004,0.542,0.024,0.203,0.003,0.004,0.196,0.01,0.005,0.219,0.025,313.1,306.899,1.02,4,1,36.86,1,4,15,5,0,23,0.043,0,1,1,0,1,0,1,1,0,0.809,2.401,0.235,45.238,-0.583,0,0,0,0,Accepted,Accepted,Accepted,Accepted,0,Molecule 43,Clc1ccc2c(c1)C(=Nc1c(O2)cccc1)N1CCNCC1,C17H16ClN3O,313.78,22,12,0.24,1,3,1,99.19,36.86,3.04,2.75,2.29,3.35,3.71,3.03,-3.86,0.0438,0.000139,Soluble,-3.18,0.208,0.000662,Soluble,-6.06,0.000276,0.000000879,Poorly soluble,High,Yes,Yes,Yes,No,No,Yes,Yes,-6.26,0,0,0,0,0,0.55,0,0,0,3.57,0.72,0.86,0.81,0.97,0.86,0.67,0.89,0.7,0.52,0.93,0.65,0.64,0.61,0.95,0.99,0.99,1,0.93,0.97,0.99,0.9,0.9,0.87,0.92,0.95,0.96,0.79,0.92,0.69,0.7,0.74,0.99,1,0.54,0.99,0.63,0.94,0.51,0.68,0.52,0.81,0.56,0.95,0.75,0.99
S4642,Dolutegravir Sodium,CC1CCOC2CN3C=C(C(=O)NCC4=C(F)C=C(F)C=C4)C(=O)C(=C3C(=O)N12)O[Na],,-3.572,1.102,0.969,0.053,0.014,0.006,0.016,0.018,-4.649,2.03E-05,0.273,0.9338,0.93,0.0293,0.039,0.117,0.2,0.235,0.378,0.94,0.05,0.172,0.072,0.129,2.721,0.116,0.038,0.991,0.906,0.133,0.125,0.904,0.249,0.562,0.003,0.006,0.067,0.747,2.126,3.015,5.539,0.029,0.003,0.162,0.161,0.204,0.007,0.024,0.661,0.011,0.008,0.027,0.017,418.12,386.917,1.081,8,1,103.7,4,4,14,10,-1,25,0.16,2,3,0,0,0,1,1,0,0,0.791,3.915,0.35,84.259,-1.093,0,0,0,0,Accepted,Accepted,Rejected,Accepted,0,Molecule 1,[Na]Oc1c2n(CC3N(C2=O)C(C)CCO3)cc(c1=O)C(=O)NCc1ccc(cc1F)F,C20H18F2N3NaO5,441.36,31,12,0.35,5,7,1,103.08,89.87,0,2.2,1.8,0.79,0.75,1.11,-3.92,0.0532,0.000121,Soluble,-3.72,0.0838,0.00019,Soluble,-4.84,0.00638,0.0000145,Moderately soluble,High,No,Yes,No,No,No,No,No,-7.43,0,0,0,0,0,0.55,0,0,1,4.26,0.7,0.75,0.67,0.85,0.74,0.6,0.97,0.5,0.64,0.62,0.51,0.65,0.68,0.84,0.93,0.97,0.92,0.8,0.91,0.96,0.92,0.92,0.78,0.87,0.93,0.86,0.69,0.86,0.71,0.59,0.95,0.99,0.99,0.51,0.99,0.68,0.93,0.61,0.93,0.8,0.75,0.54,0.65,0.61,0.98
S1502,Cephalexin,CC1=C(N2C(SC1)C(NC(=O)C(N)C3=CC=CC=C3)C2=O)C(O)=O,,-1.792,-0.11,0.461,0,0.624,0.051,0.003,0.002,-6.224,1.56E-06,0.016,0.1855,0.186,0.7781,0.014,0.046,0.042,0.064,0.085,0.591,0.045,0.157,0.028,0.565,2.375,0.916,0.025,0.591,0.971,0.008,0.115,0.003,0.571,0.041,0.003,0.014,0.025,0.213,2.387,3.258,3.896,0.189,0.016,0.042,0.035,0.119,0.006,0.011,0.465,0.006,0.067,0.02,0.025,347.09,327.828,1.059,7,4,112.73,5,3,8,8,0,18,0.278,3,0,0,0,0,4,2,2,0,0.682,3.364,0.312,62.429,0.265,2,1,0,0,Accepted,Accepted,Accepted,Accepted,0,Molecule 8,NC(c1ccccc1)C(=O)NC1C(=O)N2C1SCC(=C2C(=O)O)C,C16H17N3O4S,347.39,24,6,0.31,5,5,3,92.05,138.03,1.48,0.65,-0.26,0.67,0.14,0.54,-2.26,1.92,0.00552,Soluble,-3.12,0.261,0.000751,Soluble,-2.32,1.68,0.00483,Soluble,High,No,Yes,No,No,No,No,No,-7.96,0,0,0,1,0,0.55,0,0,0,4.41,0.64,0.92,0.58,0.89,0.76,0.65,0.99,0.66,0.57,1,0.74,0.64,0.5,0.92,0.98,0.99,0.98,0.98,0.99,0.99,0.98,0.98,0.94,0.96,0.96,0.82,0.82,0.5,0.75,0.79,0.84,0.95,0.97,0.76,0.99,0.57,0.92,0.79,0.55,0.99,0.99,0.63,0.97,0.99,0.99
S4482,Palbociclib,CC(=O)C1=C(C)C2=CN=C(NC3=NC=C(C=C3)N4CCNCC4)N=C2N(C5CCCC5)C1=O,,-3.342,2.514,2.205,0.07,1,0.007,0.035,0.003,-5.589,2.38E-06,0.519,0.6943,2.605,0.327,0.679,0.691,0.462,0.101,0.364,0.049,0.142,0.107,0.902,0.803,3.734,0.055,0.798,0.998,0.967,0.356,0.629,0.509,0.936,0.807,0.003,0.011,0.901,0.951,3.463,4.229,5.739,0.017,0.002,0.88,0.905,0.1,0.011,0.004,0.692,0.144,0.045,0.351,0.514,447.24,451.707,0.99,9,2,108.27,4,5,10,9,0,31,0.129,0,1,0,0,0,1,0,0,1,0.595,3.375,0.458,67.886,-0.726,1,0,0,0,Accepted,Accepted,Rejected,Accepted,0,Molecule 115,CC(=O)c1c(C)c2cnc(nc2n(c1=O)C1CCCC1)Nc1ccc(cn1)N1CCNCC1,C24H29N7O2,447.53,33,16,0.46,5,6,2,136.03,105.04,3.39,1.81,2.2,1.62,2.51,2.31,-3.78,0.0736,0.000165,Soluble,-3.64,0.104,0.000232,Soluble,-6.49,0.000145,0.000000324,Poorly soluble,High,No,Yes,No,No,Yes,Yes,Yes,-7.74,0,1,0,0,0,0.55,0,0,1,3.57,0.73,0.91,0.63,0.91,0.91,0.59,0.68,0.58,0.67,0.67,0.63,0.72,0.61,0.88,0.96,0.98,0.94,0.91,0.98,0.97,0.98,0.98,0.92,0.92,0.88,0.94,0.76,0.97,0.85,0.57,0.89,0.99,1,0.67,0.99,0.82,0.98,0.57,0.94,0.75,0.8,0.53,0.64,0.84,0.99
E0161,Bictegravir Sodium,[NaH].OC1=C2N(CC3OC4CCC(C4)N3C2=O)C=C(C(=O)NCC5=C(F)C=C(F)C=C5F)C1=O,,-4.141,1.478,1.393,0.009,0.108,0.008,0.022,0.005,-4.722,1.63E-05,0.19,0.9395,1.042,0.033,0.03,0.115,0.21,0.407,0.319,0.928,0.041,0.176,0.099,0.198,3.308,0.086,0.058,0.99,0.864,0.331,0.127,0.949,0.242,0.364,0.003,0.006,0.198,0.783,2.45,3.226,6.305,0.004,0.005,0.183,0.566,0.258,0.006,0.709,0.734,0.006,0.01,0.161,0.319,449.12,403.042,1.114,8,2,100.87,4,5,15,11,0,28,0.143,3,3,0,0,0,1,1,0,0,0.742,4.747,0.381,104.483,-0.379,0,0,0,0,Accepted,Accepted,Rejected,Accepted,0,Molecule 2,Fc1cc(F)c(c(c1)F)CNC(=O)c1cn2CC3OC4CCC(N3C(=O)c2c(c1=O)O)C4.[NaH],C21H19F3N3NaO5,473.38,33,12,0.38,4,8,2,108.24,100.87,0,2.73,2.47,1.65,2.23,1.82,-4.5,0.015,0.0000316,Moderately soluble,-4.5,0.0149,0.0000314,Moderately soluble,-4.65,0.0105,0.0000222,Moderately soluble,High,No,Yes,No,No,No,No,No,-7.25,0,0,0,0,0,0.55,0,0,1,4.94,0.67,0.78,0.6,0.87,0.81,0.73,0.98,0.64,0.56,0.57,0.6,0.76,0.58,0.82,0.97,0.98,0.92,0.87,0.96,0.96,0.94,0.94,0.78,0.88,0.93,0.84,0.83,0.86,0.61,0.66,0.79,0.95,0.98,0.57,0.99,0.73,0.97,0.52,0.93,0.89,0.81,0.52,0.66,0.71,1
S2562,Hydralazine HCl,Cl.N/N=C/1NN=CC2=C1C=CC=C2,,-2.886,1.423,1.844,0,0.002,0.01,0.002,0.003,-4.929,3.18E-06,0.553,0.2645,1.361,0.5151,0.968,0.666,0.722,0.072,0.835,0.765,0.851,0.081,0.855,0.236,5.155,0.65,0.026,0.925,0.956,0.932,0.955,0.444,0.176,0.671,0.004,0.081,0.983,0.505,2.576,3.242,4.438,0.041,0.004,0.928,0.201,0.118,0.03,0.188,0.178,0.116,0.037,0.128,0.032,160.07,160.616,0.997,4,3,67.06,0,2,10,4,0,12,0,0,0,0,0,0,0,0,0,2,0.431,2.917,0,9,-1.22,0,0,0,0,Accepted,Accepted,Accepted,Rejected,0,Molecule 54,N/N=c/1\[nH]ncc2c1cccc2.Cl,C8H9ClN4,196.64,13,10,0,0,2,2,52.39,67.06,0,1.48,1.14,1.54,1.53,1.14,-2.56,0.541,0.00275,Soluble,-2.5,0.629,0.0032,Soluble,-3.01,0.193,0.000979,Soluble,High,Yes,No,No,No,No,No,No,-6.45,0,0,0,0,1,0.55,0,1,1,2.57,0.61,0.65,0.69,0.5,0.85,0.57,0.97,0.81,0.83,0.59,0.55,0.53,0.62,0.78,0.99,0.94,0.53,0.65,0.97,0.99,0.87,0.87,0.7,0.84,0.82,0.97,0.87,0.63,0.91,0.78,0.83,0.97,1,0.67,0.97,0.78,0.95,0.55,0.8,0.52,0.8,0.61,0.59,0.62,0.97
S1215,Carboplatin,,,0.009,-2.303,-2.073,0.007,0,0.004,0.002,0.001,-5.104,6.06E-05,0.401,0.1544,0.241,0.8428,0.007,0.091,0.018,0.098,0.016,0.382,0.003,0.047,0.009,0.055,1.008,0.415,0.001,0.972,0.149,0.967,0.122,0.025,0.426,0.725,0.996,0.974,0.071,0.232,3.054,3.121,3.439,0.128,0.026,0.102,0.009,0.041,0.01,0.095,0.355,0.004,0.076,0.043,0.046,142.03,131.027,1.084,4,0,80.26,2,1,4,4,-2,6,0.333,0,0,0,0,0,1,0,0,0,0.404,3.96,0.667,14.4,0.085,0,0,0,0,Accepted,Accepted,Accepted,Rejected,0,Molecule 85,[O-]C(=O)C1(CCC1)C(=O)[O-].N.N.[Pt+2],C6H12N2O4Pt,371.25,13,0,0.67,2,6,2,37.7,86.74,0,-5.65,-1.7,-1.79,0.15,-1.8,1.55,13200,35.5,Highly soluble,4.49,11500000,30900,Highly soluble,0.3,737,1.99,Soluble,High,No,No,No,No,No,No,No,-12.58,0,2,0,0,1,0.55,0,1,1,1.87,0.72,0.78,0.58,0.55,0.77,0.79,0.99,0.8,0.68,0.81,0.66,0.74,0.63,0.97,0.99,0.98,0.98,0.92,0.92,0.96,0.93,0.93,0.96,0.91,0.91,0.85,0.82,0.52,0.93,0.67,0.89,0.99,1,0.81,1,0.5,0.73,0.8,0.9,0.94,0.58,0.56,0.83,0.93,0.97
S5797,Metyrosine,,,-1.39,-0.401,-1.789,0,0.489,0.009,0.001,0,-5.808,0.003311304,0.045,0.315702095,0.338,0.764803009,0.031,0.136,0.027,0.088,0.02,0.145,0.018,0.298,0.037,0.125,2.15,0.863,0.02,0.23,0.017,0.056,0.35,0.015,0.07,0.074,0.007,0.037,0.103,0.384,2.874,2.726,3.505,0.056,0.006,0.072,0.004,0.107,0.01,0.005,0.043,0.013,0.009,0.031,0.018,195.09,199.781,0.977,4,4,83.55,3,1,6,4,0,7,0.429,1,0,0,0,0,0,0,1,0,0.664,2.514,0.3,18,0.787,1,0,0,0,Accepted,Accepted,Accepted,Rejected,0,Molecule 29,Oc1ccc(cc1)CC(C(=O)O)(N)C,C10H13NO3,195.22,14,6,0.3,3,4,3,52.37,83.55,0.97,-1.89,0.74,-1.39,0.6,-0.19,0.02,205,1.05,Highly soluble,0.66,883,4.52,Highly soluble,-1.68,4.06,0.0208,Soluble,High,No,No,No,No,No,No,No,-8.83,0,0,0,0,1,0.55,0,0,1,1.64,0.93,0.65,0.83,0.83,0.53,0.77,0.99,0.94,0.71,0.66,0.66,0.53,0.69,0.96,0.99,0.99,0.99,0.93,0.96,0.99,0.99,0.99,0.91,0.96,0.99,0.7,0.88,0.67,0.92,0.62,0.81,0.99,1,0.89,1,0.63,0.81,0.8,0.94,0.98,0.98,0.84,0.95,0.98,0.99
S1623,Acetylcysteine,,,-0.688,-0.913,-0.402,0.001,0.004,0.025,0.967,0.241,-6.19,0.000209569,0.223,0.1049,0.272,0.8441,0.004,0.063,0.026,0.051,0.009,0.648,0.008,0.142,0.008,0.015,2.341,0.775,0.005,0.108,0.19,0.943,0.019,0.005,0.332,0.09,0.004,0.061,0.774,0.216,2.457,3.549,3.4,0.015,0.002,0.005,0.003,0.323,0.009,0.009,0.101,0.006,0.013,0.006,0.005,163.03,145.64,1.119,4,2,66.4,4,0,0,5,0,2,2,1,0,0,1,0,2,0,1,0,0.492,2.549,0.6,3,0.222,2,1,0,0,Accepted,Accepted,Accepted,Rejected,0,Molecule 101,SCC(C(=O)O)NC(=O)C,C5H9NO3S,163.19,10,0,0.6,4,3,2,38.85,105.2,0.65,0.36,-0.49,-0.54,-0.36,-0.08,-0.81,25,0.153,Very soluble,-2.13,1.2,0.00735,Soluble,-0.2,104,0.637,Soluble,High,No,No,No,No,No,No,No,-7.04,0,3,0,0,1,0.56,0,1,1,2.08,0.95,0.91,0.55,0.54,0.7,0.71,0.99,0.76,0.66,0.77,0.73,0.54,0.64,0.99,0.99,0.99,1,0.97,0.99,0.99,0.99,0.99,0.99,0.99,0.99,0.8,0.79,0.62,0.87,0.7,0.7,0.98,0.99,0.91,0.99,0.74,0.71,0.79,0.9,0.99,0.99,0.87,0.9,1,0.97
S1466,Calcitriol,,,-4.897,3.712,3.779,0.077,0.001,0.009,0.01,0.004,-4.772,0.0000308,0.399,0.9573,1.5,0.0236,0.048,0.216,0.088,0.424,0.373,0.073,0.007,0.08,0.445,0.368,9.734,0.056,0.202,0.923,0.054,0.029,0.971,0.945,0.416,0.337,0.003,0.008,0.968,1.429,3.77,4.212,4.878,0.013,0.005,0.002,0.462,0.053,0.058,0.87,0.917,0.002,0.882,0.95,0.9,416.33,468.34,0.889,3,3,60.69,6,3,9,3,0,19,0.316,6,0,0,1,0,0,1,0,0,0.52,4.516,0.778,57.5,2.652,0,0,0,0,Accepted,Rejected,Rejected,Accepted,0,Molecule 67,OC1CC(O)C(=C)/C(=C\C=C\2/CCCC3(C2CCC3C(CCCC(O)(C)C)C)C)/C1,C27H44O3,416.64,30,0,0.78,6,3,3,127.4,60.69,3.69,3.43,5.7,1.41,3.6,3.2,-4.53,0.0116,0.0000296,Moderately soluble,-5.12,0.00298,0.00000758,Moderately soluble,-7.43,0.0000145,3.69E-08,Poorly soluble,High,No,No,Yes,Yes,Yes,Yes,Yes,-6.26,0,0,0,0,0,0.55,0,0,1,3.34,0.99,0.94,0.69,0.98,0.54,0.51,0.99,0.69,0.88,0.59,0.55,0.82,0.98,1,0.98,0.97,0.99,0.85,0.97,0.99,0.8,0.8,0.99,0.62,0.99,0.74,0.97,0.75,0.84,0.63,0.98,1,1,0.84,0.98,0.51,0.65,0.96,0.89,0.97,0.73,0.65,0.9,0.76,1
S2208,Quinine HCl Dihydrate,,,-4.837,3.113,2.575,0.989,0,0.005,0.011,0.893,-4.861,2.90E-05,0.152,0.9046,0.622,0.0556,0.104,0.756,0.261,0.871,0.246,0.359,0.026,0.869,0.132,0.498,17.378,0.557,0.014,0.285,0.465,0.033,0.127,0.896,0.071,0.321,0.003,0.014,0.393,0.494,4.363,3.538,4.58,0.29,0.174,0.002,0.096,0.256,0.787,0.223,0.372,0.046,0.231,0.275,0.279,302.19,321.416,0.94,3,0,51.21,0,4,17,3,0,23,0,6,1,0,0,0,3,1,0,0,0.645,4.096,0.842,70,2.367,0,0,0,1,Accepted,Accepted,Accepted,Accepted,0,Molecule 5,O=C1CCC2(C(=C1O)CCC1C2CCC2(C1CCC2=O)C)C,C19H26O3,302.41,22,0,0.79,0,3,1,85.97,54.37,2.6,2.6,3.97,2.62,3.65,3.09,-3.35,0.134,0.000444,Soluble,-3.39,0.123,0.000406,Soluble,-3.82,0.0462,0.000153,Soluble,High,Yes,Yes,No,No,No,No,No,-6.3,0,0,0,0,0,0.55,0,0,0,4.5,0.85,0.85,0.88,0.88,0.63,0.5,0.9,0.87,0.82,0.96,0.6,0.59,0.56,1,1,1,1,1,1,0.99,0.99,0.99,0.99,0.99,1,0.7,0.99,0.67,0.87,0.89,0.99,1,1,0.87,0.99,0.59,0.65,0.97,0.88,0.99,0.78,0.5,0.97,0.82,1
